qid,state_name,lat,lon,name_en,name_hi,name_ta,name_te,name_kn,name_ml,name_bn,name_or,name_mr,name_gu,image_url,deity,religion,architecture_style,commissioned_by,founded_by,inception,heritage_status,inscription,commons_category,wiki_image_url,best_image_url,image_license,image_author,wikipedia_en,asi_id
Q101256627,Karnataka,13.863598,75.205368,Humcha Jain temples,,,,,,,,,,http://commons.wikimedia.org/wiki/Special:FilePath/Outside%20view%20of%20Basadi%20in%20Humcha.jpg?width=640,,,,,,,Monument of National Importance,,Humcha Basadis,https://upload.wikimedia.org/wikipedia/commons/4/41/Outside_view_of_Basadi_in_Humcha.jpg,https://upload.wikimedia.org/wikipedia/commons/4/41/Outside_view_of_Basadi_in_Humcha.jpg,,,https://en.wikipedia.org/wiki/Humcha_Jain_temples,N-KA-B172
Q105605675,Tamil Nadu,8.275278,77.170639,"Parthasarathy temple, Parthivapuram",,,,,,"পার্থসারথি মন্দির, পার্থিবপুরম",,,,http://commons.wikimedia.org/wiki/Special:FilePath/Parthasarathy%20Temple%2C%20Parthivapuram.%20Kanyakumari%2C%20Tamil%20Nadu%20-%205.jpg?width=640,,,,,,,Monument of National Importance,,"Parthasarathi Temple, Parthivapuram",https://upload.wikimedia.org/wikipedia/commons/6/63/Parthasarathi_and_Krishna_Temples%2C_Parthivapuram._Kanyakumari.jpg,https://upload.wikimedia.org/wikipedia/commons/6/63/Parthasarathi_and_Krishna_Temples%2C_Parthivapuram._Kanyakumari.jpg,,,"https://en.wikipedia.org/wiki/Parthasarathy_temple,_Parthivapuram",N-TN-T16
Q1061529,Karnataka,12.272475,76.670703,Chamundeshwari Temple,chamudi temple,சாமுண்டி கோயில்,"చాముండేశ్వరి దేవాలయం, మైసూరు",ಚಾಮುಂಡೇಶ್ವರಿ ದೇವಾಸ್ಥಾನ,ചാമുണ്ഡേശ്വരി ക്ഷേത്രം,চামুণ্ডেশ্বরী মন্দির,,,,http://commons.wikimedia.org/wiki/Special:FilePath/Chamundeshwari%20Temple.jpg?width=640,,,,,,,State Protected Monument,,Chamundeshwari Temple,https://upload.wikimedia.org/wikipedia/commons/d/d1/Chamundeshwari_Temple_Mysore.jpg,https://upload.wikimedia.org/wikipedia/commons/d/d1/Chamundeshwari_Temple_Mysore.jpg,Public domain,Rithwik,https://en.wikipedia.org/wiki/Chamundeshwari_Temple,S-KA-566
Q106606477,Andhra Pradesh,15.133722,78.673945,"Sri Lakshmi Narasimha Swamy Temple, Ahobilam",,,,,,,,,,http://commons.wikimedia.org/wiki/Special:FilePath/Prahlada%20Varada%20Temple%2C%20Ahobilam%20under%20renovation%2C%20January%202020.jpg?width=640,,,,,,,State Protected Monument,,"Sri Lakshmi Narasimha Swamy Temple, Ahobilam",,http://commons.wikimedia.org/wiki/Special:FilePath/Prahlada%20Varada%20Temple%2C%20Ahobilam%20under%20renovation%2C%20January%202020.jpg?width=640,,,,S-AP-252
Q107546783,Andhra Pradesh,16.962028,82.051944,Veerabhadra temple,,,,,,,,,,http://commons.wikimedia.org/wiki/Special:FilePath/9th%20century%20Virabhadra%20temple%2C%20Biccavolu%20Andhra%20Pradesh%20-%2009.jpg?width=640,,,,,,,Monument of National Importance,,"Virabhadra Gudi, Biccavolu",,http://commons.wikimedia.org/wiki/Special:FilePath/9th%20century%20Virabhadra%20temple%2C%20Biccavolu%20Andhra%20Pradesh%20-%2009.jpg?width=640,CC0,G.N. Subrahmanyam,,N-AP-40
Q108063681,West Bengal,26.280451,89.468363,Siddhanath Shiva temple,,,,,,,,,,http://commons.wikimedia.org/wiki/Special:FilePath/Siddhanath%20Siva%20temple%20at%20Dhauluabari%20under%20Cooch%20Behar%20district%20in%20West%20Bengal%2001.jpg?width=640,,,,,,,State Protected Monument,,"Siddhanath Shiva temple, Ghughumari",,http://commons.wikimedia.org/wiki/Special:FilePath/Siddhanath%20Siva%20temple%20at%20Dhauluabari%20under%20Cooch%20Behar%20district%20in%20West%20Bengal%2001.jpg?width=640,,,,S-WB-48
Q108067296,Dadra and Nagar Haveli and Daman and Diu,20.406770,72.834230,Church of Bom Jesus,,,,,,,,,,http://commons.wikimedia.org/wiki/Special:FilePath/Daman%20Bom%20Jesus%20Church.JPG?width=640,,Catholicism,,,,,Heritage of Portuguese Influence; Monument of National Importance,,Church of Bom Jesus,,http://commons.wikimedia.org/wiki/Special:FilePath/Daman%20Bom%20Jesus%20Church.JPG?width=640,CC BY-SA 3.0,Pradeep717,,N-DD-7
Q1092799,Maharashtra,20.024823,75.169930,Grishneshwar temple,घृष्णेश्वर मन्दिर,"கிரிஸ்னேஸ்வரர் கோயில், ஔரங்கபாத்",ఘృష్ణేశ్వర్ జ్వోతిర్లింగం,ಶ್ರೀ ಗೃಷ್ಣೇಶ್ವರ ಜ್ಯೋತಿರ್ಲಿಂಗ,ഘൃഷ്ണേശ്വർ,ঘৃষ্ণেশ্বর মন্দির,ଘୃଷ୍ଣେଶ୍ୱର ମନ୍ଦିର,घृष्णेश्वर,ઘૃષ્ણેશ્વર,http://commons.wikimedia.org/wiki/Special:FilePath/Grishneshwar%20temple%20in%20Aurangabad%20district.jpg?width=640,Shiva,,,,,,Monument of National Importance,,Grishneshwar Temple,https://upload.wikimedia.org/wikipedia/commons/a/ad/Grishneshwar_temple_in_Aurangabad_district.jpg,https://upload.wikimedia.org/wikipedia/commons/a/ad/Grishneshwar_temple_in_Aurangabad_district.jpg,CC BY-SA 3.0,Rashmi.parab,https://en.wikipedia.org/wiki/Ghrishneshwar_Temple,N-MH-A39
Q110347658,Andhra Pradesh,,,Kanchragudi,,,,,,,,,,http://commons.wikimedia.org/wiki/Special:FilePath/9th%20century%20Kancana%20Gudi%2C%20Biccavolu%20Andhra%20Pradesh%20-%2008.jpg?width=640,,,,,,,Monument of National Importance,,"Kancana Gudi, Biccavolu",,http://commons.wikimedia.org/wiki/Special:FilePath/9th%20century%20Kancana%20Gudi%2C%20Biccavolu%20Andhra%20Pradesh%20-%2008.jpg?width=640,CC0,G.N. Subrahmanyam,,N-AP-37
Q110347712,Andhra Pradesh,,,Nakkalagudi,,,,,,,,,,http://commons.wikimedia.org/wiki/Special:FilePath/9th%20century%20Nakkula%20temple%2C%20Biccavolu%20Andhra%20Pradesh%20-%2012.jpg?width=640,,,,,,,Monument of National Importance,,"Nakkula Gudi, Biccavolu",,http://commons.wikimedia.org/wiki/Special:FilePath/9th%20century%20Nakkula%20temple%2C%20Biccavolu%20Andhra%20Pradesh%20-%2012.jpg?width=640,CC0,G.N. Subrahmanyam,,N-AP-39
Q11058991,Odisha,20.216667,85.870833,"Chausath Yogini Temple, Hirapur","चौसठ योगिनी मंदिर, हीरापुर","யோகினி கோயில், ஒடிசா",చౌసతీ జోగిని ఆలయం,ಚೌಸತಿ ಜೋಗಿನಿ ದೇವಾಲಯ,ചൗസതി ജോകിനി ക്ഷേത്രം,চৌষট্টি যোগিনী মন্দির,ଚଉଷଠି ଯୋଗିନୀ ମନ୍ଦିର,चौसष्ठ योगिनी मंदिर,,http://commons.wikimedia.org/wiki/Special:FilePath/Chausathi%20Yogini%20temple%20Hirapur%20%2812%29.jpg?width=640,,,,,,,Monument of National Importance,,"Chausath Yogini Temple, Hirapur",https://upload.wikimedia.org/wikipedia/commons/3/3b/Chausath_Yogini_Temple_-_Outside.JPG,https://upload.wikimedia.org/wikipedia/commons/3/3b/Chausath_Yogini_Temple_-_Outside.JPG,CC BY-SA 3.0,Rohit Agarwal,"https://en.wikipedia.org/wiki/Chausath_Yogini_Temple,_Hirapur",N-OR-69
Q110823714,Maharashtra,18.272384,74.160418,"Khandoba Temple, Jejuri",खंडोबा मंदिर (जेजुरी),கண்டோபா கோயில் (ஜெசூரி),,,,"খন্ডোবা মন্দির, জেজুরী",,खंडोबा मंदिर (जेजुरी),,http://commons.wikimedia.org/wiki/Special:FilePath/Khandoba%20temple%20Pune.jpg?width=640,,,,,,,State Protected Monument,,"Khandoba Temple, Jejuri",https://upload.wikimedia.org/wikipedia/commons/c/c1/Khandoba_temple_Pune.jpg,https://upload.wikimedia.org/wikipedia/commons/c/c1/Khandoba_temple_Pune.jpg,CC BY-SA 4.0,PKharote,"https://en.wikipedia.org/wiki/Khandoba_Temple,_Jejuri",S-MH-207
Q112912431,Rajasthan,26.000556,76.363889,Chamatkarji Jain Temple,,,,,,,,,,http://commons.wikimedia.org/wiki/Special:FilePath/Chamatkarji%20Jain%20temple%20%283%29.jpg?width=640,,,,,,,Monument of National Importance,,Chamatkarji Jain temple,https://upload.wikimedia.org/wikipedia/commons/9/9f/Chamatkarji_Jain_temple_%283%29.jpg,https://upload.wikimedia.org/wikipedia/commons/9/9f/Chamatkarji_Jain_temple_%283%29.jpg,CC BY-SA 4.0,Pratyk321,https://en.wikipedia.org/wiki/Chamatkarji,N-RJ-99
Q1144279,Tamil Nadu,12.616389,80.198611,Shore Temple,महाबलिपुरम के तट मन्दिर,மாமல்லபுரம் கடற்கரைக் கோயில்,షోర్ దేవాలయం,ಶೋರ್ ಟೆಂಪಲ್,ഷോർ ക്ഷേത്രം,,,,mahabalipuram,http://commons.wikimedia.org/wiki/Special:FilePath/Mamallapuram.jpg?width=640,,,,,Narasimhavarman II,0732-01-01T00:00:00Z,Monument of National Importance,,Shore Temple,https://upload.wikimedia.org/wikipedia/commons/7/74/Shore_Temple_-Mamallapuram_-Tamil_Nadu_-N-TN-C55.jpg,https://upload.wikimedia.org/wikipedia/commons/7/74/Shore_Temple_-Mamallapuram_-Tamil_Nadu_-N-TN-C55.jpg,,,https://en.wikipedia.org/wiki/Shore_Temple,N-TN-C55
Q115408600,Chhattisgarh,19.137181,81.382853,"Chandraditya temple, Barsur",,,చంద్రాదిత్య దేవాలయం,"ಚಂದ್ರಾದಿತ್ಯ ದೇವಸ್ಥಾನ, ಬರಸೂರು",,,,,,http://commons.wikimedia.org/wiki/Special:FilePath/012%2001%202022%20Barsur%20Chandraditya%20Temple%20Chattisgarh%20012.jpg?width=640,,,,,,,Monument of National Importance,,"Chandraditya temple, Barsur",https://upload.wikimedia.org/wikipedia/commons/4/44/012_01_2022_Barsur_Chandraditya_Temple_Chattisgarh_012.jpg,https://upload.wikimedia.org/wikipedia/commons/4/44/012_01_2022_Barsur_Chandraditya_Temple_Chattisgarh_012.jpg,CC0,Ms Sarah Welch,https://en.wikipedia.org/wiki/Chandratiya_Temple,N-CT-41
Q115463941,Chhattisgarh,19.199650,81.740512,Narayanpal Temple,नारायणपाल मंदिर,,,,,,,,,http://commons.wikimedia.org/wiki/Special:FilePath/0011122%20Narayanpal%20Vishnu%20Mandir%20Chhattisgarh%20017.jpg?width=640,,,,,,,Monument of National Importance,,"Narayanpal Temple, Chhattisgarh",https://upload.wikimedia.org/wikipedia/commons/a/ab/0011122_Narayanpal_Vishnu_Mandir_Chhattisgarh_009.jpg,https://upload.wikimedia.org/wikipedia/commons/a/ab/0011122_Narayanpal_Vishnu_Mandir_Chhattisgarh_009.jpg,CC0,Ms Sarah Welch,https://en.wikipedia.org/wiki/Narayanpal_Temple,N-CT-4
Q115553807,Madhya Pradesh,22.105722,80.556861,"Joda Temple, Baihar",,,,,,,,,,http://commons.wikimedia.org/wiki/Special:FilePath/0010422%2012th%20century%20Joda%20Temple%2C%20Baihar%20Madhya%20Pradesh%20011.jpg?width=640,,,,,,,Monument of National Importance,,"Joda Temple, Baihar",,http://commons.wikimedia.org/wiki/Special:FilePath/0010422%2012th%20century%20Joda%20Temple%2C%20Baihar%20Madhya%20Pradesh%20011.jpg?width=640,CC0,Ms Sarah Welch,,N-MP-1
Q115977989,Madhya Pradesh,24.399244,80.447300,"Chaumukhnath Mahadeva temple, Nachna",,,,,,,,,,http://commons.wikimedia.org/wiki/Special:FilePath/0122221%20Chaturmukh%20Mahadeva%20temple%2C%20Nachna%20Madhya%20Pradesh%20006.jpg?width=640,,,,,,,Monument of National Importance,,"Chaumukhnath Mahadeva temple, Nachna",,http://commons.wikimedia.org/wiki/Special:FilePath/0122221%20Chaturmukh%20Mahadeva%20temple%2C%20Nachna%20Madhya%20Pradesh%20006.jpg?width=640,CC0,Ms Sarah Welch,,N-MP-217
Q116796563,Madhya Pradesh,22.245972,76.155889,"Siddheshwar temple, Omkareshwar Mandhata",,,,,,,,,,http://commons.wikimedia.org/wiki/Special:FilePath/0102621%20Siddheshwara%20temple%2C%20Siddhanatha%2C%20Omkareswar%20Madhya%20Pradesh%20030.jpg?width=640,,,,,,,State Protected Monument,,"Siddheshwar temple, Omkareshwar Mandhata",,http://commons.wikimedia.org/wiki/Special:FilePath/0102621%20Siddheshwara%20temple%2C%20Siddhanatha%2C%20Omkareswar%20Madhya%20Pradesh%20030.jpg?width=640,CC0,Ms Sarah Welch,,S-MP-132
Q1171865,Uttar Pradesh,24.526944,78.240000,"Dashavatara Temple, Deogarh","दशावतारा मंदिर, देवगढ़",தசாவதாரக் கோயில்,"దశావతార ఆలయం, దేవగఢ్","ದಶಾವತಾರ ದೇವಸ್ಥಾನ,ದಿಯೋಗರ್",,দশাবতার মন্দির,,,,http://commons.wikimedia.org/wiki/Special:FilePath/Deogarh01.jpg?width=640,,Vaishnavism,Hindu temple architecture,,,0500-01-01T00:00:00Z,Monument of National Importance,,Deogarh,https://upload.wikimedia.org/wikipedia/commons/6/65/Deogarh01.jpg,https://upload.wikimedia.org/wikipedia/commons/6/65/Deogarh01.jpg,CC BY-SA 2.0,byron aihara,"https://en.wikipedia.org/wiki/Dashavatara_Temple,_Deogarh",N-UP-L206
Q117231222,Gujarat,21.526667,70.523056,"Neminath Jain Temple, Girnar",,,,,,,,,,http://commons.wikimedia.org/wiki/Special:FilePath/TEMPLE%20OF%20NEMINATHA%20ON%20MOUNT%20GIRNAR.jpg?width=640,,,Māru-Gurjara architecture,,,,State Protected Monument,,"Neminath temple, Girnar",https://upload.wikimedia.org/wikipedia/commons/9/9b/Neminath_Girnar.jpg,https://upload.wikimedia.org/wikipedia/commons/9/9b/Neminath_Girnar.jpg,,,"https://en.wikipedia.org/wiki/Neminath_Jain_Temple,_Girnar",S-GJ-364
Q12060832,Odisha,20.131731,85.092373,"Jagannath Temple, Nayagarh",,,,,,,,,,http://commons.wikimedia.org/wiki/Special:FilePath/Jagannath%20Temple%2C%20Nayagarh.jpg?width=640,,,,,,,State Protected Monument,,,https://upload.wikimedia.org/wikipedia/commons/1/12/Jagannath_Temple%2C_Nayagarh.jpg,https://upload.wikimedia.org/wikipedia/commons/1/12/Jagannath_Temple%2C_Nayagarh.jpg,CC BY 3.0,Sanshlistha m,"https://en.wikipedia.org/wiki/Jagannath_Temple,_Nayagarh",S-OR-180
Q12060940,Kerala,10.063902,76.545428,Kallil Temple,,கல்லில் கோயில்,,,കല്ലിൽ ഭഗവതി ക്ഷേത്രം,,,,,http://commons.wikimedia.org/wiki/Special:FilePath/Kallil%20Temple%20DSC%201650%2046.jpg?width=640,,,rock-cut architecture,,,,State Protected Monument,,Kallil Temple,https://upload.wikimedia.org/wikipedia/commons/0/05/Kallil_temple_-_2.jpg,https://upload.wikimedia.org/wikipedia/commons/0/05/Kallil_temple_-_2.jpg,CC BY 3.0,നിരക്ഷരൻ at Malayalam Wikipedia.,https://en.wikipedia.org/wiki/Kallil_Temple,S-KL-15
Q12062031,Tamil Nadu,10.541667,78.519167,Moovar Koil,मूवर कोइल,"மூவர் கோயில், கொடும்பாளூர்",మూవర్ కోయిల్,,,,,,,http://commons.wikimedia.org/wiki/Special:FilePath/Moovar%20koil.jpg?width=640,,,,,,,Monument of National Importance,,Moovar Koil,https://upload.wikimedia.org/wikipedia/commons/c/c4/Moovar_Koil_Temple.jpg,https://upload.wikimedia.org/wikipedia/commons/c/c4/Moovar_Koil_Temple.jpg,CC BY-SA 4.0,Kasiarunachalam,https://en.wikipedia.org/wiki/Moovar_Koil,N-TN-T58
Q12062312,Madhya Pradesh,24.853306,79.922695,Nandi Temple,नन्दी मन्दिर,கஜூரஹோ நந்திக்கோவில்,"నంది ఆలయం, ఖజురహో",,നന്ദി ക്ഷേത്രം,,,,,http://commons.wikimedia.org/wiki/Special:FilePath/Khajuraho%20India%2C%20Nandi%20Temple%2001.JPG?width=640,,,,,,,Monument of National Importance,,Nandi Temple Khajuraho,https://upload.wikimedia.org/wikipedia/commons/e/ed/Khajuraho_India%2C_Nandi_Temple_01.JPG,https://upload.wikimedia.org/wikipedia/commons/e/ed/Khajuraho_India%2C_Nandi_Temple_01.JPG,CC BY-SA 3.0,Rajenver,"https://en.wikipedia.org/wiki/Nandi_Temple,_Khajuraho_India",N-MP-20
Q12065367,Madhya Pradesh,24.853167,79.921945,Parvati Temple,,,"పార్వతి ఆలయం, ఖజురహో",,പാർവതി ക്ഷേത്രം,,,,,http://commons.wikimedia.org/wiki/Special:FilePath/India-5752%20-%20Flickr%20-%20archer10%20%28Dennis%29.jpg?width=640,,,,,Chandelas of Jejakabhukti,,Monument of National Importance,,Parvati Temple Khajuraho,https://upload.wikimedia.org/wikipedia/commons/2/2b/India-5752_-_Flickr_-_archer10_%28Dennis%29.jpg,https://upload.wikimedia.org/wikipedia/commons/2/2b/India-5752_-_Flickr_-_archer10_%28Dennis%29.jpg,CC BY-SA 2.0,Dennis G. Jarvis,"https://en.wikipedia.org/wiki/Parvati_Temple,_Khajuraho",N-MP-21
Q124018536,Uttarakhand,30.415972,79.314083,"Vaitarani Kund and Temples, Gopeshwar",,,,,,,,,,http://commons.wikimedia.org/wiki/Special:FilePath/0052323%20Vaitarani%20kund%20and%20group%20of%20temples%2C%20Gopeshwar%20Uttarakhand%20148.jpg?width=640,,,,,,,State Protected Monument,,"Vaitarani Kund and Temples, Gopeshwar",,http://commons.wikimedia.org/wiki/Special:FilePath/0052323%20Vaitarani%20kund%20and%20group%20of%20temples%2C%20Gopeshwar%20Uttarakhand%20148.jpg?width=640,CC0,Ms Sarah Welch,,S-UT-10
Q12419620,Rajasthan,25.752800,71.097700,Kiradu temples,किराड़ू का मंदिर,கிராடு கோயில்கள்,కిరాడు దేవాలయాలు,,,,,,,http://commons.wikimedia.org/wiki/Special:FilePath/Kiradu%20ke%20Mandir%20-%20Barmer%20-%20Rajasthan%20-%20011.jpg?width=640,,,,,,,State Protected Monument,,Kiradu temples,https://upload.wikimedia.org/wikipedia/commons/5/5e/The_Kiradu_Temples_in_perspective_%28cropped%29.jpg,https://upload.wikimedia.org/wikipedia/commons/5/5e/The_Kiradu_Temples_in_perspective_%28cropped%29.jpg,,,https://en.wikipedia.org/wiki/Kiradu_temples,S-RJ-40
Q12426499,Madhya Pradesh,24.854423,79.920066,Chitragupta Temple,"चित्रगुप्त मन्दिर,खजुराहो",கஜூரஹோ சித்திரகுப்தர் கோயில்,"చిత్రగుప్త ఆలయం, ఖజురహో",ಚಿತ್ರಗುಪ್ತ ದೇವಾಲಯ,ചിത്രഗുപ്ത ക്ഷേത്രം,চিত্রগুপ্ত মন্দির,ଚିତ୍ରଗୁପ୍ତ ମନ୍ଦିର,,,http://commons.wikimedia.org/wiki/Special:FilePath/2%20Chitragupta%20mandir%2C%20Khajuraho.jpg?width=640,,,,,Chandelas of Jejakabhukti,,Monument of National Importance,,Chitragupta Temple Khajuraho,https://upload.wikimedia.org/wikipedia/commons/7/79/Chitragupta_temple_belonging_to_Western_Group_of_Temples_at_Khajuraho_in_Madhya_Pradesh.jpg,https://upload.wikimedia.org/wikipedia/commons/7/79/Chitragupta_temple_belonging_to_Western_Group_of_Temples_at_Khajuraho_in_Madhya_Pradesh.jpg,CC BY-SA 4.0,Amitabha Gupta,"https://en.wikipedia.org/wiki/Chitragupta_Temple,_Khajuraho",N-MP-12
Q12437742,Madhya Pradesh,24.844850,79.936575,Parshvanatha Temple,"पार्श्वनाथ मन्दिर, खजुराहो",,"పార్శ్వనాథ ఆలయం, ఖజురహో",,പാർഷ്വാനന്ദ ക്ഷേത്രം,,,,,http://commons.wikimedia.org/wiki/Special:FilePath/Khajuraho%20Parshvanath%20temple%202010.jpg?width=640,,,,,,,part of UNESCO World Heritage Site; Monument of National Importance,,Parsvnatha Jain Temple Khajuraho,https://upload.wikimedia.org/wikipedia/commons/9/97/Le_temple_de_Parshvanath_%28Khajuraho%29_%288638423582%29.jpg,https://upload.wikimedia.org/wikipedia/commons/9/97/Le_temple_de_Parshvanath_%28Khajuraho%29_%288638423582%29.jpg,CC BY 2.0,"Jean-Pierre Dalbéra from Paris, France","https://en.wikipedia.org/wiki/Parshvanatha_temple,_Khajuraho",N-MP-29
Q12443091,Madhya Pradesh,24.849200,79.932760,Brahma Temple,"ब्रह्मा मंदिर, खजुराहो",,"బ్రహ్మ ఆలయం, ఖజురహో",,ബ്രഹ്മ ക്ഷേത്രം,,"ବ୍ରହ୍ମା ମନ୍ଦିର, ଖଜୁରାହୋ",,,http://commons.wikimedia.org/wiki/Special:FilePath/Western%20group%20of%20temples%20khajuraho%2022.jpg?width=640,Shiva,,,,,,part of UNESCO World Heritage Site; Monument of National Importance,,Brahma Temple Khajuraho,https://upload.wikimedia.org/wikipedia/commons/d/d6/Brahma_Temple_Khajuraho.jpg,https://upload.wikimedia.org/wikipedia/commons/d/d6/Brahma_Temple_Khajuraho.jpg,CC BY-SA 4.0,Itsmalay~commonswiki,"https://en.wikipedia.org/wiki/Brahma_Temple,_Khajuraho",N-MP-25
Q12449473,Uttar Pradesh,27.583734,77.695699,Radha Vallabh Temple,राधा वल्लभ मंदिर,,"రాధా వల్లభ ఆలయం, బృందావన్",,,"রাধাবল্লভ মন্দির, বৃন্দাবন",,,,http://commons.wikimedia.org/wiki/Special:FilePath/Temple%20of%20Radha%20Ballabh.jpg?width=640,Radha Krishna,Radha Vallabh Sampradaya,,,Hith Harivansh Mahaprabhu,1600-01-01T00:00:00Z,Monument of National Importance,,"Radha Vallabh Temple, Vrindavan",https://upload.wikimedia.org/wikipedia/commons/1/1c/Radhavallabhlalj.jpg,https://upload.wikimedia.org/wikipedia/commons/1/1c/Radhavallabhlalj.jpg,,,"https://en.wikipedia.org/wiki/Radha_Vallabh_Temple,_Vrindavan",N-UP-A198
Q12451198,Uttarakhand,30.731444,78.067555,"Lakhamandal temple, ruins and images",लाखामंडल,,,,ലാഖാമണ്ഡൽ,,,,લાખામંડલ શિવમંદિર,http://commons.wikimedia.org/wiki/Special:FilePath/0052023%20Lakhamandal%20temple%20and%20ruins%2C%20Gupta%20era%20artwork%2C%20Uttarakhand%20030.jpg?width=640,Shiva,,,,,,Monument of National Importance,,Lakhamandal,https://upload.wikimedia.org/wikipedia/commons/5/55/Lakhamandal_Temple.jpg,https://upload.wikimedia.org/wikipedia/commons/5/55/Lakhamandal_Temple.jpg,CC BY-SA 3.0,Bpmnnit,https://en.wikipedia.org/wiki/Lakhamandal,N-UT-36
Q12453080,Madhya Pradesh,24.853333,79.922500,Vishvanath Temple,"विश्वनाथ मन्दिर, खजुराहो",விசுவநாதர் கோயில்,"విశ్వనాథ దేవాలయం, ఖజురహో",,വിശ്വനാഥ ക്ഷേത്രം,,,,,http://commons.wikimedia.org/wiki/Special:FilePath/India-5749%20-%20Visvanatha%20Temple%20-%20Flickr%20-%20archer10%20%28Dennis%29.jpg?width=640,Shiva,,,,,1002-01-01T00:00:00Z,Monument of National Importance,,"Vishvanatha Temple, Khajuraho",https://upload.wikimedia.org/wikipedia/commons/6/68/India-5749_-_Visvanatha_Temple_-_Flickr_-_archer10_%28Dennis%29.jpg,https://upload.wikimedia.org/wikipedia/commons/6/68/India-5749_-_Visvanatha_Temple_-_Flickr_-_archer10_%28Dennis%29.jpg,CC BY-SA 2.0,Dennis G. Jarvis,"https://en.wikipedia.org/wiki/Vishvanatha_Temple,_Khajuraho",N-MP-23
Q126046490,Gujarat,24.001500,73.268611,"Sharaneshwar Temple, Abhapur",,,,,,,,,,http://commons.wikimedia.org/wiki/Special:FilePath/Sharneshwar%20Temple%201.jpg?width=640,,,,,,,State Protected Monument,,"Sarneshwar Temple, Polo Forest",,http://commons.wikimedia.org/wiki/Special:FilePath/Sharneshwar%20Temple%201.jpg?width=640,,,,S-GJ-350
Q126121605,Gujarat,23.483305,72.461722,"Shiva Temple and Shakti Kund, Akhaj",,,,,,,,,,http://commons.wikimedia.org/wiki/Special:FilePath/0082423%20Shiva%20temple%20and%20Shakti%20kund%2C%20Akhaj%20Gujaratc%20072.jpg?width=640,,,,,,,State Protected Monument,,"Shiva Temple and Shakti Kund, Akhaj",,http://commons.wikimedia.org/wiki/Special:FilePath/0082423%20Shiva%20temple%20and%20Shakti%20kund%2C%20Akhaj%20Gujaratc%20072.jpg?width=640,CC0,Ms Sarah Welch,,S-GJ-284
Q1268294,Gujarat,22.237886,68.967561,Dwarakadhish Temple,द्वारकाघीश मंदिर,துவாரகாதீசர் கோயில்,ద్వారకాధీశుడి ఆలయం,ದ್ವಾರಕಾಧೀಶ ದೇವಾಲಯ,ധ്വാരകധീഷ് ക്ഷേത്രം,দ্বারকাধীশ মন্দির,ଦ୍ଵାରକାଧୀଶ ମନ୍ଦିର,द्वारकाधीश मंदिर,દ્વારકાધીશ મંદિર,http://commons.wikimedia.org/wiki/Special:FilePath/Dwarkadheesh%20temple.jpg?width=640,Krishna,,,,,,Monument of National Importance,,Dwarakadheesh Temple,https://upload.wikimedia.org/wikipedia/commons/0/0c/Dwarakadheesh_Temple%2C_2014.jpg,https://upload.wikimedia.org/wikipedia/commons/0/0c/Dwarakadheesh_Temple%2C_2014.jpg,CC BY-SA 4.0,Vishnupranay.k,https://en.wikipedia.org/wiki/Dwarkadhish_Temple,N-GJ-126
Q13004961,Andhra Pradesh,15.902644,80.467897,Bhavanarayana temple,,பவநாராயணா கோயில்,భావనారాయణ స్వామి దేవాలయం,,,,,,,http://commons.wikimedia.org/wiki/Special:FilePath/%E0%B0%AD%E0%B0%BE%E0%B0%B5%E0%B0%A8%E0%B0%BE%E0%B0%B0%E0%B0%BE%E0%B0%AF%E0%B0%A3%20%E0%B0%B8%E0%B1%8D%E0%B0%B5%E0%B0%BE%E0%B0%AE%E0%B0%BF%20%E0%B0%A6%E0%B1%87%E0%B0%B5%E0%B0%BE%E0%B0%B2%E0%B0%AF%E0%B0%82%20%E0%B0%A8%E0%B1%81%E0%B0%82%E0%B0%9A%E0%B0%BF%20%E0%B0%AC%E0%B0%BE%E0%B0%AA%E0%B0%9F%E0%B1%8D%E0%B0%B2%20%E0%B0%A6%E0%B1%83%E0%B0%B6%E0%B1%8D%E0%B0%AF%E0%B0%82.jpg?width=640,,,,,,,Monument of National Importance,,"Bhavanarayana Temple, Bapatla",https://upload.wikimedia.org/wikipedia/commons/8/83/Historical_Bhavanarayana_Swamy_Temple_at_Bapatla.jpg,https://upload.wikimedia.org/wikipedia/commons/8/83/Historical_Bhavanarayana_Swamy_Temple_at_Bapatla.jpg,CC BY 4.0,Adityamadhav83,"https://en.wikipedia.org/wiki/Bhavanarayana_Temple,_Bapatla",N-AP-47
Q13113468,Kerala,10.437417,76.212014,Peruvanam Mahadeva Temple,,பெருவனம் மகாதேவர் கோயில்,,,പെരുവനം മഹാദേവ ക്ഷേത്രം,পেরুবনম মহাদেব মন্দির,ପେରୁବନମ ମହାଦେବ ମନ୍ଦିର,,,http://commons.wikimedia.org/wiki/Special:FilePath/Peruvanam%20Shiva%20temple%20DSC%200304.JPG?width=640,Shiva,Hinduism,,,,,Monument of National Importance,,Peruvanam Mahadeva Temple,https://upload.wikimedia.org/wikipedia/commons/2/2d/Peruvanam_Shiva_temple_DSC_0304.JPG,https://upload.wikimedia.org/wikipedia/commons/2/2d/Peruvanam_Shiva_temple_DSC_0304.JPG,,,https://en.wikipedia.org/wiki/Peruvanam_Mahadeva_Temple,N-KL-14
Q13113602,Kerala,11.660196,76.250587,"Jain Temple, Kidanganad",,"சைனக் கோயில், கிடகநாடு",,,ബത്തേരി ജൈനക്ഷേത്രം,,,,,http://commons.wikimedia.org/wiki/Special:FilePath/Jain%20temple%2C%20Wayanad%20IMG%203494%20by%20Joseph%20Lazer.jpg?width=640,,,,,,1400-01-01T00:00:00Z; 1300-01-01T00:00:00Z,Monument of National Importance,,"Jain Temple, Kitanganad",https://upload.wikimedia.org/wikipedia/commons/4/47/Jain_temple%2C_Wayanad_IMG_3494_by_Joseph_Lazer.jpg,https://upload.wikimedia.org/wikipedia/commons/4/47/Jain_temple%2C_Wayanad_IMG_3494_by_Joseph_Lazer.jpg,CC BY-SA 2.5 in,Joseph Lazer,"https://en.wikipedia.org/wiki/Jain_Temple,_Kidanganad",N-KL-27
Q13113795,Kerala,8.593889,76.905833,Madavoorpara Cave Temple,मदावूरपारा गुफा मंदिर,,,,മഠവൂർ പാറ ഗുഹാക്ഷേത്രം,মাদাভুরপাড়া গুহা মন্দির,ମାଦାଭୋରପାରା ଗୁମ୍ଫା ମନ୍ଦିର |,,,http://commons.wikimedia.org/wiki/Special:FilePath/Madavoorpara%20Rock%20cut%20cave.JPG?width=640,,,,,,,State Protected Monument,,Madavoorpara Cave Temple,,http://commons.wikimedia.org/wiki/Special:FilePath/Madavoorpara%20Rock%20cut%20cave.JPG?width=640,CC BY-SA 3.0,Viswajithg,,S-KL-37
Q13119925,Maharashtra,19.994622,79.866505,"Markanda Group of Temples, Gadchiroli",,,,,,,,मार्कंडा,,http://commons.wikimedia.org/wiki/Special:FilePath/0011823%20Markandi%20temples%20and%20ruins%2C%20Markanda%20Maharastra%20108.jpg?width=640,,,,,,,Monument of National Importance,,"Group of Temples, Markanda Gadchiroli",https://upload.wikimedia.org/wikipedia/commons/2/25/Markanda_Temples.JPG,https://upload.wikimedia.org/wikipedia/commons/2/25/Markanda_Temples.JPG,CC BY-SA 4.0,सुबोध कुलकर्णी,"https://en.wikipedia.org/wiki/Markanda_Mahadev,_Chamorshi",N-MH-N64
Q13156158,Gujarat,23.919167,72.379167,Rudra Mahalaya Temple,रुद्र महालय,உருத்ர மகாலய கோயில்,రుద్ర మహాలయ ఆలయం,,രുദ്ര മഹാലയ ക്ഷേത്രം,রুদ্র মহালয়া মন্দির,ରୁଦ୍ର ମହାଳୟ ମନ୍ଦିର,,રુદ્રમહાલય,http://commons.wikimedia.org/wiki/Special:FilePath/Ruins%20of%20the%20Rudra%20Mala%20at%20Siddhpur%2C%20Gujarat%2C%20retouched.jpg?width=640,Shiva,,,,,0943-01-01T00:00:00Z,Monument of National Importance,,Rudra Mahalaya Temple,https://upload.wikimedia.org/wikipedia/commons/c/c9/Ruins_of_the_Rudra_Mala_at_Siddhpur%2C_Gujarat%2C_retouched.jpg,https://upload.wikimedia.org/wikipedia/commons/c/c9/Ruins_of_the_Rudra_Mala_at_Siddhpur%2C_Gujarat%2C_retouched.jpg,,,https://en.wikipedia.org/wiki/Rudra_Mahalaya_Temple,N-GJ-164
Q134006038,Gujarat,23.687222,73.389445,Shamlaji Temple,,,,,,,,,,http://commons.wikimedia.org/wiki/Special:FilePath/Shamlaji%20Temple1.jpg?width=640,,,,,,,State Protected Monument,,Shamlaji Temple,,http://commons.wikimedia.org/wiki/Special:FilePath/Shamlaji%20Temple1.jpg?width=640,,,,S-GJ-341
Q138089127,Tamil Nadu,10.556667,78.822222,Jain Temple Site of Mangathevanpatti,,,,,,,,,,http://commons.wikimedia.org/wiki/Special:FilePath/Jain%20Temple%20Site4.JPG?width=640,,,,,,,Monument of National Importance,,Jain Temple Site of Mangathevanpatti,,http://commons.wikimedia.org/wiki/Special:FilePath/Jain%20Temple%20Site4.JPG?width=640,CC BY-SA 3.0,Thamizhpparithi Maari,,N-TN-T75
Q138190675,Tamil Nadu,10.265278,78.521944,Siva temple Varpattu,,,,,,,,,,http://commons.wikimedia.org/wiki/Special:FilePath/N-TN-C180%20Siva%20temple%20Varpet%20Enadikulam.jpg?width=640,,,,,,,Monument of National Importance,,Siva temple Varpattu,,http://commons.wikimedia.org/wiki/Special:FilePath/N-TN-C180%20Siva%20temple%20Varpet%20Enadikulam.jpg?width=640,CC BY-SA 4.0,R.K.Lakshmi,,N-TN-T133
Q138720570,Uttar Pradesh,24.476111,78.392222,Temple_of_Neelkantha_Pali,,,,,,,,,,http://commons.wikimedia.org/wiki/Special:FilePath/5%20mukhi%20shivm.jpg?width=640,,,,,,,Monument of National Importance,,Temple of Neelkantha Pali,,http://commons.wikimedia.org/wiki/Special:FilePath/5%20mukhi%20shivm.jpg?width=640,CC BY-SA 4.0,Guptaumesh100,,N-UP-L246
Q138720602,Uttar Pradesh,24.517778,78.246667,"Shantinatha_temple,_Deogarh N-UP-L208",,,,,,,,,,http://commons.wikimedia.org/wiki/Special:FilePath/Devgarh.jpg?width=640,,,,,,,Monument of National Importance,,"Shantinatha temple, Deogarh",,http://commons.wikimedia.org/wiki/Special:FilePath/Devgarh.jpg?width=640,GFDL,The original uploader was Malaiya at English Wikipedia.,,N-UP-L208
Q139679456,Andhra Pradesh,14.595556,78.756667,"Kamakshi_Vaidyanatha_Temple,_Pushpagiri",,,,,,,,,,http://commons.wikimedia.org/wiki/Special:FilePath/10th%20to%2013th%20century%20Trikutesvara%20Temples%20complex%2C%20Pushpagiri%2C%20Andhra%20Pradesh%20India%20-%2011.jpg?width=640,,,,,,,Monument of National Importance,,"Kamakshi Vaidyanatha Temple, Pushpagiri",,http://commons.wikimedia.org/wiki/Special:FilePath/10th%20to%2013th%20century%20Trikutesvara%20Temples%20complex%2C%20Pushpagiri%2C%20Andhra%20Pradesh%20India%20-%2011.jpg?width=640,CC0,P. Madhusudan,,N-AP-79
Q139679687,Andhra Pradesh,14.595556,78.756667,Raghaveswara_swamy_temple_Pushpagiri,,,,,,,,,,http://commons.wikimedia.org/wiki/Special:FilePath/10th%20to%2013th%20century%20Trikutesvara%20Temples%20complex%2C%20Pushpagiri%2C%20Andhra%20Pradesh%20India%20-%2010.jpg?width=640,,,,,,,Monument of National Importance,,Raghaveswara swamy temple Pushpagiri,,http://commons.wikimedia.org/wiki/Special:FilePath/10th%20to%2013th%20century%20Trikutesvara%20Temples%20complex%2C%20Pushpagiri%2C%20Andhra%20Pradesh%20India%20-%2010.jpg?width=640,CC0,P. Madhusudan,,N-AP-76
Q139679763,Andhra Pradesh,14.595556,78.756944,Trikutesvara Temple Pushpagiri,,,,,,,,,,http://commons.wikimedia.org/wiki/Special:FilePath/10th%20to%2013th%20century%20Trikutesvara%20Temples%20complex%2C%20Pushpagiri%2C%20Andhra%20Pradesh%20India%20-%2002.jpg?width=640,,,,,,,Monument of National Importance,,Trikutesvara Temple Pushpagiri,,http://commons.wikimedia.org/wiki/Special:FilePath/10th%20to%2013th%20century%20Trikutesvara%20Temples%20complex%2C%20Pushpagiri%2C%20Andhra%20Pradesh%20India%20-%2002.jpg?width=640,CC0,P. Madhusudan,,N-AP-78
Q139691231,Andhra Pradesh,14.581111,78.763611,Visvanatha swamy temple Sivalpalle,,,,,,,,,,http://commons.wikimedia.org/wiki/Special:FilePath/Bhimeshwara%20swamy%20temple.JPG?width=640,,,,,,,Monument of National Importance,,Visvanatha swamy temple Sivalpalle,,http://commons.wikimedia.org/wiki/Special:FilePath/Bhimeshwara%20swamy%20temple.JPG?width=640,CC BY-SA 3.0,Lokeshthimmana,,N-AP-81
Q139695346,Andhra Pradesh,18.594167,83.964445,"Bhimeshwara Temple, Mukhalingam",,,,,,,,,,http://commons.wikimedia.org/wiki/Special:FilePath/Bhimeswara%20Temple%2C%20Mukhalingam%2C%20Andhra%20Pradesh%20-%2001.jpg?width=640,,,,,,,Monument of National Importance,,"Bhimeshwara Temple, Mukhalingam",,http://commons.wikimedia.org/wiki/Special:FilePath/Bhimeswara%20Temple%2C%20Mukhalingam%2C%20Andhra%20Pradesh%20-%2001.jpg?width=640,CC0,G.N. Subrahmanyam,,N-AP-121
Q140197726,Gujarat,21.377778,69.870278,Five Temples Balej,,,,,,,,,,http://commons.wikimedia.org/wiki/Special:FilePath/6th%20to%207th-century%20Maitraka%20Group%20of%20Temples%2C%20Balej%20118.jpg?width=640,,,,,,,State Protected Monument,,Five Temples Balej,,http://commons.wikimedia.org/wiki/Special:FilePath/6th%20to%207th-century%20Maitraka%20Group%20of%20Temples%2C%20Balej%20118.jpg?width=640,CC0,Ms Sarah Welch,,S-GJ-152
Q140277036,Gujarat,24.000556,73.281389,Temple with Kund Abhapur,,,,,,,,,,http://commons.wikimedia.org/wiki/Special:FilePath/Polo%20temple%20ruins%2005.JPG?width=640,,,,,,,State Protected Monument,,Shiva Temple with Kund,,http://commons.wikimedia.org/wiki/Special:FilePath/Polo%20temple%20ruins%2005.JPG?width=640,,,,S-GJ-346
Q140277056,Gujarat,24.001667,73.281944,Jain Temple No. 1 Abhapur,,,,,,,,,,http://commons.wikimedia.org/wiki/Special:FilePath/0081423%20Jain%20temples%20of%20Abhapur%2C%20Polo%20forest%2C%20Gujarat%20079.jpg?width=640,,,,,,,State Protected Monument,,Lakha Mandir,,http://commons.wikimedia.org/wiki/Special:FilePath/0081423%20Jain%20temples%20of%20Abhapur%2C%20Polo%20forest%2C%20Gujarat%20079.jpg?width=640,CC0,Ms Sarah Welch,,S-GJ-347
Q140277074,Gujarat,24.001944,73.282222,Jain Temple No. 2 Abhapur,,,,,,,,,,http://commons.wikimedia.org/wiki/Special:FilePath/0081423%20Jain%20temples%20of%20Abhapur%2C%20Polo%20forest%2C%20Gujarat%20141.jpg?width=640,,,,,,,State Protected Monument,,Jain Temple 2,,http://commons.wikimedia.org/wiki/Special:FilePath/0081423%20Jain%20temples%20of%20Abhapur%2C%20Polo%20forest%2C%20Gujarat%20141.jpg?width=640,CC0,Ms Sarah Welch,,S-GJ-348
Q140277094,Gujarat,24.001944,73.282222,Jain Temple No. 3 Abhapur,,,,,,,,,,http://commons.wikimedia.org/wiki/Special:FilePath/0081423%20Jain%20temples%20of%20Abhapur%2C%20Polo%20forest%2C%20Gujarat%20033.jpg?width=640,,,,,,,State Protected Monument,,Jain Temple 3,,http://commons.wikimedia.org/wiki/Special:FilePath/0081423%20Jain%20temples%20of%20Abhapur%2C%20Polo%20forest%2C%20Gujarat%20033.jpg?width=640,CC0,Ms Sarah Welch,,S-GJ-349
Q140277160,Gujarat,23.999444,73.274722,Shivashakti Temple Abhapur,,,,,,,,,,http://commons.wikimedia.org/wiki/Special:FilePath/0081423%20Surya%20Temple%20Ruins%2C%20Shiva%20Shakti%20Temple%2C%20Abhapur%20Gujarat%20010.jpg?width=640,,,,,,,State Protected Monument,,"Shiva-Shakti temple, Abhapur",,http://commons.wikimedia.org/wiki/Special:FilePath/0081423%20Surya%20Temple%20Ruins%2C%20Shiva%20Shakti%20Temple%2C%20Abhapur%20Gujarat%20010.jpg?width=640,CC0,Ms Sarah Welch,,S-GJ-351
Q140277405,Gujarat,23.988056,73.218889,Jain Temple No. 4 Antarsumba,,,,,,,,,,http://commons.wikimedia.org/wiki/Special:FilePath/Jain%20Temples%20at%20Polo%20Forest.jpg?width=640,,,,,,,State Protected Monument,,,,http://commons.wikimedia.org/wiki/Special:FilePath/Jain%20Temples%20at%20Polo%20Forest.jpg?width=640,CC BY-SA 4.0,Nia1kavya2,,S-GJ-355
Q140277470,Gujarat,23.984722,73.213055,Shakti Temple Antarsumba,,,,,,,,,,http://commons.wikimedia.org/wiki/Special:FilePath/10th-century%20Shakti%20and%20Shiva%20temples%2C%20Antarsuba%20Gujarat%20047.jpg?width=640,,,,,,,State Protected Monument,,Shakti Temple Antarsumba,,http://commons.wikimedia.org/wiki/Special:FilePath/10th-century%20Shakti%20and%20Shiva%20temples%2C%20Antarsuba%20Gujarat%20047.jpg?width=640,CC0,Ms Sarah Welch,,S-GJ-356
Q140277630,Gujarat,23.984722,73.210000,Shiva Temple Antarsumba,,,,,,,,,,http://commons.wikimedia.org/wiki/Special:FilePath/10th-century%20Shakti%20and%20Shiva%20temples%2C%20Antarsuba%20Gujarat%20250.jpg?width=640,,,,,,,State Protected Monument,,Shiva Temple Antarsumba,,http://commons.wikimedia.org/wiki/Special:FilePath/10th-century%20Shakti%20and%20Shiva%20temples%2C%20Antarsuba%20Gujarat%20250.jpg?width=640,CC0,Ms Sarah Welch,,S-GJ-357
Q140288113,Gujarat,23.985278,73.211667,Shiva Panchayatan Temple No. 1 Antarsumba,,,,,,,,,,http://commons.wikimedia.org/wiki/Special:FilePath/15th-century%20Shiva%20Panchayatana%20temple%20complex%2C%20Antarsuba%20Gujarat%20016.jpg?width=640,,,,,,,State Protected Monument,,"Shiva Panchayatan Temple Group 1, Antarsuba",,http://commons.wikimedia.org/wiki/Special:FilePath/15th-century%20Shiva%20Panchayatana%20temple%20complex%2C%20Antarsuba%20Gujarat%20016.jpg?width=640,CC0,Ms Sarah Welch,,S-GJ-358
Q140288142,Gujarat,23.988333,73.219722,Shiva Panchayatan Temple No. 2 Antarsumba,,,,,,,,,,http://commons.wikimedia.org/wiki/Special:FilePath/Polo%20Monument%20and%20Vijaynagar%20Forest-%20Jain%20Temples%20%28cropped%29.jpg?width=640,,,,,,,State Protected Monument,,"Shiva Panchayatan Temple Group 2, Antarsumba",,http://commons.wikimedia.org/wiki/Special:FilePath/Polo%20Monument%20and%20Vijaynagar%20Forest-%20Jain%20Temples%20%28cropped%29.jpg?width=640,,,,S-GJ-359
Q140311159,Maharashtra,21.170278,74.491111,Temple of Durga Balsane,,,,,,,,,,http://commons.wikimedia.org/wiki/Special:FilePath/Kanbai%20mandir%20Entrance.jpg?width=640,,,,,,,Monument of National Importance,,Temple of Durga Balsane,,http://commons.wikimedia.org/wiki/Special:FilePath/Kanbai%20mandir%20Entrance.jpg?width=640,CC BY-SA 4.0,Parimal R. Patil,,N-MH-A43
Q15108724,Madhya Pradesh,24.848611,79.918056,"Chausath Yogini Temple, Khajuraho","चौंसठ योगिनी मंदिर, खजुराहो",,"చౌసత్ యోగిని ఆలయం, ఖజురహో",,ചോസ്ഥ യോഗിനി ക്ഷേത്രം,,,,"ચોસઠ જોગણી મંદિર, ખજુરાહો",http://commons.wikimedia.org/wiki/Special:FilePath/Khajuraho%2CChausath-Yogini-Tempel.jpg?width=640,,,,,,,Monument of National Importance; part of UNESCO World Heritage Site,,"Chausath Yogini Temple, Khajuraho",https://upload.wikimedia.org/wikipedia/commons/d/de/Khajuraho%2CChausath-Yogini-Tempel.jpg,https://upload.wikimedia.org/wikipedia/commons/d/de/Khajuraho%2CChausath-Yogini-Tempel.jpg,Public domain,Arnold Betten,"https://en.wikipedia.org/wiki/Chausath_Yogini_Temple,_Khajuraho",N-MP-11
Q15194007,Maharashtra,19.537087,77.041508,Aundha Nagnath Temple,,அவுண்டா நாகநாதர் கோயில்,ఆంధా నాగనాథ్ ఆలయం,,,ঔন্ধা নাগনাথ মন্দির,,औंढा नागनाथ मंदिर,,http://commons.wikimedia.org/wiki/Special:FilePath/Aundha%20Nagnath%20Shiva%20Temple%20Jyotirlinga%20Maharashtra%20India.jpg?width=640,,,,,,,State Protected Monument,,Aundha Nagnath Shiva Temple,https://upload.wikimedia.org/wikipedia/commons/8/84/Aundha_Nagnath_Shiva_Temple_Jyotirlinga_Maharashtra_India.jpg,https://upload.wikimedia.org/wikipedia/commons/8/84/Aundha_Nagnath_Shiva_Temple_Jyotirlinga_Maharashtra_India.jpg,CC BY 2.0,"vijay chennupati from sydney, australia",https://en.wikipedia.org/wiki/Aundha_Nagnath_Temple,S-MH-88
Q15223867,Himachal Pradesh,32.248030,77.180500,"Hidimba Devi Temple, Dhungri Manali",हिडिम्बा देवी मंदिर,இடும்பி தேவி கோயில்,,ಹಿಡಿಂಬಾ ದೇವಿ ದೇವಾಲಯ,ഹിഡിമ്പി അമ്പലം,হিড়িম্বা দেবী মন্দির,,,હિડિમ્બા દેવી મંદિર,http://commons.wikimedia.org/wiki/Special:FilePath/Hidimba%20Temple%20Manali.jpg?width=640,,,,,,,Monument of National Importance,,Hidimba Devi Temple,https://upload.wikimedia.org/wikipedia/commons/9/99/Hidimba_Devi_Temple_-_North-east_View_-_Manali_2014-05-11_2648-2649.TIF,https://upload.wikimedia.org/wikipedia/commons/9/99/Hidimba_Devi_Temple_-_North-east_View_-_Manali_2014-05-11_2648-2649.TIF,CC BY 3.0,Biswarup Ganguly,https://en.wikipedia.org/wiki/Hidimba_Devi_Temple,N-HP-30
Q15228795,Tamil Nadu,12.845370,79.704812,Iravatanesvara Temple,,காஞ்சிபுரம் இறவாதீசுவரர் கோயில்,జురహరేశ్వర్ దేవాలయం (కాంచీపురం),,,,,,,http://commons.wikimedia.org/wiki/Special:FilePath/Iravadhisvarar%20Temple%20Kanchipuram.jpg?width=640,,,,,,,Monument of National Importance,,Mruthyunjayeswarar Temple,,http://commons.wikimedia.org/wiki/Special:FilePath/Iravadhisvarar%20Temple%20Kanchipuram.jpg?width=640,CC BY-SA 4.0,Munusamyanbu,,N-TN-C142
Q15240480,Tamil Nadu,12.616700,80.191700,Krishna Cave Temple,,கிருட்டிணன் குகைக்கோயில்,"కృష్ణ మండపం, మహాబలిపురం",,കൃഷ്ണ ഗുഹ ക്ഷേത്രം,,,,,http://commons.wikimedia.org/wiki/Special:FilePath/Krishna%20Mandapa%20Exterior%20NE%20Mahabalipuram%20Sep22%20A7C%2002520.jpg?width=640,,,,,,,Monument of National Importance,,Krishna Mandapam,https://upload.wikimedia.org/wikipedia/commons/b/ba/Krishna_Mandapa_Exterior_NE_Mahabalipuram_Sep22_A7C_02520.jpg,https://upload.wikimedia.org/wikipedia/commons/b/ba/Krishna_Mandapa_Exterior_NE_Mahabalipuram_Sep22_A7C_02520.jpg,CC BY-SA 4.0,"This Photo was taken by Timothy A. Gonsalves.  Feel free to use my photos, but please mention me as the author.  I would much appreciate if you send me an email tagooty@yahoo.com or write on my talk page, for my information.  Please contact me before commercial use.



Please do not upload an edited image here without consulting me.  I would like to make corrections only at my own source to ensure that the changes improve the image and are preserved.Otherwise you may upload an edited image with a new name. Please use one of the templates derivative or extract.","https://en.wikipedia.org/wiki/Krishna_Mandapam,_Mahabalipuram",N-TN-C45
Q15260943,Karnataka,15.387361,75.716556,"Nannesvara Temple, Lakkundi",,,"నన్నేశ్వర దేవాలయం, లక్కుండి",,,,,,,http://commons.wikimedia.org/wiki/Special:FilePath/11th%20century%20Nannesvara%20temple%2C%20Lakkundi%2C%20Karnataka%20India%20-%2003.jpg?width=640,Shiva,,,,,1100-01-01T00:00:00Z,Monument of National Importance,,"Nannesvara Temple, Lakkundi",https://upload.wikimedia.org/wikipedia/commons/4/4e/Naneshvara_temple_in_Lakkundi.JPG,https://upload.wikimedia.org/wikipedia/commons/4/4e/Naneshvara_temple_in_Lakkundi.JPG,,,"https://en.wikipedia.org/wiki/Nannesvara_Temple,_Lakkundi",N-KA-D250
Q15263712,Tamil Nadu,12.616700,80.191700,Olakkannesvara Temple,,ஒலக்கண்ணேஸ்வர ஆலயம்,ఒలక్కన్నేశ్వర ఆలయం,,,ওলাক্কান্নেশ্বর মন্দির,,,,http://commons.wikimedia.org/wiki/Special:FilePath/Olakkanesvara%20Temple.jpg?width=640,,,,,,,Monument of National Importance,,Olakkanesvara Temple,https://upload.wikimedia.org/wikipedia/commons/9/98/Olakkanesvara_Temple.jpg,https://upload.wikimedia.org/wikipedia/commons/9/98/Olakkanesvara_Temple.jpg,,,https://en.wikipedia.org/wiki/Olakkannesvara_Temple,N-TN-C42
Q15271611,Karnataka,14.007805,75.674737,"Rameshvara Temple, Koodli",,,,"ರಾಮೇಶ್ವರ ದೇವಸ್ಥಾನ, ಕೂಡ್ಲಿ",,,,,,http://commons.wikimedia.org/wiki/Special:FilePath/Temple%20at%20Kudli.jpg?width=640,,,,,,,Monument of National Importance,,"Rameshvara Temple, Koodli",https://upload.wikimedia.org/wikipedia/commons/e/ea/Temple_at_Kudli.jpg,https://upload.wikimedia.org/wikipedia/commons/e/ea/Temple_at_Kudli.jpg,,,"https://en.wikipedia.org/wiki/Rameshvara_Temple,_Koodli",N-KA-B179
Q15274355,Rajasthan,24.736111,73.720833,Sahastra Bahu Temples,,சகஸ்ரபாகு கோயில்கள்,,,,সহস্র বাহু মন্দির,,,સહસ્ત્ર બાહુ મંદિર,http://commons.wikimedia.org/wiki/Special:FilePath/Nagda-04-Sas%20Bahu-2018-gje.jpg?width=640,,,,,,,Monument of National Importance,,Sahasra Bahu Temples,https://upload.wikimedia.org/wikipedia/commons/5/55/N-RJ-147SasBahuTemplesUdaipur-SolReyes20100922_511.JPG,https://upload.wikimedia.org/wikipedia/commons/5/55/N-RJ-147SasBahuTemplesUdaipur-SolReyes20100922_511.JPG,CC BY-SA 3.0,SolReyes,https://en.wikipedia.org/wiki/Sahasra_Bahu_Temples,N-RJ-147
Q15673405,Madhya Pradesh,24.851930,79.921716,"Matangeshvara temple, Khajuraho",मतंगेश्वर मन्दिर,,"మాతంగేశ్వర ఆలయం, ఖజురహో",,മാതങ്ങേശ്വരാ ക്ഷേത്രം,,,,,http://commons.wikimedia.org/wiki/Special:FilePath/India-5633%20-%20Flickr%20-%20archer10%20%28Dennis%29.jpg?width=640,Shiva,,,,,,Monument of National Importance,,"Matangesvara Temple, Khajuraho",https://upload.wikimedia.org/wikipedia/commons/a/ad/India-5633_-_Flickr_-_archer10_%28Dennis%29.jpg,https://upload.wikimedia.org/wikipedia/commons/a/ad/India-5633_-_Flickr_-_archer10_%28Dennis%29.jpg,CC BY-SA 2.0,Dennis G. Jarvis,"https://en.wikipedia.org/wiki/Matangeshvara_Temple,_Khajuraho",N-MP-19
Q15701733,Tamil Nadu,12.920648,79.127923,"Jalakandeswarar Temple, Vellore","Jalakandeswarar Temple, Vellore",வேலூர் ஜலகண்டேஸ்வரர் கோயில்,"జలకంఠేశ్వరాలయం, రాయవెల్లూరు",,,জলকাণ্ডেশ্বর মন্দির,,,,http://commons.wikimedia.org/wiki/Special:FilePath/Jalakandeswari%20Temple%20Vellore%2C%20Tamil%20Nadu.jpg?width=640,,,,,,,Monument of National Importance,,"Jalakandeswarar Temple, Vellore",https://upload.wikimedia.org/wikipedia/commons/0/07/Jalakandeswari_Temple_Vellore%2C_Tamil_Nadu.jpg,https://upload.wikimedia.org/wikipedia/commons/0/07/Jalakandeswari_Temple_Vellore%2C_Tamil_Nadu.jpg,CC BY 3.0,Vaikoovery,"https://en.wikipedia.org/wiki/Jalakandeswarar_Temple,_Vellore",N-TN-C227
Q16008848,Rajasthan,27.007589,76.605108,Harshat Mata Temple,,ஹர்சத் மாதா கோயில்,,ಹರ್ಷತ್ ಮಾತಾ ದೇವಾಲಯ,,,,,,http://commons.wikimedia.org/wiki/Special:FilePath/Abhaneri%20%282022-07-15%29%20Harshat%20Mata%20ki%20Mandir%20--%20img%2002.jpg?width=640,,,,,,,Monument of National Importance,,Harṣat Mātā ka Mandir,https://upload.wikimedia.org/wikipedia/commons/2/2f/Abhaneri_%282022-07-15%29_Harshat_Mata_ki_Mandir_--_img_02.jpg,https://upload.wikimedia.org/wikipedia/commons/2/2f/Abhaneri_%282022-07-15%29_Harshat_Mata_ki_Mandir_--_img_02.jpg,CC BY-SA 4.0,Chainwit.,https://en.wikipedia.org/wiki/Harshat_Mata_Temple,N-RJ-74
Q16135601,Kerala,10.334889,76.245333,"Mahadeva Temple, Avittathur",,அவிட்டத்தூர் மகாதேவர் கோயில்,,,അവിട്ടത്തൂർ ശിവക്ഷേത്രം,,,,,http://commons.wikimedia.org/wiki/Special:FilePath/Avittathur%20Mahadeva%20Temple.jpg?width=640,Shiva,,,,,,Monument of National Importance,,Avittathur Mahadeva Temple,https://upload.wikimedia.org/wikipedia/commons/1/17/Avittathur_Mahadeva_Temple.jpg,https://upload.wikimedia.org/wikipedia/commons/1/17/Avittathur_Mahadeva_Temple.jpg,CC BY-SA 4.0,RajeshUnuppally,https://en.wikipedia.org/wiki/Avittathur_Mahadeva_Temple,N-KL-26
Q16242675,Karnataka,12.859598,76.488910,Akkana Basadi,,அக்கன்ன பசடி,,ಅಕ್ಕನ ಬಸದಿ,,,,,,http://commons.wikimedia.org/wiki/Special:FilePath/View%20of%20Akkana%20Basadi%20from%20northeastern%20side%20at%20Shravanabelagola.jpg?width=640,,,,,,,Monument of National Importance,,Akkana Basadi,https://upload.wikimedia.org/wikipedia/commons/1/19/View_of_Akkana_Basadi_from_northeastern_side_at_Shravanabelagola.jpg,https://upload.wikimedia.org/wikipedia/commons/1/19/View_of_Akkana_Basadi_from_northeastern_side_at_Shravanabelagola.jpg,,,https://en.wikipedia.org/wiki/Akkana_Basadi,N-KA-B122
Q16308593,Tamil Nadu,12.898600,80.160000,Dhenupureeswarar Temple,,மாடம்பாக்கம் தேனுபுரீசுவரர் கோயில்,,,,,,,,http://commons.wikimedia.org/wiki/Special:FilePath/Thenupureeswarar%20koil%20front%20view.jpg?width=640,,,Dravidian architecture,,,,Monument of National Importance,,"Thenupureeswarar Temple, Madambakkam",https://upload.wikimedia.org/wikipedia/commons/b/b2/Thenupureeswarar_koil_front_view.jpg,https://upload.wikimedia.org/wikipedia/commons/b/b2/Thenupureeswarar_koil_front_view.jpg,,,https://en.wikipedia.org/wiki/Dhenupureeswarar_Temple_(Madambakkam),N-TN-C30
Q16346744,West Bengal,23.071111,87.324167,Shyamrai Temple,,,,,ശ്യാമ്രായ് ക്ഷേത്രം,শ্যামরায় মন্দির,ଶ୍ଯାମରାୟ ମନ୍ଦିର,,,http://commons.wikimedia.org/wiki/Special:FilePath/Shyam%20Rai%20Temple%2C%20Bankura.JPG?width=640,,,Pancharatna,,Raghunath Singha Dev,1643-01-01T00:00:00Z,Monument of National Importance,শ্রীরাধিকা কৃষ্ণমুদে শকেঙ্কবেদাঙ্ক যুক্তে নবরত্নরতংশ্রীবীর হাম্বীর নরেশ সূনুর্দদৌনৃপ শ্রীরঘুনাথ সিংহঃ ।।মল্ল সকে ৯৪৯। শ্রীরাজা বীর সিংহ।,"Shyam Ray Temple, Bishnupur",https://upload.wikimedia.org/wikipedia/commons/4/46/Shyamrahi_Temple.jpg,https://upload.wikimedia.org/wikipedia/commons/4/46/Shyamrahi_Temple.jpg,,,https://en.wikipedia.org/wiki/Shyam_Ray_Temple,N-WB-25
Q16726744,Karnataka,15.389500,75.714222,"Brahma Jinalaya, Lakkundi",,"சமணக் கோயில், லக்குண்டி","భారతదేశంలోని కర్ణాటక రాష్ట్రం, గదగ్ జిల్లాలోని లక్కుండిలో ఉన్న 11వ శతాబ్ద ప్రారంభానికి చెందిన నేమినాథ దేవాలయం.",,,,,,,http://commons.wikimedia.org/wiki/Special:FilePath/11th%20century%20Brahma%20Jinalaya%20temple%2C%20Lakkundi%2C%20Karnataka%20India%20-%2001.jpg?width=640,,,,,,,Monument of National Importance,,"Brahma Jinalaya Temple, Lakkundi",https://upload.wikimedia.org/wikipedia/commons/6/67/Jain_temple_at_Lakkundi.jpg,https://upload.wikimedia.org/wikipedia/commons/6/67/Jain_temple_at_Lakkundi.jpg,CC BY-SA 3.0,Rkiran josh,"https://en.wikipedia.org/wiki/Brahma_Jinalaya,_Lakkundi",N-KA-D244
Q1678260,Odisha,19.804722,85.818333,Jagannath Temple,"जगन्नाथ मन्दिर, पुरी",puri jagannath,పూరీ జగన్నాథ దేవాలయం,ಜಗನ್ನಾಥ ದೇವಾಲಯ,പുരി ജഗന്നാഥക്ഷേത്രം,"জগন্নাথ মন্দির, পুরী",ଜଗନ୍ନାଥ ମନ୍ଦିର,जगन्नाथ मंदिर,,http://commons.wikimedia.org/wiki/Special:FilePath/Shri%20Jagannath%20temple.jpg?width=640,Jagannath,,Kalinga architecture,,,,Monument of National Importance,,"Jagannath Temple, Puri",https://upload.wikimedia.org/wikipedia/commons/b/b7/Shri_Jagannath_temple.jpg,https://upload.wikimedia.org/wikipedia/commons/b/b7/Shri_Jagannath_temple.jpg,,,"https://en.wikipedia.org/wiki/Jagannath_Temple,_Puri",N-OR-80
Q17049788,Karnataka,13.386800,77.698000,Bhoga Nandeeshwara Temple,,போக நந்தீசுவரர் கோவில்,,ಭೋಗ ನಂದೀಶ್ವರ ದೇವಾಲಯ,,,,,,http://commons.wikimedia.org/wiki/Special:FilePath/Bhoga%20Nandishwara.jpg?width=640,Shiva,,,,,,Monument of National Importance,,Bhoganandishwara Temple,https://upload.wikimedia.org/wikipedia/commons/7/73/Bhoga_Nandeeshwara_Temple_-_North_Side_View.jpg,https://upload.wikimedia.org/wikipedia/commons/7/73/Bhoga_Nandeeshwara_Temple_-_North_Side_View.jpg,CC BY-SA 4.0,Bikashrd,https://en.wikipedia.org/wiki/Bhoganandishwara_Temple,N-KA-B134
Q17053330,Tamil Nadu,12.618400,80.192500,Ganesha Ratha,,கணேச இரதம்,గణేశ రథం,,,,,,,http://commons.wikimedia.org/wiki/Special:FilePath/Ganesha%20Ratha%20Mahabalipuram%20Sep22%20A7C%2002582.jpg?width=640,,Hinduism,,,,,Monument of National Importance,,Ganesha Ratha,https://upload.wikimedia.org/wikipedia/commons/4/41/Ganesha_Ratha_Mahabalipuram_Sep22_A7C_02582.jpg,https://upload.wikimedia.org/wikipedia/commons/4/41/Ganesha_Ratha_Mahabalipuram_Sep22_A7C_02582.jpg,CC BY-SA 4.0,"This Photo was taken by Timothy A. Gonsalves.  Feel free to use my photos, but please mention me as the author.  I would much appreciate if you send me an email tagooty@yahoo.com or write on my talk page, for my information.  Please contact me before commercial use.



Please do not upload an edited image here without consulting me.  I would like to make corrections only at my own source to ensure that the changes improve the image and are preserved.Otherwise you may upload an edited image with a new name. Please use one of the templates derivative or extract.",https://en.wikipedia.org/wiki/Ganesha_Ratha,N-TN-C50
Q17059994,Karnataka,13.106450,78.326599,"Ramalingeshwara group of temples, Avani",,,"రామలింగేశ్వర దేవాలయాల సమూహం, అవని","ರಾಮಲಿಂಗೇಶ್ವರ ದೇಗುಲ ಸಂಕೀರ್ಣ, ಅವನಿ",,,,,,http://commons.wikimedia.org/wiki/Special:FilePath/Ramalingeshwara%20group%20of%20temples%20%28rear%20view%20of%20shrines%29%20at%20Avani.JPG?width=640,,,,,,,Monument of National Importance,,"Ramalingeshwara group of temples, Avani",https://upload.wikimedia.org/wikipedia/commons/4/47/Ramalingeshwara_group_of_temples_%28rear_view_of_shrines%29_at_Avani.JPG,https://upload.wikimedia.org/wikipedia/commons/4/47/Ramalingeshwara_group_of_temples_%28rear_view_of_shrines%29_at_Avani.JPG,,,"https://en.wikipedia.org/wiki/Ramalingeshwara_group_of_temples,_Avani",N-KA-B128
Q17277221,Andhra Pradesh,13.984187,77.767007,Madhavaraya Temple,,,,,,,,,,http://commons.wikimedia.org/wiki/Special:FilePath/Madhavraya%20temple.webp?width=640,,,,,,,Monument of National Importance,,,,http://commons.wikimedia.org/wiki/Special:FilePath/Madhavraya%20temple.webp?width=640,CC BY-SA 4.0,RebuildIndia,,N-AP-2
Q17278426,Andhra Pradesh,14.911167,78.011000,"Chintala Venkataramana Temple, Tadipatri",,சிந்தல வெங்கடரமணர் கோயில்,చింతలరాయస్వామి దేవాలయం,ಚಿಂತಲರಾಯಸ್ವಾಮಿ ದೇವಾಲಯ,,,,,,http://commons.wikimedia.org/wiki/Special:FilePath/Chintalarayaswami%20Temple-Dr.%20Murali%20Mohan%20Gurram%20%281%29.jpg?width=640,,,,,,,Monument of National Importance,,"Chintala Venkataramana Temple, Tadipatri",https://upload.wikimedia.org/wikipedia/commons/b/bf/Chinthalavenkataramana_Swami_Temple.jpg,https://upload.wikimedia.org/wikipedia/commons/b/bf/Chinthalavenkataramana_Swami_Temple.jpg,CC BY-SA 4.0,Pranav Sujay,https://en.wikipedia.org/wiki/Chintalarayaswami_Temple,N-AP-22
Q17280929,Andhra Pradesh,14.918393,78.010039,Bugga Ramalingeswara temple,,,బుగ్గరామలింగేశ్వర స్వామి ఆలయం (తాడిపత్రి),,,,,,,http://commons.wikimedia.org/wiki/Special:FilePath/TEMPLE%20VIEW%20BUGGA%20TADPATRI%20-%20panoramio.jpg?width=640,,,,,,,Monument of National Importance,,"Bugga Ramalingeswara Temple, Tadipatri",https://upload.wikimedia.org/wikipedia/commons/b/b4/Tadpatri%2C_Andhra_Pradesh_ruins_of_Ramalingeshvara_Hindu_temple%2C_1868_photo.jpg,https://upload.wikimedia.org/wikipedia/commons/b/b4/Tadpatri%2C_Andhra_Pradesh_ruins_of_Ramalingeshvara_Hindu_temple%2C_1868_photo.jpg,,,https://en.wikipedia.org/wiki/Bugga_Ramalingeswara_Swamy_Temple,N-AP-23
Q17284858,Andhra Pradesh,14.595923,78.756781,Bhimeshwara swamy temple,,,,,,,,,,http://commons.wikimedia.org/wiki/Special:FilePath/Kamakshi%20Vaidyanatha%20Temple%2C%20Pushpagiri%2C%20Andhra%20Pradesh%20India%20-%2002.jpg?width=640,,,,,,,Monument of National Importance,,Bhimeshwara swamy temple,,http://commons.wikimedia.org/wiki/Special:FilePath/Kamakshi%20Vaidyanatha%20Temple%2C%20Pushpagiri%2C%20Andhra%20Pradesh%20India%20-%2002.jpg?width=640,CC0,P. Madhusudan,,N-AP-73
Q17350533,Andhra Pradesh,14.601546,78.756276,Indranadheshwara swamy temple,,,,,,,,,,http://commons.wikimedia.org/wiki/Special:FilePath/Indranatha%20Swamy%20Temple%2C%20Pushpagiri.gif?width=640,,,,,,,Monument of National Importance,,,,http://commons.wikimedia.org/wiki/Special:FilePath/Indranatha%20Swamy%20Temple%2C%20Pushpagiri.gif?width=640,CC BY-SA 4.0,Hnaluru,,N-AP-74
Q17350708,Andhra Pradesh,14.595720,78.756716,Vaidhyanadha swamy temple,,,వైద్యనాధస్వామి ఆలయం,,വൈദ്യനാഥ സ്വാമി ക്ഷേത്രം,,,,,http://commons.wikimedia.org/wiki/Special:FilePath/Vaidhyanadha%20swamy%20temple1.JPG?width=640,,,,,,,Monument of National Importance,,Vaidhyanadha swamy temple,,http://commons.wikimedia.org/wiki/Special:FilePath/Vaidhyanadha%20swamy%20temple1.JPG?width=640,,,,N-AP-79
Q17351070,Andhra Pradesh,14.267939,79.118203,Saumyanatha temple,,,సౌమ్యనాథ ఆలయం,,സൗമ്യനാഥ ക്ഷേത്രം,,,,,http://commons.wikimedia.org/wiki/Special:FilePath/Sri%20Soumyanathaswamy%20Temple%2C%20Nandalur.JPG?width=640,,,,,,,Monument of National Importance,,Saumyanatha Temple,,http://commons.wikimedia.org/wiki/Special:FilePath/Sri%20Soumyanathaswamy%20Temple%2C%20Nandalur.JPG?width=640,,,,N-AP-66
Q17351079,Andhra Pradesh,14.244064,79.163694,Athirala parasurama temple,,,అతిరల పరశురామ ఆలయం,,,,,,,http://commons.wikimedia.org/wiki/Special:FilePath/Sri%20Parasurameshwara%20Temple%20-%20Attirala.jpg?width=640,,,,,,,Monument of National Importance,,Attirala Parasurama Temple,,http://commons.wikimedia.org/wiki/Special:FilePath/Sri%20Parasurameshwara%20Temple%20-%20Attirala.jpg?width=640,,,,N-AP-72
Q17351083,Andhra Pradesh,14.393694,79.027083,"Sri Kodandrama Swamy Temple, Vontimitta",श्री कोदन्डराम स्वामी मन्दिर,"கோதண்டராமன் கோயில், வொண்டிமிட்டா",ఒంటిమిట్ట కోదండ రామాలయం,,,"কোদণ্ডরাম মন্দির, ওন্টিমিট্ট",କୋଦଣ୍ଡରାମ ସ୍ୱାମୀ ମନ୍ଦିର,,,http://commons.wikimedia.org/wiki/Special:FilePath/Sri%20Kodanda%20Rama%20Swamy%20Temple%2C%20Vontimitta%2C%20Kadapa.jpg?width=640,,,,,,,Monument of National Importance,,"Sri Kodandarama Swamy Temple, Vontimitta",https://upload.wikimedia.org/wikipedia/commons/1/19/Sri_Kodanda_Rama_Swamy_Temple%2C_Vontimitta%2C_Kadapa.jpg,https://upload.wikimedia.org/wikipedia/commons/1/19/Sri_Kodanda_Rama_Swamy_Temple%2C_Vontimitta%2C_Kadapa.jpg,,,"https://en.wikipedia.org/wiki/Kodandarama_Temple,_Vontimitta",N-AP-82
Q17351161,Andhra Pradesh,16.316628,79.849393,Kapoteswara temple,,,కపోటేశ్వర ఆలయం,,,,,,,http://commons.wikimedia.org/wiki/Special:FilePath/Amvar%20Chejerla%20Kapoteswara%20temple%20in%20guntur%20district.jpg?width=640,,,,,,,Monument of National Importance,,,,http://commons.wikimedia.org/wiki/Special:FilePath/Amvar%20Chejerla%20Kapoteswara%20temple%20in%20guntur%20district.jpg?width=640,CC BY-SA 3.0,Adityamadhav83,,N-AP-50
Q1767992,Karnataka,12.867764,76.633636,"Panchakuta Basadi, Kambadahalli",पंचकुटा बसदी - कंबदाहल्ली,பஞ்சகூட சமணர் கோயில்,పంచకూట జైన ఆలయం,ಕಂಬದಹಳ್ಳಿ,കമ്പടാഹല്ലി,"পঞ্চকূট বসদি, কম্বদহল্লি",,,,http://commons.wikimedia.org/wiki/Special:FilePath/Panchakuta%20Basadi%20%2810th%20century%20AD%29%20at%20Kambadahalli.JPG?width=640,,,,,,,Monument of National Importance,,Panchakuta Basadi,https://upload.wikimedia.org/wikipedia/commons/2/29/Panchakuta_Basadi_%2810th_century_AD%29_at_Kambadahalli.JPG,https://upload.wikimedia.org/wikipedia/commons/2/29/Panchakuta_Basadi_%2810th_century_AD%29_at_Kambadahalli.JPG,,,"https://en.wikipedia.org/wiki/Panchakuta_Basadi,_Kambadahalli",N-KA-B140
Q17783077,Andhra Pradesh,17.042219,82.171171,Kumara Bhimeshwara swamy temple,,,,,,,,,,http://commons.wikimedia.org/wiki/Special:FilePath/The%20Gopuram.jpg?width=640,,,,,,,Monument of National Importance,,Kumara Bhimeshwara swamy temple,,http://commons.wikimedia.org/wiki/Special:FilePath/The%20Gopuram.jpg?width=640,,,,N-AP-44
Q17783173,Andhra Pradesh,16.959583,82.048806,Golingeswara Temple,,,గొలిన్గేశ్వర ఆలయం,,,,,,,http://commons.wikimedia.org/wiki/Special:FilePath/Golingeswara%20temple%20Biccavole%20east%20godavari.jpg?width=640,,,,,,,Monument of National Importance,,Golingeswara Temple at Biccavolu,,http://commons.wikimedia.org/wiki/Special:FilePath/Golingeswara%20temple%20Biccavole%20east%20godavari.jpg?width=640,CC BY-SA 3.0,Adityamadhav83,,N-AP-36
Q17883316,Madhya Pradesh,23.129700,79.801300,"Chausath Yogini Temple, Bhedaghat","चौसठ योगिनी मंदिर, भेड़ाघाट","யோகினி கோயில், ஜபல்பூர்",,,,"চৌষট্টি যোগিনী মন্দির, জব্বলপুর",,,"ચૌસઠ યોગિની મંદિર, જબલપુર",http://commons.wikimedia.org/wiki/Special:FilePath/Chausath%20Yogini%20Temple%2C%20Bhedaghat%20%2865710%29.jpg?width=640,,,,,,,Monument of National Importance,,"Chausath Yogini Temple, Bhedaghat",https://upload.wikimedia.org/wikipedia/commons/8/87/Chausath-Yogini_shrine_near_BhedaGhat.JPG,https://upload.wikimedia.org/wikipedia/commons/8/87/Chausath-Yogini_shrine_near_BhedaGhat.JPG,CC BY-SA 3.0,Abhishek Roy,"https://en.wikipedia.org/wiki/Chausath_Yogini_Temple,_Bhedaghat",N-MP-167
Q17986837,Andhra Pradesh,16.513889,80.606667,Akkanna Madanna caves,,அக்கன்னா மாடன்னா குடைவரைக் கோயில்,అక్కన్న మాదన్న గుహాలయాలు,,ആകന്ന മാതന്ന കേവ്സ്,আখান্না মদন্না গুহাসমূহ,,,અક્કાના મદન્ના ગુફા મંદિર,http://commons.wikimedia.org/wiki/Special:FilePath/Akkanna%20Madanna%20Rock%20cut%20Caves%2C%20Vijayawada%20city.jpg?width=640,,,rock-cut architecture,,,,Monument of National Importance,,Akkanna Madanna Caves,https://upload.wikimedia.org/wikipedia/commons/1/1e/Akkanna_madanna_caves.jpg,https://upload.wikimedia.org/wikipedia/commons/1/1e/Akkanna_madanna_caves.jpg,CC BY-SA 3.0,V. Raviteja,https://en.wikipedia.org/wiki/Akkanna_Madanna_Caves,N-AP-96
Q17986887,Andhra Pradesh,15.351212,78.139353,Yaganti Caves,,,యాగంటి గుహలు,ಯಗಂತಿ ಗುಹೆಗಳು,,,,,,http://commons.wikimedia.org/wiki/Special:FilePath/Yaganti%20caves.jpg?width=640,,,rock-cut architecture,,,,Monument of National Importance,,Yaganti Caves,,http://commons.wikimedia.org/wiki/Special:FilePath/Yaganti%20caves.jpg?width=640,,,,N-AP-105
Q1800304,Madhya Pradesh,26.220305,78.165889,Teli ka Temple,तेली का मन्दिर,தெலிகா கோயில்,తేలి కా మందిర్,,ടെലി ക മന്ദിർ,তেলিকা মন্দির,,,,http://commons.wikimedia.org/wiki/Special:FilePath/Teli%20Ka%20Mandir%2C%20Gwalior%20Fort.JPG?width=640,,,Hindu temple architecture,,,,Monument of National Importance,,Teli ka Mandir,https://upload.wikimedia.org/wikipedia/commons/6/69/Teli_Ka_Mandir%2C_Gwalior_Fort.JPG,https://upload.wikimedia.org/wikipedia/commons/6/69/Teli_Ka_Mandir%2C_Gwalior_Fort.JPG,,,https://en.wikipedia.org/wiki/Teli_ka_Mandir,N-MP-146-i
Q1801200,Madhya Pradesh,24.852220,79.921800,Lakshmana Temple,khajuraho lakshman tenpal,இலக்குமணன் கோயில்,"లక్ష్మణ దేవాలయం, కాజురహో",ಲಕ್ಷ್ಮಣ ದೇವಾಲಯ,ലക്ഷ്മണ ക്ഷേത്രം,"লক্ষ্মণ মন্দির, খাজুরাহো",,,,http://commons.wikimedia.org/wiki/Special:FilePath/Lakshmana%20Temple%20in%20Khajuraho.jpg?width=640,,,,,,,Monument of National Importance,,Lakshmana Temple,https://upload.wikimedia.org/wikipedia/commons/d/d5/Khajuraho-Lakshmana_temple.JPG,https://upload.wikimedia.org/wikipedia/commons/d/d5/Khajuraho-Lakshmana_temple.JPG,CC BY-SA 3.0,Christopher Voitus,"https://en.wikipedia.org/wiki/Lakshmana_Temple,_Khajuraho",N-MP-16
Q18126673,Kerala,10.770667,76.153333,"Kattil Madam Temple, Chalapuram",,காட்டில் மடம் கோயில்,,,കട്ടിൽമാടം ക്ഷേത്രം,,,,,http://commons.wikimedia.org/wiki/Special:FilePath/Kattilmadam%20%28Kallilmadam%29.JPG?width=640,,,,,,,State Protected Monument,,Kattil Madam Temple,https://upload.wikimedia.org/wikipedia/commons/b/b6/Kattilmadam_%28Kallilmadam%29.JPG,https://upload.wikimedia.org/wikipedia/commons/b/b6/Kattilmadam_%28Kallilmadam%29.JPG,CC BY-SA 3.0,Narayanan k,https://en.wikipedia.org/wiki/Kattil_Madam_Temple,S-KL-36
Q18171028,Andhra Pradesh,15.089096,79.200723,Bhairavakonda Caves,,பைரவகோனா குடைவரைக் கோவில்கள்,,ಭೈರವಕೊಂಡ ಗುಹೆಗಳು,,,,,,http://commons.wikimedia.org/wiki/Special:FilePath/7th%20to%208th%20century%20Bhairavakona%20rock%20cut%20cave%20temples%2C%20Ambavaram%20Nallamala%20Hills%2C%20Andhra%20Pradesh%20-%202.jpg?width=640,,,rock-cut architecture,,,,Monument of National Importance,,Bhairavakona,,http://commons.wikimedia.org/wiki/Special:FilePath/7th%20to%208th%20century%20Bhairavakona%20rock%20cut%20cave%20temples%2C%20Ambavaram%20Nallamala%20Hills%2C%20Andhra%20Pradesh%20-%202.jpg?width=640,CC BY-SA 4.0,Ms Sarah Welch,,N-AP-108
Q18171029,Andhra Pradesh,15.721176,80.292980,Motupalle Chola temple,,,మోటుపల్లి చోళ దేవాలయం,ಮೊತಪೂಲ್ ಚೋಳ ದೇವಸ್ಥಾನ,,Motupalle Chola temple,,,,http://commons.wikimedia.org/wiki/Special:FilePath/MOTUPALLI%20TEMPLE%2001.jpg?width=640,,,,,,,Monument of National Importance,,"Chola Temple, Motu Palle",,http://commons.wikimedia.org/wiki/Special:FilePath/MOTUPALLI%20TEMPLE%2001.jpg?width=640,CC BY-SA 4.0,Torchtelangana,,N-AP-109
Q18171038,Andhra Pradesh,18.591583,83.964778,Sri Somesvara temple,,,శ్రీ సోమేశ్వర టెంపుల్ ఎట్ ముఖలింగం,,,,,,,http://commons.wikimedia.org/wiki/Special:FilePath/Sri%20Somesvara%20temple.jpg?width=640,,,,,,,Monument of National Importance,,"Sri Somesvara temple, Mukhalingam",,http://commons.wikimedia.org/wiki/Special:FilePath/Sri%20Somesvara%20temple.jpg?width=640,,,,N-AP-120
Q18171041,Andhra Pradesh,18.594197,83.964421,Srimukhalingeswara Temple,श्रीमुखलिंगेस्वर टेम्पल,,శ్రీముఖలింగేశ్వర టెంపుల్,,,,,,,http://commons.wikimedia.org/wiki/Special:FilePath/Mukhalingeshwara%20temple%20%2C%20srimukhalingam%20srikakulam.jpg?width=640,,,,,,,Monument of National Importance,,Sri Mukhalingeswara Swamy Temple,,http://commons.wikimedia.org/wiki/Special:FilePath/Mukhalingeshwara%20temple%20%2C%20srimukhalingam%20srikakulam.jpg?width=640,CC0,Kishore.bannu,,N-AP-122
Q18171067,Andhra Pradesh,18.134378,83.467220,Dibbesvarasvamipur Temple,,,,,,,,,,http://commons.wikimedia.org/wiki/Special:FilePath/Dibbalingeswara%20Temple%20at%20Saripalli%2001.JPG?width=640,,,,,,,Monument of National Importance,,"Dibbalingeswara Temple, Saripalli",,http://commons.wikimedia.org/wiki/Special:FilePath/Dibbalingeswara%20Temple%20at%20Saripalli%2001.JPG?width=640,CC BY-SA 3.0,Adityamadhav83,https://en.wikipedia.org/wiki/Dibbesvara_Temple,N-AP-129
Q18209506,Kerala,10.649970,76.114904,Chemmanthatta Mahadeva Temple,,செம்மண்தட்டை மகாதேவர் கோயில்,,,ചെമ്മന്തട്ട മഹാദേവക്ഷേത്രം,,,,,http://commons.wikimedia.org/wiki/Special:FilePath/009202022%20Chemmanthitha%20Mahadeva%20Temple%20Kerala%20034.jpg?width=640,Shiva,,,,,,Monument of National Importance,,Chemmanthatta Mahadeva Temple,https://upload.wikimedia.org/wikipedia/commons/1/1a/Chemmanthatta_Mahadeva_Temple_DSC_0679.JPG,https://upload.wikimedia.org/wikipedia/commons/1/1a/Chemmanthatta_Mahadeva_Temple_DSC_0679.JPG,CC BY-SA 4.0,Ranjith Siji,https://en.wikipedia.org/wiki/Chemmanthatta_Mahadeva_Temple,N-KL-12
Q18327312,Assam,26.241783,91.543968,Sri Kedar Temple,,,,,,,,,,http://commons.wikimedia.org/wiki/Special:FilePath/The%20Kedar%20of%20the%20east.jpg?width=640,,,,,,,Monument of National Importance,,"Kedar Temple, Hajo",,http://commons.wikimedia.org/wiki/Special:FilePath/The%20Kedar%20of%20the%20east.jpg?width=640,,,,N-AS-25
Q18327313,Assam,26.236145,91.534012,"Sri Ganesh Temple, Hajo",,,,,,,,,,http://commons.wikimedia.org/wiki/Special:FilePath/Ganesh%20temple%20ext.jpg?width=640,Ganesha,,,,,,Monument of National Importance,,"Ganesh Temple, Hajo",,http://commons.wikimedia.org/wiki/Special:FilePath/Ganesh%20temple%20ext.jpg?width=640,CC BY-SA 4.0,RanadeSachin,,N-AS-26
Q18327314,Assam,26.235164,91.534598,Sri Kameswar Temple,,,,,,,,,,http://commons.wikimedia.org/wiki/Special:FilePath/Kameshwar%20mandir.jpg?width=640,,,,,,,Monument of National Importance,,Kameshwar Temple,,http://commons.wikimedia.org/wiki/Special:FilePath/Kameshwar%20mandir.jpg?width=640,CC BY-SA 4.0,Gaurav M Kumar,,N-AS-27
Q18394457,Jammu and Kashmir,34.352778,74.976111,"Wangath Temple complex, Naranag",,,,,,,,,,http://commons.wikimedia.org/wiki/Special:FilePath/Ruins%20of%20Naranag%20temple%20in%20Ganderbal%20district%20J%26K%20India.jpg?width=640,Shiva,,,,,,Monument of National Importance,,Wangath Temple complex,https://upload.wikimedia.org/wikipedia/commons/e/e8/Ancient_Temple%2C_Naranag%2C_Jammu_and_Kashmir%2C_India.jpg,https://upload.wikimedia.org/wikipedia/commons/e/e8/Ancient_Temple%2C_Naranag%2C_Jammu_and_Kashmir%2C_India.jpg,CC BY-SA 4.0,Original:  Basavaraj K. KorkarDerivative work:  UnpetitproleX,https://en.wikipedia.org/wiki/Wangath_temple_complex,N-JK-16
Q184427,Maharashtra,20.553417,75.700472,Ajanta Caves,अजंता गुफाएँ,அஜந்தா குகைகள்,అజంతా గుహలు,ಅಜಂತಾ,അജന്ത ഗുഹകൾ,অজন্তা গুহাসমূহ,ଅଜନ୍ତା ଗୁମ୍ଫା,अजिंठा,અજંતાની ગુફાઓ,http://commons.wikimedia.org/wiki/Special:FilePath/Ajanta%20%2863%29.jpg?width=640,,,,,,-0200-01-01T00:00:00Z,World Heritage Site; Monument of National Importance,,Ajanta Caves,https://upload.wikimedia.org/wikipedia/commons/c/c3/Ajanta_%2863%29.jpg,https://upload.wikimedia.org/wikipedia/commons/c/c3/Ajanta_%2863%29.jpg,CC BY 2.5,No machine-readable author provided. Soman assumed (based on copyright claims).,https://en.wikipedia.org/wiki/Ajanta_Caves,N-MH-A30
Q18536490,Assam,26.947083,94.534013,Gaurisagar Vishnudol,,,,,,,,,,http://commons.wikimedia.org/wiki/Special:FilePath/Gaurisagar%20Vishnu%20dol.jpg?width=640,,,,,,,Monument of National Importance,,Gaurisagar Vishnudol,,http://commons.wikimedia.org/wiki/Special:FilePath/Gaurisagar%20Vishnu%20dol.jpg?width=640,CC BY-SA 4.0,ComparingQuantities,,N-AS-33
Q18536491,Assam,26.947623,94.538218,Gaurisagar Devidol,,,,,,,,,,http://commons.wikimedia.org/wiki/Special:FilePath/Gaurisagar%20Devidol%20-%20Inbound4105977292739800535.jpg?width=640,,,,,,,Monument of National Importance,,Gaurisagar Devidol,,http://commons.wikimedia.org/wiki/Special:FilePath/Gaurisagar%20Devidol%20-%20Inbound4105977292739800535.jpg?width=640,CC BY-SA 4.0,Dhunub,,N-AS-34
Q18536492,Assam,26.947249,94.535409,Gaurisagar Sivadol,,,,,,,,,,http://commons.wikimedia.org/wiki/Special:FilePath/Gaurisagar%20Shiva%20dol.jpg?width=640,,,,,,,Monument of National Importance,,Gaurisagar Sivadol,,http://commons.wikimedia.org/wiki/Special:FilePath/Gaurisagar%20Shiva%20dol.jpg?width=640,CC BY-SA 4.0,ComparingQuantities,,N-AS-36
Q18536498,Assam,26.955534,94.624206,Joysagar Vishnudol,,,,,,জয় দৌল,,,,http://commons.wikimedia.org/wiki/Special:FilePath/Vishnudol%20joysagar.jpg?width=640,,,,,,,Monument of National Importance,,Joysagar Vishnudol,https://upload.wikimedia.org/wikipedia/commons/f/f8/Vishnudol_joysagar.jpg,https://upload.wikimedia.org/wikipedia/commons/f/f8/Vishnudol_joysagar.jpg,,,https://en.wikipedia.org/wiki/Joy_dol,N-AS-37
Q18536500,Assam,26.954530,94.618927,Joysagar Devidol,,,,,,,,,,http://commons.wikimedia.org/wiki/Special:FilePath/Devi%20Ghar.jpg?width=640,,,,,,,Monument of National Importance,,"Devidol, Joysagar",,http://commons.wikimedia.org/wiki/Special:FilePath/Devi%20Ghar.jpg?width=640,CC BY-SA 4.0,ComparingQuantities,,N-AS-38
Q18536512,Assam,26.955563,94.620665,Joysagar Sivadol,,,,,,,,,,http://commons.wikimedia.org/wiki/Special:FilePath/Joysagar%20Shiva%20Dol%201.jpg?width=640,,,,,,,Monument of National Importance,,,,http://commons.wikimedia.org/wiki/Special:FilePath/Joysagar%20Shiva%20Dol%201.jpg?width=640,CC BY-SA 4.0,Rangan Datta Wiki,,N-AS-44
Q18555431,Assam,26.988834,94.634141,Sivasagar Vishnudol,,,,,,,,,,http://commons.wikimedia.org/wiki/Special:FilePath/Sivasagar%20Vishnu%20Dol.jpg?width=640,,,,,,,Monument of National Importance,,"Vishnu Dol, Sivasagar",,http://commons.wikimedia.org/wiki/Special:FilePath/Sivasagar%20Vishnu%20Dol.jpg?width=640,,,,N-AS-46
Q18555439,Assam,26.989025,94.632296,Sivasagar Devidol,,,,,,,,,,http://commons.wikimedia.org/wiki/Special:FilePath/Devidol%2C%20Sivasagar.JPG?width=640,,,,,,,Monument of National Importance,,Devidol,,http://commons.wikimedia.org/wiki/Special:FilePath/Devidol%2C%20Sivasagar.JPG?width=640,CC BY-SA 3.0,HSarma,,N-AS-47
Q18922714,Kerala,10.214000,76.449700,Puthoorppilly Sree Krishnaswamy Temple Manjapra,,புதூர்ப்பிள்ளி கிருஷ்ணசுவாமி கோயில்,,,പുത്തൂർപ്പിള്ളി ശ്രീകൃഷ്ണസ്വാമി ക്ഷേത്രം മഞ്ഞപ്ര,,,,,http://commons.wikimedia.org/wiki/Special:FilePath/Puthoorpilli%20Sree%20Krishna%20Temple%20Manjpara%20Side%20View.JPG?width=640,,,,,,,State Protected Monument,,Puthoorppilly Sree Krishnaswamy Temple,https://upload.wikimedia.org/wikipedia/commons/2/2f/Puthoorpilli_Sree_Krishna_Temple_Majpara.JPG,https://upload.wikimedia.org/wikipedia/commons/2/2f/Puthoorpilli_Sree_Krishna_Temple_Majpara.JPG,,,https://en.wikipedia.org/wiki/Puthoorppilly_Sree_Krishnaswamy_Temple,S-KL-14
Q19288475,Andhra Pradesh,13.610898,79.327494,Mangapuram Venkatesvara Vishnu Temple,,"கல்யாண வெங்கடேசுவர சுவாமி கோயில், சீனிவாசமங்காபுரம்","కళ్యాణ వెంకటేశ్వర ఆలయం, శ్రీనివాసమంగపురం",,,,,,,http://commons.wikimedia.org/wiki/Special:FilePath/Srinivasamangapuram%20Temple%20Tirupati.jpg?width=640,,,,,,,Monument of National Importance,,Tirumala Venkateswara Temple,https://upload.wikimedia.org/wikipedia/commons/d/dc/Srinivasamangapuram_Temple_Tirupati.jpg,https://upload.wikimedia.org/wikipedia/commons/d/dc/Srinivasamangapuram_Temple_Tirupati.jpg,,,"https://en.wikipedia.org/wiki/Kalyana_Venkateswara_Temple,_Srinivasamangapuram",N-AP-31
Q19288965,Andhra Pradesh,13.837086,78.298168,Chennakeswaraswami Temple,,,,,,,,,,http://commons.wikimedia.org/wiki/Special:FilePath/Temple%20Main%20Gateway.JPG?width=640,,,,,,,Monument of National Importance,,Chennakeswaraswami Temple,,http://commons.wikimedia.org/wiki/Special:FilePath/Temple%20Main%20Gateway.JPG?width=640,,,,N-AP-33
Q19456906,Chhattisgarh,21.953030,83.024790,Ashtabhuji Temple,,,,,,অষ্টভূজী মন্দির,ଅଷ୍ଟଭୂଜୀ ମନ୍ଦିର,,,http://commons.wikimedia.org/wiki/Special:FilePath/Ashtabhuji%20Temple%20Adbhar%202013-09-18%2001-34.jpg?width=640,,,,,,,Monument of National Importance,,"Ashtabhuji Temple, Adbhar",https://upload.wikimedia.org/wikipedia/commons/3/39/Ashtabhuji_Temple_Adbhar_2013-09-18_01-34.jpg,https://upload.wikimedia.org/wikipedia/commons/3/39/Ashtabhuji_Temple_Adbhar_2013-09-18_01-34.jpg,CC BY-SA 3.0,User:Sjaltare,https://en.wikipedia.org/wiki/Ashtabhuji_Temple,N-CT-18
Q19632831,Chhattisgarh,19.134910,81.382150,"Battisa Temple, Barsur",,,,,,,,,,http://commons.wikimedia.org/wiki/Special:FilePath/Bateesa%20Mahadev%20Temple%282%29.jpg?width=640,,,,,,,State Protected Monument,,Bateesa Mahadev Temple,,http://commons.wikimedia.org/wiki/Special:FilePath/Bateesa%20Mahadev%20Temple%282%29.jpg?width=640,CC BY-SA 3.0,Anand Dubey,,S-CT-12
Q19632978,Chhattisgarh,22.005949,82.572171,"Vishnu Temple, Janjgir",,,,,,,,,,http://commons.wikimedia.org/wiki/Special:FilePath/Janjagir%20vishnu%20mandir1.jpg?width=640,,,,,,,Monument of National Importance,,"Large Vishnu Temple, Janjgir",,http://commons.wikimedia.org/wiki/Special:FilePath/Janjagir%20vishnu%20mandir1.jpg?width=640,Public domain,"Ashwini Kesharwani
Permission= 



Public domainPublic domainfalsefalse





I, the copyright holder of this work, release this work into the public domain. This applies worldwide.In some countries this may not be legally possible; if so:I grant anyone the right to use this work for any purpose, without any conditions, unless such conditions are required by law.",,N-CT-20
Q19633010,Chhattisgarh,22.006246,82.572157,Janjgir small Vishnu temple,,,,,,,,,,http://commons.wikimedia.org/wiki/Special:FilePath/Small%20Vishnu%20Mandir%20built%20by%20kings%20of%20Hayhay%20Vansh%2C%20near%20Bhima%20Talab%20of%20purani%20basti%20of%20Janjgir%20in%2013%20Century.jpg?width=640,,,,,,,Monument of National Importance,,"Small Vishnu Temple, Janjgir",,http://commons.wikimedia.org/wiki/Special:FilePath/Small%20Vishnu%20Mandir%20built%20by%20kings%20of%20Hayhay%20Vansh%2C%20near%20Bhima%20Talab%20of%20purani%20basti%20of%20Janjgir%20in%2013%20Century.jpg?width=640,,,,N-CT-21
Q19633065,Chhattisgarh,22.372917,82.323500,"Pali Mahadev temple, Korba",,,పాలి మహాదేవ్ ఆలయం,,,,,,,http://commons.wikimedia.org/wiki/Special:FilePath/0010722%20Pali%20%28Korba%29%20Shiv%20Mandir%20Chattisgarh%20007.jpg?width=640,,,,,,,Monument of National Importance,,"Pali Temple, Korba",,http://commons.wikimedia.org/wiki/Special:FilePath/0010722%20Pali%20%28Korba%29%20Shiv%20Mandir%20Chattisgarh%20007.jpg?width=640,CC0,Ms Sarah Welch,,N-CT-30
Q19633116,Chhattisgarh,22.289167,82.160000,Kanthi Deul Temple,,,,,,,,,,http://commons.wikimedia.org/wiki/Special:FilePath/0010722%2015th%20century%20Ratanpur%20Kanthi%20Dewal%20Temple%20Chattisgarh%20004.jpg?width=640,,,,,,,Monument of National Importance,,Kanti Temple,,http://commons.wikimedia.org/wiki/Special:FilePath/0010722%2015th%20century%20Ratanpur%20Kanthi%20Dewal%20Temple%20Chattisgarh%20004.jpg?width=640,CC0,Ms Sarah Welch,,N-CT-12
Q19677242,Chhattisgarh,22.574992,82.422327,"Mahadev Temple, Tuman",,,,,,,,,,http://commons.wikimedia.org/wiki/Special:FilePath/0012323%20Mahadeva%20temple%20group%2C%20Tuman%20Chhattisgarh%20014.jpg?width=640,,,,,,,Monument of National Importance,,"Mahadev Temple Group, Tuman Chhattisgarh",,http://commons.wikimedia.org/wiki/Special:FilePath/0012323%20Mahadeva%20temple%20group%2C%20Tuman%20Chhattisgarh%20014.jpg?width=640,CC0,Ms Sarah Welch,,N-CT-31
Q19677284,Chhattisgarh,21.669783,81.408341,Deorbija Sita Devi Temple,,,,,,,,,,http://commons.wikimedia.org/wiki/Special:FilePath/10th%20to%2012th%20century%20Sita%20Mandir%20Deorbeeja%2C%20Bemetara%20district%2C%20Chhattisgarh%20-%201.jpg?width=640,,,,,,,Monument of National Importance,,Deorbija Sita Devi Temple,,http://commons.wikimedia.org/wiki/Special:FilePath/10th%20to%2012th%20century%20Sita%20Mandir%20Deorbeeja%2C%20Bemetara%20district%2C%20Chhattisgarh%20-%201.jpg?width=640,CC BY-SA 4.0,Ms Sarah Welch,,N-CT-5
Q19677376,Chhattisgarh,21.195116,81.969486,Bhand Dewal,,,భండ్ దేవాల్,,,,,,,http://commons.wikimedia.org/wiki/Special:FilePath/9th%20century%20Bhand%20Deul%20Jain%20brick%20temple%2C%20Arang%20Chhattisgarh.jpg?width=640,,,,,,,Monument of National Importance,,Bhand Dewal,,http://commons.wikimedia.org/wiki/Special:FilePath/9th%20century%20Bhand%20Deul%20Jain%20brick%20temple%2C%20Arang%20Chhattisgarh.jpg?width=640,CC BY-SA 4.0,Ms Sarah Welch,,N-CT-35
Q19806529,Maharashtra,19.851347,74.001983,Gondeshwar Temple,,,,,,,,"गोंदेश्वर मंदिर, सिन्नर",,http://commons.wikimedia.org/wiki/Special:FilePath/Gondeshwar%20temple.jpg?width=640,Shiva,,,,,,Monument of National Importance,,"Gondeshwar Temple, Sinnar",https://upload.wikimedia.org/wikipedia/commons/b/be/Gondeshwar_temple.jpg,https://upload.wikimedia.org/wikipedia/commons/b/be/Gondeshwar_temple.jpg,CC BY-SA 3.0,Pathfinder123,"https://en.wikipedia.org/wiki/Gondeshwar_Temple,_Sinnar",N-MH-A72
Q19809738,Tamil Nadu,10.654167,78.896667,"Pallikonda Perumal Temple, Malayadippatti",,மலையடிப்பட்டி பள்ளிகொண்டபெருமாள் கோயில்,,,,,,,,http://commons.wikimedia.org/wiki/Special:FilePath/%22A%20amazing%20shot%20of%20Pallikonda%20Perumal%20Temple%22.JPG?width=640,,,,,,,Monument of National Importance,,Pallikonda Perumal Temple,https://upload.wikimedia.org/wikipedia/commons/8/8f/Kanthirantha.jpg,https://upload.wikimedia.org/wikipedia/commons/8/8f/Kanthirantha.jpg,CC BY-SA 4.0,Srithern,"https://en.wikipedia.org/wiki/Pallikonda_Perumal_Temple,_Malayadippatti",N-TN-T74
Q19809740,Tamil Nadu,10.653889,78.896944,"Vahisvaramudayar Temple, Malayadipatti",,மலையடிப்பட்டி வாகீஸ்வரமுடையார் கோயில்,,,,,,,,http://commons.wikimedia.org/wiki/Special:FilePath/%22Amazing%20cave%20temple%20for%20Siva%22.JPG?width=640,,,,,,,Monument of National Importance,,Rock Cut Siva Temple of Malayadipatti,,http://commons.wikimedia.org/wiki/Special:FilePath/%22Amazing%20cave%20temple%20for%20Siva%22.JPG?width=640,CC BY-SA 3.0,Thamizhpparithi Maari,"https://en.wikipedia.org/wiki/Vahisvaramudayar_Temple,_Malayadipatti",N-TN-T73
Q19833050,Chhattisgarh,20.964000,81.877500,"Rajiv Lochan temple, Rajim",,ராஜீவலோசன் கோயில்,రాజీవ్ లోచన్,,,,,,,http://commons.wikimedia.org/wiki/Special:FilePath/6th%20to%207th%20century%20Rajivalochan%20Vishnu%20Temple%2C%20Rajim%2C%20Chhattisgarh.jpg?width=640,,,,,,,Monument of National Importance,,"Rajivalochan mandir, Rajim",https://upload.wikimedia.org/wikipedia/commons/7/77/Rajiv_Lochan_Temple%2C_Rajim.jpg,https://upload.wikimedia.org/wikipedia/commons/7/77/Rajiv_Lochan_Temple%2C_Rajim.jpg,,,https://en.wikipedia.org/wiki/Rajiv_Lochan_Temple,N-CT-15
Q19833055,Chhattisgarh,21.353156,82.186736,"Laxman Temple, Sirpur",,,లక్ష్మణ్ ఆలయం,,,,,,,http://commons.wikimedia.org/wiki/Special:FilePath/Laxman%20Temple1.JPG?width=640,,,,,,0650-01-01T00:00:00Z,Monument of National Importance,,"Laxman Temple, Sirpur",,http://commons.wikimedia.org/wiki/Special:FilePath/Laxman%20Temple1.JPG?width=640,CC BY-SA 3.0,Theasg sap,,N-CT-32
Q19833058,Chhattisgarh,21.665006,81.106636,Gandai Shiva temple,,,గండై శివాలయం,,,,,,,http://commons.wikimedia.org/wiki/Special:FilePath/12th%20or%2013th-century%20Gandai%20Shiv%20Mandir%2C%20Chhattisgarh%20-%201.jpg?width=640,Shiva,,,,,,Monument of National Importance,,Gandai temples and ruins,,http://commons.wikimedia.org/wiki/Special:FilePath/12th%20or%2013th-century%20Gandai%20Shiv%20Mandir%2C%20Chhattisgarh%20-%201.jpg?width=640,CC BY-SA 4.0,Ms Sarah Welch,,N-CT-36
Q19882059,Karnataka,11.968066,76.987765,Arakeshvara Templa,,,"అరకేశ్వర దేవాలయం, హొళె ఆలూరు","ಅರಕೇಶ್ವರ ದೇವಸ್ಥಾನ, ಹೊಳೆ ಆಲೂರು",,,,,,http://commons.wikimedia.org/wiki/Special:FilePath/Arakeshvara%20temple%20at%20Hole%20Alur.JPG?width=640,Shiva,,,,,,Monument of National Importance,,"Arakeshwara Temple, Hole Alur",https://upload.wikimedia.org/wikipedia/commons/7/7d/Arakeshvara_temple_at_Hole_Alur.JPG,https://upload.wikimedia.org/wikipedia/commons/7/7d/Arakeshvara_temple_at_Hole_Alur.JPG,CC BY-SA 4.0,Dineshkannambadi,"https://en.wikipedia.org/wiki/Arakeshvara_Temple,_Hole_Alur",N-KA-B81
Q19892371,Haryana,29.674200,76.254800,Kalayat Ancient Bricks Temple Complex,,,,,,প্রাচীনন শিবালয় সহ প্রাচীন ইঁট মন্দির,,,,http://commons.wikimedia.org/wiki/Special:FilePath/Brick%20Temple%20Complex%2C%20Kalayat%2C%20Kaithal%2C%20Haryana%2C%20India%2011.jpg?width=640,Shiva,,,,,,Monument of National Importance,,Kalayat Ancient Bricks Temple Complex,https://upload.wikimedia.org/wikipedia/commons/2/2c/Brick_Temple_Complex%2C_Kalayat%2C_Kaithal%2C_Haryana%2C_India_11.jpg,https://upload.wikimedia.org/wikipedia/commons/2/2c/Brick_Temple_Complex%2C_Kalayat%2C_Kaithal%2C_Haryana%2C_India_11.jpg,CC BY-SA 4.0,Manoj Khurana,https://en.wikipedia.org/wiki/Kalayat_Ancient_Bricks_Temple_Complex,N-HR-22
Q19893067,Karnataka,13.146861,76.539806,"Lakshminarasimha Temple, Vignasante",,,"లక్ష్మీనరసింహ ఆలయం, విగ్నసంతె","ಲಕ್ಷ್ಮೀನರಸಿಂಹ ದೇವಸ್ಥಾನ, ವಿಘ್ನಸಂತೆ",,,,,,http://commons.wikimedia.org/wiki/Special:FilePath/Lakshmi%20Narasimha%20temple%20at%20Vignasante.JPG?width=640,,,,,,,State Protected Monument,,"Lakshmi Narasimha Temple, Vignasante",https://upload.wikimedia.org/wikipedia/commons/8/89/Lakshmi_Narasimha_temple_at_Vignasante.JPG,https://upload.wikimedia.org/wikipedia/commons/8/89/Lakshmi_Narasimha_temple_at_Vignasante.JPG,CC BY-SA 3.0,Dineshkannambadi,"https://en.wikipedia.org/wiki/Lakshminarasimha_Temple,_Vignasante",S-KA-667
Q19893486,Karnataka,,,"Mahalingeshvara Temple, Santebachalli",,,,,,,,,,http://commons.wikimedia.org/wiki/Special:FilePath/Mahalingeshwara%20temple%20at%20Sante%20Bachalli.JPG?width=640,Shiva,,,,,,State Protected Monument,,"Mahalingeshwara Temple, Sante Bachalli",https://upload.wikimedia.org/wikipedia/commons/7/74/Mahalingeshwara_temple_at_Sante_Bachalli.JPG,https://upload.wikimedia.org/wikipedia/commons/7/74/Mahalingeshwara_temple_at_Sante_Bachalli.JPG,CC BY-SA 3.0,Dineshkannambadi,"https://en.wikipedia.org/wiki/Mahalingeshvara_Temple,_Santebachalli",S-KA-544
Q19893793,Himachal Pradesh,32.072500,76.137222,Masroor Temples,मसरूर मंदिर,மஸ்ரூர் கோவில்கள்,మస్రూర్ దేవాలయాలు,,മസ്റൂർ ടെംപിൾ,মাসরুর মন্দির,,,,http://commons.wikimedia.org/wiki/Special:FilePath/Masrur%20rockcut%20temple.jpg?width=640,,,Hindu temple architecture,,,,Monument of National Importance,,Masroor Temples,https://upload.wikimedia.org/wikipedia/commons/e/e6/Masrur_rockcut_temple.jpg,https://upload.wikimedia.org/wikipedia/commons/e/e6/Masrur_rockcut_temple.jpg,CC BY-SA 3.0,Akashdeep83,https://en.wikipedia.org/wiki/Masrur_Temples,N-HP-23
Q19895958,Karnataka,13.011250,76.477195,"Sadasiva Temple, Nuggehalli",,,సదాశివ దేవాలయం (కర్ణాటక),,,,,,,http://commons.wikimedia.org/wiki/Special:FilePath/Sadasiva%20temple%20at%20Nuggehalli%20-%20Hassan%20district%20of%20Karnataka%20state%20India%20view%20of%20entire%20temple.jpg?width=640,,,,,,,Monument of National Importance,,"Sadashiva Temple, Nuggehalli",https://upload.wikimedia.org/wikipedia/commons/e/eb/Sadasiva_temple_at_Nuggehalli_-_Hassan_district_of_Karnataka_state_India_view_of_entire_temple.jpg,https://upload.wikimedia.org/wikipedia/commons/e/eb/Sadasiva_temple_at_Nuggehalli_-_Hassan_district_of_Karnataka_state_India_view_of_entire_temple.jpg,,,"https://en.wikipedia.org/wiki/Sadasiva_Temple,_Nuggehalli",N-KA-B121
Q19898328,Karnataka,12.861361,76.486555,"Shantinatha Basadi, Jinanathapura",,,,"ಶಾಂತಿನಾಥ ಬಸದಿ, ಜಿನನಾಥಪುರ",,,,,,http://commons.wikimedia.org/wiki/Special:FilePath/Rear%20view%20of%20Shantinatha%20basadi%20at%20Jinanathapura.JPG?width=640,,,,,,,State Protected Monument,,"Shantinatha Basadi, Jinanathapura",https://upload.wikimedia.org/wikipedia/commons/3/39/Rear_view_of_Shantinatha_basadi_at_Jinanathapura.JPG,https://upload.wikimedia.org/wikipedia/commons/3/39/Rear_view_of_Shantinatha_basadi_at_Jinanathapura.JPG,,,"https://en.wikipedia.org/wiki/Shantinatha_Basadi,_Jinanathapura",S-KA-372
Q19899095,Karnataka,13.282600,75.997300,"Veera Narayana Temple, Belavadi",,வீரநாராயணர் கோயில்,"వీరనారాయణ ఆలయం, బలవాడి",ವೀರ ನಾರಾಯಣ ದೇವಸ್ಥಾನ ಬೆಳವಾಡಿ,"വീര നാരായണ ക്ഷേത്രം, ബെലവാടി",,,,,http://commons.wikimedia.org/wiki/Special:FilePath/Veeranarayana%20temple%20in%20belavadi%20Karnataka%20state%20India.jpg?width=640,,,,,,,Monument of National Importance,,"Veera Narayana Temple, Belavadi",https://upload.wikimedia.org/wikipedia/commons/2/2f/Shri_VeeraNarayana_Temple%2C_Belavadi.jpg,https://upload.wikimedia.org/wikipedia/commons/2/2f/Shri_VeeraNarayana_Temple%2C_Belavadi.jpg,,,"https://en.wikipedia.org/wiki/Veera_Narayana_Temple,_Belavadi",N-KA-B85
Q19899120,Karnataka,13.381111,76.558889,"Yoga Madhava Temple, Settikere",,,,,,,,,,http://commons.wikimedia.org/wiki/Special:FilePath/Profile%20of%20Yoga%20Madhava%20temple%20at%20Settikere.JPG?width=640,,,,,,,State Protected Monument,,"Yoga Madhava Temple, Settikere",https://upload.wikimedia.org/wikipedia/commons/6/6c/Profile_of_Yoga_Madhava_temple_at_Settikere.JPG,https://upload.wikimedia.org/wikipedia/commons/6/6c/Profile_of_Yoga_Madhava_temple_at_Settikere.JPG,,,"https://en.wikipedia.org/wiki/Yoga_Madhava_Temple,_Settikere",S-KA-677
Q20047741,Goa,15.503481,73.910473,"St Catherine's Chapel, Old Goa",,,,,വി. കത്രീനയുടെ ചാപ്പൽ,,,,,http://commons.wikimedia.org/wiki/Special:FilePath/Capela%20de%20Santa%20Catarina%2C%20Velha%20Goa%2C%202.jpg?width=640,,,baroque architecture,,,1550-01-01T00:00:00Z,Heritage of Portuguese Influence; Monument of National Importance,,Capela de Santa Catarina (Goa),https://upload.wikimedia.org/wikipedia/commons/6/64/Front_side_Chapel_of_St._Catherine.JPG,https://upload.wikimedia.org/wikipedia/commons/6/64/Front_side_Chapel_of_St._Catherine.JPG,CC BY-SA 3.0,Savio.wiki,https://en.wikipedia.org/wiki/Chapel_of_St._Catherine,N-GA-8
Q20047855,Goa,15.501743,73.904946,Church of Our Lady of the Rosary,,,,,ജപമാല രാത്ന്നി ദേവാലയം,,,,,http://commons.wikimedia.org/wiki/Special:FilePath/Lady%20of%20Rosary%20Church.jpg?width=640,,,Gothic art; Manueline,,,1543-01-01T00:00:00Z,Heritage of Portuguese Influence; Monument of National Importance,,Igreja de Nossa Senhora do Rosário (Goa),https://upload.wikimedia.org/wikipedia/commons/f/f2/Lady_of_Rosary_Church.jpg,https://upload.wikimedia.org/wikipedia/commons/f/f2/Lady_of_Rosary_Church.jpg,CC BY-SA 4.0,Utpal Chakravarty,https://en.wikipedia.org/wiki/Church_of_Our_Lady_of_the_Rosary_(Goa),N-GA-11
Q20053751,Goa,15.505669,73.915111,Church of St. Cajetan,,,,,വി. കാജേട്ടൻ ദേവാലയം,,,,,http://commons.wikimedia.org/wiki/Special:FilePath/Goa%20vecchia%2C%20san%20gaetano%2C%20esterno%2003.jpg?width=640,,,,,,1656-01-01T00:00:00Z,Heritage of Portuguese Influence; Monument of National Importance,,Igreja de São Caetano da Divina Providência (Goa),https://upload.wikimedia.org/wikipedia/commons/f/fd/Close_up_of_Front_Elevation_of_St._Cajetan_Church%2C_Goa.jpg,https://upload.wikimedia.org/wikipedia/commons/f/fd/Close_up_of_Front_Elevation_of_St._Cajetan_Church%2C_Goa.jpg,CC BY-SA 4.0,iMahesh,https://en.wikipedia.org/wiki/St._Cajetan_Church,N-GA-7
Q20313278,Karnataka,14.744164,75.896297,"Bhimeshvara Temple, Nilagunda",,,"భీమేశ్వర ఆలయం, నీలగుండ","ಭೀಮೇಶ್ವರ ದೇವಸ್ಥಾನ, ನೀಲಗುಂದ",,,,,,http://commons.wikimedia.org/wiki/Special:FilePath/Rear%20view%20of%20the%20Bhimeshvara%20temple%20at%20Nilagunda.JPG?width=640,,,,,,,Monument of National Importance,,"Bhimeshvara Temple, Nilagunda",https://upload.wikimedia.org/wikipedia/commons/6/62/Rear_view_of_the_Bhimeshvara_temple_at_Nilagunda.JPG,https://upload.wikimedia.org/wikipedia/commons/6/62/Rear_view_of_the_Bhimeshvara_temple_at_Nilagunda.JPG,,,"https://en.wikipedia.org/wiki/Bhimeshvara_Temple,_Nilagunda",N-KA-B104
Q2044395,Karnataka,13.332222,74.746111,Udupi Sri Krishna Matha,उडुपी कृष्ण मंदिर,உடுப்பி கிருஷ்ணர் கோயில்,ఉడిపి శ్రీ కృష్ణ మఠం,ಕೃಷ್ಣ ಮಠ,ഉഡുപ്പി ശ്രീകൃഷ്ണ ക്ഷേത്രം,উদুপি শ্রী কৃষ্ণ মন্দির,,,,http://commons.wikimedia.org/wiki/Special:FilePath/Udupi%20Sri%20Krishna%20Temple%2C%20Udupi%2C%20Karnataka%2C%20India%20%282007%29.jpg?width=640,Krishna,Vaishnavism,,,Madhvacharya,,State Protected Monument,,Udupi Krishna Temple,https://upload.wikimedia.org/wikipedia/commons/7/7d/Udupi_Sri_Krishna_Matha_Temple.jpg,https://upload.wikimedia.org/wikipedia/commons/7/7d/Udupi_Sri_Krishna_Matha_Temple.jpg,,,https://en.wikipedia.org/wiki/Udupi_Sri_Krishna_Matha,S-KA-692
Q20577737,Kerala,10.993912,76.007270,"Venkitta Thevar Shiva Temple, Kottakkal","वेंकिट्टा थेवर शिव मंदिर, कोट्टक्कल",,,,കോട്ടക്കൽ വെങ്കിട്ടത്തേവർ ശിവക്ഷേത്രം,"ভেঙ্কিতা থেভার শিব মন্দির, কোট্টক্কল","ଭେଙ୍କିଟା ଥାଭର୍ ଶିବ ମନ୍ଦିର, କୋଟାକ୍କାଲ୍ |",,,http://commons.wikimedia.org/wiki/Special:FilePath/Venkittathevar1.jpg?width=640,,,,,,,State Protected Monument,,"Venkitta Thevar Shiva Temple, Kottakkal",,http://commons.wikimedia.org/wiki/Special:FilePath/Venkittathevar1.jpg?width=640,,,,S-KL-35
Q20751086,Madhya Pradesh,26.436800,78.235200,"Chausath Yogini Temple, Mitaoli","चौसठ योगिनी मंदिर, मुरैना",,,"ಚೌಸತ್ ಯೋಗಿನಿ ದೇವಸ್ಥಾನ, ಮಿಟಾವೊಲಿ","ചോസ്ഥ യോഗിനി ക്ഷേത്രം, മൊരേണ","চৌষট্টি যোগিনী মন্দির, মোরেনা",,,"ચૌસઠ યોગિની મંદિર, મુરૈના",http://commons.wikimedia.org/wiki/Special:FilePath/Chausath%20Yogini%20Temple%2C%20Mitaoli%2C%20Morena%20006.jpg?width=640,,,,,,,Monument of National Importance,,"Chausath Yogini Temple, Mitaoli",https://upload.wikimedia.org/wikipedia/commons/c/ce/Chausath_Yogini_Temple%2C_Mitaoli%2C_Morena_006.jpg,https://upload.wikimedia.org/wikipedia/commons/c/ce/Chausath_Yogini_Temple%2C_Mitaoli%2C_Morena_006.jpg,CC BY-SA 4.0,Suyash Dwivedi,"https://en.wikipedia.org/wiki/Chausath_Yogini_Temple,_Mitaoli",N-MP-180
Q20824311,West Bengal,23.079863,87.320183,Malleshwar Temple,,,,,മല്ലേശ്വർ ടെംപിൾ,মল্লেশ্বর শিবমন্দির,ମାଲ୍ଲେଶ୍ବର ମନ୍ଦିର,,,http://commons.wikimedia.org/wiki/Special:FilePath/Mallesvara%20temple%20of%20Bishnupur%20in%20Bankura%20district%2004.jpg?width=640,,,Ek-ratna,,Bir Singha Dev,1622-01-01T00:00:00Z,Monument of National Importance,বসু কর নব গণিতে মল্লশকে শ্রীবীরসিংহেন অতি ললিতং দেবকুলং নিহিতং শিব পাদপদ্মেষু,Malleshwar Temple,https://upload.wikimedia.org/wikipedia/commons/7/76/Mallesvara_temple_of_Bishnupur_in_Bankura_district_04.jpg,https://upload.wikimedia.org/wikipedia/commons/7/76/Mallesvara_temple_of_Bishnupur_in_Bankura_district_04.jpg,CC BY-SA 4.0,SuvadipSanyal,https://en.wikipedia.org/wiki/Malleswar_Temple,N-WB-16
Q21503605,Rajasthan,26.988856,75.851183,Jagat Shiromani Temple,"जगत शिरोमणी मन्दिर ,आमेर",,"జగత్ శిరోమణి ఆలయం, ఆమేర్",,,,,,"જગત શિરોમણી મંદિર, આમેર",http://commons.wikimedia.org/wiki/Special:FilePath/Sri%20Jagat%20Siromani%20ji%20temple.JPG?width=640,,,,,,1608-01-01T00:00:00Z,Monument of National Importance,,Sri Jagat Siromani Temple,https://upload.wikimedia.org/wikipedia/commons/5/5e/Sri_Jagat_Siromani_ji_temple.JPG,https://upload.wikimedia.org/wikipedia/commons/5/5e/Sri_Jagat_Siromani_ji_temple.JPG,,,"https://en.wikipedia.org/wiki/Jagat_Shiromani_Temple,_Amer",N-RJ-82
Q21834506,Odisha,21.436444,86.828083,Khajuresvara temple complex,,,,,,,ଖଜୁରେଶ୍ୱର ଦେଉଳସମୂହ,,,http://commons.wikimedia.org/wiki/Special:FilePath/Khajuresvara%20group%20of%20temples%2C%20Sergarh%2C%20Balasore%20district%2C%20Odisha%2001.JPG?width=640,,,Kalinga architecture,,,,State Protected Monument,,Khajuresvara (group of temples),https://upload.wikimedia.org/wikipedia/commons/4/47/Khajuresvara_group_of_temples%2C_Sergarh%2C_Balasore_district%2C_Odisha_01.JPG,https://upload.wikimedia.org/wikipedia/commons/4/47/Khajuresvara_group_of_temples%2C_Sergarh%2C_Balasore_district%2C_Odisha_01.JPG,CC BY-SA 4.0,Subhashish Panigrahi,https://en.wikipedia.org/wiki/Khajuresvara_temple_complex,S-OR-7
Q22813712,Odisha,20.242611,85.840472,Sidheswar Temple,,,,,,সিদ্ধেশ্বর মন্দির,,,,http://commons.wikimedia.org/wiki/Special:FilePath/Bhubaneshwar%20ei027.jpg?width=640,,,,,,,Monument of National Importance,,Sidheswar Temple,,http://commons.wikimedia.org/wiki/Special:FilePath/Bhubaneshwar%20ei027.jpg?width=640,CC BY-SA 4.0,G41rn8,,N-OR-64
Q22952213,Karnataka,13.208650,75.004878,Chaturmukha Basadi,चतुर्मुख बसाड़ी,,,"ಚರ್ತುರ್ಮುಖ ಬಸದಿ, ಕಾರ್ಕಳ",,চতুর্মুখ বাসদী,,,,http://commons.wikimedia.org/wiki/Special:FilePath/Chaturmukha%20Temple%20N-KA-B200.JPG?width=640,,,,,,,Monument of National Importance,,Chaturmukha Basadi,https://upload.wikimedia.org/wikipedia/commons/4/43/Chaturmukha_Basadi.jpg,https://upload.wikimedia.org/wikipedia/commons/4/43/Chaturmukha_Basadi.jpg,CC BY-SA 3.0,Anoopratnaker,"https://en.wikipedia.org/wiki/Chaturmukha_Basadi,_Karkala",N-KA-B200
Q2365530,Odisha,20.238333,85.833611,Lingaraja Temple,लिंगराज मंदिर,லிங்கராஜர் கோயில்,లింగరాజ ఆలయం,ಲಿಂಗರಾಜ ದೇವಸ್ಥಾನ,ലിംഗരാജ ക്ഷേത്രം,লিঙ্গরাজ মন্দির,ଲିଙ୍ଗରାଜ ମନ୍ଦିର,,લિંગરાજ મંદિર,http://commons.wikimedia.org/wiki/Special:FilePath/Lingaraj%20temple%20Bhubaneswar.jpg?width=640,Shiva,,,,,1000-01-01T00:00:00Z,Monument of National Importance,,Lingaraj Temple,https://upload.wikimedia.org/wikipedia/commons/5/5d/Lingaraj_Temple_%2C_Bhubaneswar.jpg,https://upload.wikimedia.org/wikipedia/commons/5/5d/Lingaraj_Temple_%2C_Bhubaneswar.jpg,CC BY-SA 4.0,Satyakam Parthasarathy,https://en.wikipedia.org/wiki/Lingaraja_Temple,N-OR-55
Q2426825,Maharashtra,19.932241,73.530690,Trimbakeshwar Shiva Temple,त्र्यम्बकेश्वर मन्दिर,திரிம்பகேஸ்வரர் கோயில்,త్రయంబకేశ్వరాలయం (నాసిక్),ತ್ರ್ಯಂಬಕೇಶ್ವರ,ത്രയംബകേശ്വർ ക്ഷേത്രം,ত্রিম্বকেশ্বর শিব মন্দির,ତ୍ରିମ୍ବକେଶ୍ଵର ଶିବ ମନ୍ଦିର,त्र्यंबकेश्वर,ત્ર્યંબકેશ્વર મંદિર,http://commons.wikimedia.org/wiki/Special:FilePath/Trimbakeshwar%20nj.jpg?width=640,Shiva,,,,,,Monument of National Importance,,Trimbakeshwar Shiva Temple,https://upload.wikimedia.org/wikipedia/commons/1/12/Trimbakeshwar_Temple-Nashik-Maharashtra-1.jpg,https://upload.wikimedia.org/wikipedia/commons/1/12/Trimbakeshwar_Temple-Nashik-Maharashtra-1.jpg,,,https://en.wikipedia.org/wiki/Trimbakeshwar_Temple,N-MH-A73
Q24289564,Tamil Nadu,9.152951,77.704397,Vettuvan Koil,,வெட்டுவான் கோவில்,,,,,,,,http://commons.wikimedia.org/wiki/Special:FilePath/Vettuvan%20Kovil%20%283%29.jpg?width=640,Shiva,,,,,0701-01-01T00:00:00Z,State Protected Monument,,Vettuvankoil,https://upload.wikimedia.org/wikipedia/commons/5/5d/Vettuvan_Kovil_%283%29.jpg,https://upload.wikimedia.org/wikipedia/commons/5/5d/Vettuvan_Kovil_%283%29.jpg,,,https://en.wikipedia.org/wiki/Vettuvan_Koil,S-TN-71
Q24738391,Tamil Nadu,12.616700,80.191700,Mahishasuramardini Mandapa,,"மகிடாசுரமர்த்தினி மண்டபம், மாமல்லபுரம்",mahishasura mardhin cave temple,ಮಹಿಷಾಸುರಮರ್ಧಿನಿ ಮಂಟಪ,,,,,,http://commons.wikimedia.org/wiki/Special:FilePath/N-TN-C47%20Mahishasuramardini%20rock.jpg?width=640,,,,,,,Monument of National Importance,,Mahishasuramardini Cave Temple,https://upload.wikimedia.org/wikipedia/commons/4/49/Mahabalipuram_Mahishasura_2.jpg,https://upload.wikimedia.org/wikipedia/commons/4/49/Mahabalipuram_Mahishasura_2.jpg,CC BY-SA 3.0,Baldiri,https://en.wikipedia.org/wiki/Mahishasuramardini_Mandapa,N-TN-C47
Q24906618,Karnataka,12.083333,76.666667,"Lakshmikanta Temple, Kalale",,"இலட்சுமிகாந்தன் கோயில், கலாலே.",,,,,,,,http://commons.wikimedia.org/wiki/Special:FilePath/Rear%20View%20showing%20dravidian%20style%20sikhara%20over%20shrine%20and%20gopura%20over%20entrance%20in%20Lakshmikantha%20temple%20at%20Kalale.JPG?width=640,,,,,,,State Protected Monument,,"Lakshmikantha Temple, Kalale",https://upload.wikimedia.org/wikipedia/commons/6/6e/Rear_View_showing_dravidian_style_sikhara_over_shrine_and_gopura_over_entrance_in_Lakshmikantha_temple_at_Kalale.JPG,https://upload.wikimedia.org/wikipedia/commons/6/6e/Rear_View_showing_dravidian_style_sikhara_over_shrine_and_gopura_over_entrance_in_Lakshmikantha_temple_at_Kalale.JPG,,,"https://en.wikipedia.org/wiki/Lakshmikanta_Temple,_Kalale",S-KA-572
Q24906641,Karnataka,12.210000,76.906000,"Gunja Narasimha Swamy Temple, Thirumakudalu Narasipura",,"குஞ்சா நரசிம்ம சுவாமி கோயில், திருமக்குடல் நரசிபுரம்.",,"ಗುಂಜಾ ನರಸಿಂಹ ಸ್ವಾಮಿ ದೇವಾಲಯ, ತಿರುಮಕೂಡಲು ನರಸೀಪುರ",,,,,,http://commons.wikimedia.org/wiki/Special:FilePath/Gopura%20over%20entrance%20in%20Gunjanarasimhaswamy%20temple%20at%20Tirumakudal%20Narasipura.JPG?width=640,,,,,,,State Protected Monument,,"Gunjanarasimhaswamy Temple, Thirumakudalu Narasipura",https://upload.wikimedia.org/wikipedia/commons/1/10/Gopura_over_entrance_in_Gunjanarasimhaswamy_temple_at_Tirumakudal_Narasipura.JPG,https://upload.wikimedia.org/wikipedia/commons/1/10/Gopura_over_entrance_in_Gunjanarasimhaswamy_temple_at_Tirumakudal_Narasipura.JPG,CC BY-SA 3.0,Dineshkannambadi,"https://en.wikipedia.org/wiki/Gunja_Narasimha_Swamy_Temple,_Tirumakudal_Narasipura",S-KA-586
Q24906644,Karnataka,12.460000,76.390000,"Arakeshwara Temple, Haleyedatore",,,"అరకేశ్వర ఆలయం, హళేయడతోర్",,,,,,,http://commons.wikimedia.org/wiki/Special:FilePath/Arakeshwara%20temple%20and%20outer%20prakara%20at%20Hale%20Yadatore%20in%20Mysore%20district.JPG?width=640,,,,,,,State Protected Monument,,"Arakeshwara Temple, Hale Yadatore",https://upload.wikimedia.org/wikipedia/commons/a/a3/Arakeshwara_temple_and_outer_prakara_at_Hale_Yadatore_in_Mysore_district.JPG,https://upload.wikimedia.org/wikipedia/commons/a/a3/Arakeshwara_temple_and_outer_prakara_at_Hale_Yadatore_in_Mysore_district.JPG,CC BY-SA 3.0,Dineshkannambadi,"https://en.wikipedia.org/wiki/Arakeshwara_Temple,_Haleyedatore",S-KA-579
Q24906671,Karnataka,15.550000,76.400000,"Kanakachalapathi Temple, Kanakagiri",,"கனகாசலபதி கோயில், கனககிரி","కనకాచలపతి దేవాలయం, కనకగిరి",ಕನಕಾಚಲಪತಿ ದೇವಾಲಯ,,,,,,http://commons.wikimedia.org/wiki/Special:FilePath/Gopura%20over%20entrance%20to%20Kanakachalapathi%20temple%20at%20Kanakagiri%20in%20the%20Koppal%20district.JPG?width=640,,,,,,,State Protected Monument,,"Kanakachalapathi Temple, Kanakagiri",https://upload.wikimedia.org/wikipedia/commons/b/ba/Gopura_over_entrance_to_Kanakachalapathi_temple_at_Kanakagiri_in_the_Koppal_district.JPG,https://upload.wikimedia.org/wikipedia/commons/b/ba/Gopura_over_entrance_to_Kanakachalapathi_temple_at_Kanakagiri_in_the_Koppal_district.JPG,CC BY-SA 4.0,Dineshkannambadi,"https://en.wikipedia.org/wiki/Kanakachalapathi_Temple,_Kanakagiri",S-KA-537
Q24907856,Jharkhand,24.150000,87.666667,Maluti temples,मलूटी के मन्दिर,,,,,,,,,http://commons.wikimedia.org/wiki/Special:FilePath/%225.%20Cluster%20Of%20Temples%20in%20the%20village%20of%20Maluti%20in%20the%20Dumka%20district%20of%20Jharkhand.jpg?width=640,,,,,,,State Protected Monument,,Maluti temples,https://upload.wikimedia.org/wikipedia/commons/9/96/Some_clusters_of_temples_in_the_village_of_Maluti_at_Dumka_district_in_Jharkhand_State.jpg,https://upload.wikimedia.org/wikipedia/commons/9/96/Some_clusters_of_temples_in_the_village_of_Maluti_at_Dumka_district_in_Jharkhand_State.jpg,,,https://en.wikipedia.org/wiki/Maluti_temples,S-JH-1
Q24931006,Gujarat,22.257500,68.964444,Rukmini Devi Temple,,,రుక్మిణి దేవి ఆలయం,ರುಕ್ಮಿಣಿ ದೇವಿ ದೇವಾಲಯ,രുക്മിണി ദേവി ക്ഷേത്രം,রুক্মিণী দেবী মন্দির,ରୁକ୍ମଣୀ ଦେବୀ ମନ୍ଦିର,,રુકમણી દેવી મંદિર,http://commons.wikimedia.org/wiki/Special:FilePath/Rukmini%20temple.JPG?width=640,,,,,,,Monument of National Importance,,"Rukmini Devi Temple, Dwarka",https://upload.wikimedia.org/wikipedia/commons/b/b6/Rukmini_temple.JPG,https://upload.wikimedia.org/wikipedia/commons/b/b6/Rukmini_temple.JPG,,,https://en.wikipedia.org/wiki/Rukmini_Devi_Temple,N-GJ-128
Q24931166,Rajasthan,26.815000,75.786111,Sanghiji,संघीजी,,,,,,,,,http://commons.wikimedia.org/wiki/Special:FilePath/Sangheji%20jain%20temple%2Csanganer%2Cjaipur.JPG?width=640,,,,,,,State Protected Monument,,Sanghiji,https://upload.wikimedia.org/wikipedia/commons/b/b4/Sangheji_jain_temple%2Csanganer%2Cjaipur.JPG,https://upload.wikimedia.org/wikipedia/commons/b/b4/Sangheji_jain_temple%2Csanganer%2Cjaipur.JPG,,,https://en.wikipedia.org/wiki/Sanghiji,S-RJ-103
Q24937257,Tamil Nadu,12.615255,79.758266,"Vaikunda Perumal Temple, Uthiramerur",,"வைகுண்ட பெருமாள் கோயில், உத்திரமேரூர்",వైకుంఠ పెరుమాళ్ ఆలయం,,,,,,,http://commons.wikimedia.org/wiki/Special:FilePath/Vaikunta%20Perumal%2C%20Uthiramerur1.JPG?width=640,,,,,,,Monument of National Importance,,"Vaikunda Perumal Temple, Uthiramerur",https://upload.wikimedia.org/wikipedia/commons/3/35/Vaikunta_Perumal%2C_Uthiramerur1.JPG,https://upload.wikimedia.org/wikipedia/commons/3/35/Vaikunta_Perumal%2C_Uthiramerur1.JPG,,,"https://en.wikipedia.org/wiki/Vaikunda_Perumal_Temple,_Uthiramerur",N-TN-C169
Q24937544,Odisha,20.196681,85.948491,Buddhanath Temple,बुद्धनाथ मंदिर,புத்தநாத்து கோயில்,,,,বুদ্ধনাথ মন্দির,,,,http://commons.wikimedia.org/wiki/Special:FilePath/Buddhanath%20Temple.jpg?width=640,,,,,,,State Protected Monument,,"Buddhanath temple, Garedi Panchana",https://upload.wikimedia.org/wikipedia/commons/7/73/Buddhanatha_Temple.jpg,https://upload.wikimedia.org/wikipedia/commons/7/73/Buddhanatha_Temple.jpg,CC BY-SA 4.0,Sidsahu,https://en.wikipedia.org/wiki/Buddhanath_Temple,S-OR-125
Q24938434,Tamil Nadu,12.431111,79.466389,Avanibhajana Pallaveshwaram temple,,சீயமங்கலம் குடைவரைக் கோயில்,అవనిభజన పల్లవేశ్వరం ఆలయం,,,,,,,http://commons.wikimedia.org/wiki/Special:FilePath/%E0%AE%9A%E0%AE%BF%E0%AE%AF%E0%AE%AE%E0%AE%99%E0%AF%8D%E0%AE%95%E0%AE%B2%E0%AE%AE%E0%AF%8D%20%E0%AE%95%E0%AF%8B%E0%AE%B5%E0%AE%BF%E0%AE%B2%E0%AF%8D.jpg?width=640,,,,,,,Monument of National Importance,,Avanibhajana Pallaveshwaram Temple,https://upload.wikimedia.org/wikipedia/commons/d/d9/%E0%AE%9A%E0%AE%BF%E0%AE%AF%E0%AE%AE%E0%AE%99%E0%AF%8D%E0%AE%95%E0%AE%B2%E0%AE%AE%E0%AF%8D_%E0%AE%95%E0%AF%8B%E0%AE%B5%E0%AE%BF%E0%AE%B2%E0%AF%8D.jpg,https://upload.wikimedia.org/wikipedia/commons/d/d9/%E0%AE%9A%E0%AE%BF%E0%AE%AF%E0%AE%AE%E0%AE%99%E0%AF%8D%E0%AE%95%E0%AE%B2%E0%AE%AE%E0%AF%8D_%E0%AE%95%E0%AF%8B%E0%AE%B5%E0%AE%BF%E0%AE%B2%E0%AF%8D.jpg,,,https://en.wikipedia.org/wiki/Avanibhajana_Pallaveshwaram_Temple,N-TN-C207
Q24938746,Puducherry,11.940833,79.830000,Varadaraja Perumal Temple,,புதுச்சேரி வரதராஜ பெருமாள் கோயில்,వరదరాజ పెరుమాళ్ పెరుందేవి తాయార్ ఆలయం,ವರದರಾಜ ಪಡರುಮಾಳ್ ದೇವಸ್ಥಾನ,,,,,,http://commons.wikimedia.org/wiki/Special:FilePath/Varadharajaperumal%20temple%2C%20Puducherry%20%281%29.jpg?width=640,,,,,,,Monument of National Importance,,"Varadaraja Perumal Temple, Pondicherry",https://upload.wikimedia.org/wikipedia/commons/4/44/Varadharajaperumal_temple%2C_Puducherry_%281%29.jpg,https://upload.wikimedia.org/wikipedia/commons/4/44/Varadharajaperumal_temple%2C_Puducherry_%281%29.jpg,,,"https://en.wikipedia.org/wiki/Varadharaja_Perumal_Temple,_Puducherry",N-PY-6
Q24939725,Tamil Nadu,10.582222,78.897222,Kunnandarkoil Cave Temple,,குன்றாண்டார்கோயில் குகைக்கோவில்,కున్నందర్కోయిల్ గుహ ఆలయం,,,,,,,http://commons.wikimedia.org/wiki/Special:FilePath/%22Rock%20Cut%20Siva%20Cave%20Temple%22.JPG?width=640,,,rock-cut architecture,,,,Monument of National Importance,,Rock Cut Siva Cave Temple of Kunnandarkoil,https://upload.wikimedia.org/wikipedia/commons/a/a6/%22Rock_Cut_Siva_Cave_Temple%22.JPG,https://upload.wikimedia.org/wikipedia/commons/a/a6/%22Rock_Cut_Siva_Cave_Temple%22.JPG,CC BY-SA 3.0,Thamizhpparithi Maari,https://en.wikipedia.org/wiki/Kunnandarkoil_Cave_Temple,N-TN-C131
Q24943855,Gujarat,23.088139,69.593685,"Shiva Temple, Kera",,,,,,,"ଶିବ ମନ୍ଦିର, କେର",,"શિવ મંદિર, કેરા",http://commons.wikimedia.org/wiki/Special:FilePath/Ruined%20Shiva%20Temple%20Kera%20Kutch%20Gujarat.jpg?width=640,Shiva,,,,,,State Protected Monument,,"Shiva temple, Kera",https://upload.wikimedia.org/wikipedia/commons/e/e2/Ruined_Shiva_Temple_Kera_Kutch_Gujarat.jpg,https://upload.wikimedia.org/wikipedia/commons/e/e2/Ruined_Shiva_Temple_Kera_Kutch_Gujarat.jpg,,,"https://en.wikipedia.org/wiki/Shiva_temple,_Kera",S-GJ-54
Q24944004,Odisha,20.243317,85.856257,Megheswar Temple,,,,,,মেঘেশ্বর মন্দির,,,,http://commons.wikimedia.org/wiki/Special:FilePath/Megheswar%20temple%20Bhubaneswar%20%284%29.jpg?width=640,Shiva,,,,,,Monument of National Importance,,"Megheswar temple, Bhubaneswar",https://upload.wikimedia.org/wikipedia/commons/0/0f/Megheswara_temple.jpg,https://upload.wikimedia.org/wikipedia/commons/0/0f/Megheswara_temple.jpg,CC BY-SA 4.0,Rajeshjena453,https://en.wikipedia.org/wiki/Megheswar_Temple,N-OR-49
Q24946811,Tamil Nadu,12.763365,80.241909,Nithyakalyana Perumal temple,,திருவிடந்தை நித்ய கல்யாணப்பெருமாள் கோவில்,నిత్యకళ్యాణ పెరుమాళ్ ఆలయం,,,,,,,http://commons.wikimedia.org/wiki/Special:FilePath/Thiruvidanthai8.JPG?width=640,,,Dravidian architecture,,,,Monument of National Importance,,Nithyakalyana Perumal temple,https://upload.wikimedia.org/wikipedia/commons/a/a2/Thiruvidanthai8.JPG,https://upload.wikimedia.org/wikipedia/commons/a/a2/Thiruvidanthai8.JPG,,,https://en.wikipedia.org/wiki/Nithyakalyana_Perumal_temple,N-TN-C129
Q24950973,Jammu and Kashmir,33.923207,75.012829,Avanti Swami Temple,अवन्तिस्वामी मन्दिर,அவந்திசுவாமி கோயில்,అవంతిస్వామి దేవాలయం,,,অবন্তীস্বামী মন্দির,,,,http://commons.wikimedia.org/wiki/Special:FilePath/Avantiswami%20Temple%20entrance%20%286134257460%29.jpg?width=640,,,,,,,Monument of National Importance,,"Avantiswami Temple, Avantipur",https://upload.wikimedia.org/wikipedia/commons/e/e6/Ruins_of_Avantiswami_Temple_%2C_Awantipora%2C_J%26K%2CIndia_._05.jpg,https://upload.wikimedia.org/wikipedia/commons/e/e6/Ruins_of_Avantiswami_Temple_%2C_Awantipora%2C_J%26K%2CIndia_._05.jpg,,,https://en.wikipedia.org/wiki/Avantiswami_Temple,N-JK-24
Q24951898,Madhya Pradesh,23.100300,77.579700,Bhojeshwar Temple,भोजेश्वर मन्दिर,போஜேஷ்வர் கோயில்,భోజేశ్వర ఆలయం,,സൈവിത്തീ ക്ഷേത്രം,,,भोजेश्वर मंदिर,ભોજેશ્વર મંદિર,http://commons.wikimedia.org/wiki/Special:FilePath/Shiva%20Temple%2C%20Bhojpur%2001.jpg?width=640,Shiva,,,,,,Tentative World Heritage Site; Monument of National Importance,,Bhojeshwar Temple,https://upload.wikimedia.org/wikipedia/commons/d/d7/Shiva_Temple%2C_Bhojpur_01.jpg,https://upload.wikimedia.org/wikipedia/commons/d/d7/Shiva_Temple%2C_Bhojpur_01.jpg,,,https://en.wikipedia.org/wiki/Bhojeshwar_Temple,N-MP-218-a
Q24952190,Karnataka,14.765000,75.124000,"Tarakeshwara Temple, Hangal",,,,,,,,,,http://commons.wikimedia.org/wiki/Special:FilePath/Hangal%20Tarakeshwara%20photo7.jpg?width=640,Shiva,,,,,,Monument of National Importance,,"Tarakesvara Temple, Hangal",https://upload.wikimedia.org/wikipedia/commons/d/d4/KITLV_88225_-_Unknown_-_Tarakeshvara_temple_at_Hangal_in_British_India_-_1897.tif,https://upload.wikimedia.org/wikipedia/commons/d/d4/KITLV_88225_-_Unknown_-_Tarakeshvara_temple_at_Hangal_in_British_India_-_1897.tif,Public domain,Unknown authorUnknown author,"https://en.wikipedia.org/wiki/Tarakeshwara_Temple,_Hangal",N-KA-D238
Q2502406,Karnataka,15.335165,76.458727,Virupaksha Temple,hampi virupaksha temple information,விருபாட்சர் கோயில்,విరూపాక్ష దేవాలయం,ವಿರೂಪಾಕ್ಷ ದೇವಾಲಯ,വിരൂപാക്ഷക്ഷേത്രം,বিরূপাক্ষ মন্দির,ବିରୁପାକ୍ଷ ମନ୍ଦିର,"विरुपाक्ष मंदिर, हंपी",વિરૂપાક્ષ મંદિર,http://commons.wikimedia.org/wiki/Special:FilePath/Inner%20Courtyard%20of%20Virupaksha%20Temple%20at%20Hampi.jpg?width=640,Shiva,,,,Vijayanagara Empire,,Monument of National Importance,,Virupaksha Temple,https://upload.wikimedia.org/wikipedia/commons/b/b9/Complex_of_Virupaksha_Temple%2C_Hampi_%2804%29.jpg,https://upload.wikimedia.org/wikipedia/commons/b/b9/Complex_of_Virupaksha_Temple%2C_Hampi_%2804%29.jpg,CC BY-SA 4.0,iMahesh,"https://en.wikipedia.org/wiki/Virupaksha_Temple,_Hampi",N-KA-B205
Q25378223,West Bengal,21.994453,88.489914,Jatar Deul,,,,,,জটার দেউল,ଜଟାର ଦେଉଳ,,,http://commons.wikimedia.org/wiki/Special:FilePath/Jatar%20Deul%20-%20WB.jpg?width=640,,,Deul,,,,Monument of National Importance,,Jatar Deul,https://upload.wikimedia.org/wikipedia/commons/c/c5/Jatar_Deul_-_WB.jpg,https://upload.wikimedia.org/wikipedia/commons/c/c5/Jatar_Deul_-_WB.jpg,CC BY-SA 4.0,2Backpackers,https://en.wikipedia.org/wiki/Jatar_Deul,N-WB-6
Q25378270,West Bengal,23.609400,87.451912,Temple of Ichai Ghosh,,,,,,ইছাই ঘোষের দেউল,ଇଚାଇ ଘୋଷେଙ୍କର ଦେଉଳ,,,http://commons.wikimedia.org/wiki/Special:FilePath/Temple%20of%20Ichai%20Ghosh.jpg?width=640,,,Deul,,,,Monument of National Importance,,Temple of Ichai Ghosh,https://upload.wikimedia.org/wikipedia/commons/8/8a/Temple_of_Ichai_Ghosh.jpg,https://upload.wikimedia.org/wikipedia/commons/8/8a/Temple_of_Ichai_Ghosh.jpg,,,https://en.wikipedia.org/wiki/Ichhai_Ghosher_Deul,N-WB-51
Q25553364,Tamil Nadu,12.845278,79.706111,"Piravatheeswarar Temple, Kanchipuram",बृहदेश्वर मंदिर कांचीपुरम,காஞ்சிபுரம் பிறவாதீசுவரர் கோயில்,,,,বৃহদীশ্বর মন্দির কাঞ্চিপুরম,,,,http://commons.wikimedia.org/wiki/Special:FilePath/Piravathaneshwarer%20temple.jpg?width=640,,,,,,,Monument of National Importance,,"Piravatheeswarar Temple, Kanchipuram",,http://commons.wikimedia.org/wiki/Special:FilePath/Piravathaneshwarer%20temple.jpg?width=640,,,,N-TN-C148
Q25627418,Karnataka,12.901600,76.142300,"Nageshvara-Chennakeshava Temple complex, Mosale",,,"నాగేశ్వర-చెన్నకేశవ ఆలయ సముదాయం, మోసాలె",ಚೆನ್ನಕೇಶವ ನಾಗೇಶ್ವರ ದೇವಾಲಯ,,,,,,http://commons.wikimedia.org/wiki/Special:FilePath/Nageshvara%20%28near%29%20and%20Chennakeshava%20%28far%29%20temples%20at%20Mosale.JPG?width=640,,,,,,,Monument of National Importance,,Nageshvara-Chennakeshava Temple complex,https://upload.wikimedia.org/wikipedia/commons/e/ed/Twin_Temples_Nageshswara_%26_Chenna_Kesava_Temple_-_Mosale.jpg,https://upload.wikimedia.org/wikipedia/commons/e/ed/Twin_Temples_Nageshswara_%26_Chenna_Kesava_Temple_-_Mosale.jpg,,,"https://en.wikipedia.org/wiki/Nageshvara-Chennakeshava_Temple_complex,_Mosale",N-KA-B119
Q25643861,Odisha,,,"Siddeshwar Temple, Athmallik",,,,,,,"ସିଦ୍ଧେଶ୍ଵର ମନ୍ଦିର, ଆଠମଲ୍ଲିକ",,,http://commons.wikimedia.org/wiki/Special:FilePath/Siddeshwar%20Temple%2C%20Athmallik.JPG?width=640,,,,,,,State Protected Monument,,"Siddeshwar Temple, Athmallik",,http://commons.wikimedia.org/wiki/Special:FilePath/Siddeshwar%20Temple%2C%20Athmallik.JPG?width=640,,,,S-OR-3
Q25681781,Assam,26.958468,93.798458,Maghnowa Doul,,,,,,,,,,http://commons.wikimedia.org/wiki/Special:FilePath/Maghnuwa%20Doul.jpg?width=640,,,,,,,State Protected Monument,,Maghnowa Doul,,http://commons.wikimedia.org/wiki/Special:FilePath/Maghnuwa%20Doul.jpg?width=640,CC BY-SA 4.0,BolinHaz,,S-AS-71
Q25682148,Assam,26.186887,91.723977,Aswakranta temple,,,,,,অশ্বক্রান্ত মন্দির,,,,http://commons.wikimedia.org/wiki/Special:FilePath/Aswoklanta%20temple.JPG?width=640,,,,,,,State Protected Monument,,Aswaklanta Temple,,http://commons.wikimedia.org/wiki/Special:FilePath/Aswoklanta%20temple.JPG?width=640,CC BY-SA 3.0,Bornav27may,,S-AS-27
Q2570737,Gujarat,23.583806,72.132684,Sun Temple,मोदेरा सूर्य मंदिर,"சூரியன் கோயில், குஜராத்",మొధెరా సూర్య దేవాలయం,,"സൂര്യ ക്ഷേത്രം, മോണ്ടറ","সূর্য মন্দির, মধেরা","ସୂର୍ଯ୍ୟ ମନ୍ଦିର, ମୋଧେରା",मोढेराचे सूर्य मंदिर,"સૂર્યમંદિર, મોઢેરા",http://commons.wikimedia.org/wiki/Special:FilePath/Modhera.jpg?width=640,,,,,,1026-01-01T00:00:00Z,Monument of National Importance; Tentative World Heritage Site,,"Sun Temple, Modhera",https://upload.wikimedia.org/wikipedia/commons/7/73/Surya_mandhir.jpg,https://upload.wikimedia.org/wikipedia/commons/7/73/Surya_mandhir.jpg,,,"https://en.wikipedia.org/wiki/Sun_Temple,_Modhera",N-GJ-158
Q2578551,Odisha,20.240606,85.835781,Ananta Vasudeva Temple,अनंत वासुदेव मंदिर,,అనంత వాసుదేవ ఆలయం,ಅನಂತ ವಾಸುದೇವ ದೇವಸ್ಥಾನ,അനന്ത വാസുദേവ ക്ഷേത്രം,অনন্ত বাসুদেব মন্দির,ଅନନ୍ତ ବାସୁଦେବ ମନ୍ଦିର,अनंत वासुदेव मंदिर,,http://commons.wikimedia.org/wiki/Special:FilePath/Ananta%20Basudev%20Temple%2C%20Bhubaneswar.jpg?width=640,,,,,,,Monument of National Importance,,Ananta Vasudeva Temple,https://upload.wikimedia.org/wikipedia/commons/0/0a/Ananta_Vasudev.jpg,https://upload.wikimedia.org/wikipedia/commons/0/0a/Ananta_Vasudev.jpg,CC BY-SA 4.0,Satyabrata,https://en.wikipedia.org/wiki/Ananta_Vasudeva_Temple,N-OR-50
Q2620389,Andhra Pradesh,17.766400,83.250500,Simhachalam Temple,सिंहाचलम मंदिर,சிம்மாச்சலம்,సింహాచలం,"ವರಾಹ ಲಕ್ಷ್ಮಿ ನರಸಿಂಹ ದೇವಸ್ಥಾನ, ಸಿಂಹಾಚಲಂ",,"বরাহ লক্ষ্মী নৃসিংহ মন্দির, সিংহচলম",ସିଙ୍ଘାଚଳମ ମନ୍ଦିର,,,http://commons.wikimedia.org/wiki/Special:FilePath/Temple%20tower%20at%20simhachalaM.JPG?width=640,,,,,,,State Protected Monument,,Simhachalam Varaha Narasimha Temple,https://upload.wikimedia.org/wikipedia/commons/1/18/Simhachalam_temple_from_a_hilltop.jpg,https://upload.wikimedia.org/wikipedia/commons/1/18/Simhachalam_temple_from_a_hilltop.jpg,,,"https://en.wikipedia.org/wiki/Varaha_Lakshmi_Narasimha_temple,_Simhachalam",S-AP-455
Q26258400,Madhya Pradesh,24.593000,74.817500,Nava Toran Temple,,,,,,,,,,http://commons.wikimedia.org/wiki/Special:FilePath/0111321%20Nau%20toran%20temple%2C%20Navatorana%20mandir%2C%20Khor%20Madhya%20Pradesh%20012.jpg?width=640,,,,,,,Monument of National Importance,,Nava Toran Temple,https://upload.wikimedia.org/wikipedia/commons/6/6d/Nova_Toran_Temple_%2C_Khor_%2CNeemuch_Nimach_near_vikram_Cement_Campus_%2813%29.jpg,https://upload.wikimedia.org/wikipedia/commons/6/6d/Nova_Toran_Temple_%2C_Khor_%2CNeemuch_Nimach_near_vikram_Cement_Campus_%2813%29.jpg,,,https://en.wikipedia.org/wiki/Nava_Toran_Temple,N-MP-178
Q26708817,Gujarat,22.028611,69.928889,Gop Temple,गोप मन्दिर,"சூரியக் கோயில், ஜாம்நகர்",గోప్ ఆలయం,,ഗോപ് ടെംപിൾ,,ଗୋପ ମନ୍ଦିର,,ગોપનું મંદિર,http://commons.wikimedia.org/wiki/Special:FilePath/Gop%20Gupta-Tempel%201999.JPG?width=640,,,Hindu temple architecture,,,,Monument of National Importance,,Gop temple,https://upload.wikimedia.org/wikipedia/commons/a/a4/Gop_Gupta-Tempel_1999.JPG,https://upload.wikimedia.org/wikipedia/commons/a/a4/Gop_Gupta-Tempel_1999.JPG,Public domain,Arnold Betten,https://en.wikipedia.org/wiki/Gop_Temple,N-GJ-133
Q26833741,Tamil Nadu,12.830278,79.680833,Trilokyanatha Temple,,திரைலோக்கியநாதர் கோயில்,,,,,,,,http://commons.wikimedia.org/wiki/Special:FilePath/Tiruparuthikundram%20%2815%29.jpg?width=640,,,,,,,State Protected Monument,,Trilokyanatha Temple,https://upload.wikimedia.org/wikipedia/commons/1/17/Tiruparuthikundram_%2815%29.jpg,https://upload.wikimedia.org/wikipedia/commons/1/17/Tiruparuthikundram_%2815%29.jpg,,,https://en.wikipedia.org/wiki/Trilokyanatha_Temple,S-TN-16
Q26898655,Gujarat,23.583412,72.590233,"Jasmalnathji Mahadev Temple, Asoda",,,,,,,,,જસમલનાથજી મહાદેવ મંદિર,http://commons.wikimedia.org/wiki/Special:FilePath/Jasmalnathji%20Shiva%20Temple%2C%20Asoda%2C%20Gujarat.jpg?width=640,Shiva,,,,,,Monument of National Importance,,Jasmalnathji Mahadev Temple,https://upload.wikimedia.org/wikipedia/commons/1/17/Jasmalnathji_Shiva_Temple%2C_Asoda%2C_Gujarat.jpg,https://upload.wikimedia.org/wikipedia/commons/1/17/Jasmalnathji_Shiva_Temple%2C_Asoda%2C_Gujarat.jpg,CC BY-SA 3.0,Aditya Mahar,https://en.wikipedia.org/wiki/Jasmalnathji_Mahadev_Temple,N-GJ-153
Q27074014,Gujarat,23.826183,68.778087,Lakhpat Gurdwara Sahib,लखपत गुरुद्वारा साहिब,,,,,লাখপত গুরুদুয়ারা সাহিব,,,લખપત ગુરુદ્વારા,http://commons.wikimedia.org/wiki/Special:FilePath/Lakhpat%20Gurdwara%202014-01-27%2013-07.jpg?width=640,,,,,,,State Protected Monument,,Lakhpat Gurdwara Sahib,https://upload.wikimedia.org/wikipedia/commons/7/7b/Lakhpat_Gurdwara_2014-01-27_13-07.jpg,https://upload.wikimedia.org/wikipedia/commons/7/7b/Lakhpat_Gurdwara_2014-01-27_13-07.jpg,CC BY-SA 3.0,User:Nizil Shah,https://en.wikipedia.org/wiki/Lakhpat_Gurdwara_Sahib,S-GJ-65
Q27230270,Kerala,10.673056,76.227500,Pallimanna Siva Temple,,பள்ளிமன்னா சிவன் கோயில்,,,പള്ളിമണ്ണ ശിവക്ഷേത്രം,,,,,http://commons.wikimedia.org/wiki/Special:FilePath/Pallimanna%20Siva%20temple%20complex%20DSC%200616.JPG?width=640,Shiva,,,,,,Monument of National Importance,,Pallimanna Siva temple,https://upload.wikimedia.org/wikipedia/commons/a/a0/Pallimanna_Siva_temple_complex_DSC_0618.JPG,https://upload.wikimedia.org/wikipedia/commons/a/a0/Pallimanna_Siva_temple_complex_DSC_0618.JPG,,,https://en.wikipedia.org/wiki/Pallimanna_Siva_Temple,N-KL-17
Q2728976,Madras State,12.842307,79.689679,"Kailasanathar Temple, Kanchipuram","कैलाशनाथ मंदिर, कांचीपुरम",காஞ்சிபுரம் கைலாசநாதர் கோயில்,కాంచి కైలాసనాథర్ ఆలయం,,കൈലാസനാഥർ ക്ഷേത്രം,,କାଞ୍ଚି କୈଳାସନାଥାର ମନ୍ଦିର,,"કૈલાસનાથ મંદિર, કાંચીપુરમ",http://commons.wikimedia.org/wiki/Special:FilePath/7th%20century%20Sri%20Kailashnathar%20Temple%20Kanchipuram%20Tamil%20Nadu%20India%2001%20%2813%29.jpg?width=640,,,,,,,Monument of National Importance,,"Kailasanathar Temple, Kanchipuram",https://upload.wikimedia.org/wikipedia/commons/1/19/7th_century_Sri_Kailashnathar_Temple_Kanchipuram_Tamil_Nadu_India_01_%2811%29.jpg,https://upload.wikimedia.org/wikipedia/commons/1/19/7th_century_Sri_Kailashnathar_Temple_Kanchipuram_Tamil_Nadu_India_01_%2811%29.jpg,CC BY 2.0,"Bikash Das from bangalore, india","https://en.wikipedia.org/wiki/Kailasanathar_Temple,_Kanchipuram",N-TN-C162
Q2731512,Gujarat,22.785042,73.277486,Galteswar Temple,,,గల్తేశ్వర్ ఆలయం,,,,ଗଲତେଶ୍ଵର ମହାଦେବ ମନ୍ଦିର,,ગળતેશ્વર મંદિર,http://commons.wikimedia.org/wiki/Special:FilePath/InformationAtGalteshwarTemple.jpg?width=640,Shiva,,,,,,Monument of National Importance,,Galteshwar Temple,https://upload.wikimedia.org/wikipedia/commons/1/19/General_view_of_the_Galteshwar_temple.jpg,https://upload.wikimedia.org/wikipedia/commons/1/19/General_view_of_the_Galteshwar_temple.jpg,CC BY-SA 4.0,Jaimin Mahendra patel,https://en.wikipedia.org/wiki/Galteshwar_Temple,N-GJ-144
Q27914560,Madhya Pradesh,26.584931,78.248557,"Kakanmath temple, Sihoniya",ककनमठ,,కాకన్మఠ్,,,,,,,http://commons.wikimedia.org/wiki/Special:FilePath/0121621%20Kakanmath%20temple%2C%20Sihoniya%20Madhya%20Pradesh%20068.jpg?width=640,Shiva,,,,,,Monument of National Importance,,"Kakanmath Temple, Sihoniya Bawadipura",https://upload.wikimedia.org/wikipedia/commons/5/59/Kakan_Math.jpg,https://upload.wikimedia.org/wikipedia/commons/5/59/Kakan_Math.jpg,CC BY-SA 4.0,Email4anchal,https://en.wikipedia.org/wiki/Kakanmath,N-MP-183
Q28035249,Madhya Pradesh,24.845111,79.936607,Adinatha temple,,,"ఆదినాథ ఆలయం, ఖజురహో",,ആദിനാഥ ക്ഷേത്രം,,,,,http://commons.wikimedia.org/wiki/Special:FilePath/Krajuraho%20Adinath%20temple%202010.JPG?width=640,,,,,,,Monument of National Importance; part of UNESCO World Heritage Site,,Adinath Jain Temple Khajuraho,https://upload.wikimedia.org/wikipedia/commons/9/9f/Krajuraho_Adinath_temple_2010.JPG,https://upload.wikimedia.org/wikipedia/commons/9/9f/Krajuraho_Adinath_temple_2010.JPG,CC BY-SA 4.0,Marcin Białek,"https://en.wikipedia.org/wiki/Adinatha_temple,_Khajuraho",N-MP-24
Q28041245,Goa,15.504500,73.923500,Chapel of our Lady of the Mount,,,,,ചാപ്പൽ ഓഫ് ഔറ് ലേഡി ഓഫ് മൊണ്ടെ,,,,,http://commons.wikimedia.org/wiki/Special:FilePath/Evening%20Chapel%20of%20Our%20Lady%20of%20Monte.JPG?width=640,,Catholicism,baroque architecture,,,,Heritage of Portuguese Influence; State Protected Monument,,Chapel of Our Lady of Monte,https://upload.wikimedia.org/wikipedia/commons/8/8f/Church_of_Our_Lady_of_the_Mount.jpg,https://upload.wikimedia.org/wikipedia/commons/8/8f/Church_of_Our_Lady_of_the_Mount.jpg,CC BY-SA 4.0,Agtambe1969,https://en.wikipedia.org/wiki/Chapel_of_Our_Lady_of_the_Mount,S-GA-42
Q28080928,Gujarat,21.121441,71.896769,Firangi Deval,,,,,,,,,ફિરંગી દેવળ,http://commons.wikimedia.org/wiki/Special:FilePath/Firangi%20Deval%2C%20Bhavnagar%20district%2C%20Gujarat%2C%20India.jpg?width=640,,,,,,,State Protected Monument,,"Firangi Deval, Kalsar",https://upload.wikimedia.org/wikipedia/commons/2/28/Firangi_Deval%2C_Bhavnagar_district%2C_Gujarat%2C_India.jpg,https://upload.wikimedia.org/wikipedia/commons/2/28/Firangi_Deval%2C_Bhavnagar_district%2C_Gujarat%2C_India.jpg,CC BY-SA 3.0,Sarthak2106,https://en.wikipedia.org/wiki/Firangi_Deval,S-GJ-33
Q28171838,Madhya Pradesh,24.846150,79.933300,Ghantai temple,घंटाई मन्दिर,,ఘంటై ఆలయం,,ഗാന്ധി ക്ഷേത്രം,,,,,http://commons.wikimedia.org/wiki/Special:FilePath/A%20ruin%2C%20pillars%20at%20Khajuraho%2C%20India.jpg?width=640,,,,,,,Monument of National Importance; part of UNESCO World Heritage Site,,Ghantaï temple Khajuraho,https://upload.wikimedia.org/wikipedia/commons/1/15/A_ruin%2C_pillars_at_Khajuraho%2C_India.jpg,https://upload.wikimedia.org/wikipedia/commons/1/15/A_ruin%2C_pillars_at_Khajuraho%2C_India.jpg,CC BY 2.0,"Patty Ho from Toronto, Canada",https://en.wikipedia.org/wiki/Ghantai_temple,N-MP-27
Q28172762,Kerala,10.167011,76.403059,Thiru Nayathode Siva Narayana Temple,,திருநயத்தோடு சிவ நாராயண கோயில்,,,തിരു നായത്തൊട് ശിവ നാരായണ ക്ഷേത്രം,,,,,http://commons.wikimedia.org/wiki/Special:FilePath/Thirunayathod%20Shivanarayana%20Temple%20DSC%201568.jpg?width=640,Shiva,,,,,,State Protected Monument,,Thirunayathode Siva Narayana Temple,https://upload.wikimedia.org/wikipedia/commons/f/fd/Thirunayathod_Shivanarayana_Temple_DSC_1558.jpg,https://upload.wikimedia.org/wikipedia/commons/f/fd/Thirunayathod_Shivanarayana_Temple_DSC_1558.jpg,,,https://en.wikipedia.org/wiki/Thiru_Nayathode_Siva_Narayana_Temple,S-KL-12
Q28173401,Madhya Pradesh,24.844620,79.936300,Shantinatha temple,,,"శాంతినాథ ఆలయం, ఖజురహో",,ശാന്തിനാഥ് ജൈന ക്ഷേത്രം,,,,,http://commons.wikimedia.org/wiki/Special:FilePath/Jain%20group%20of%20temples%20-%20Khajuraho%2009.jpg?width=640,,,,,,,Monument of National Importance; part of UNESCO World Heritage Site,,Shantinath Jain Temple Khajuraho,https://upload.wikimedia.org/wikipedia/commons/c/c2/Shantinath_Temple_Khajuraho.jpg,https://upload.wikimedia.org/wikipedia/commons/c/c2/Shantinath_Temple_Khajuraho.jpg,,,"https://en.wikipedia.org/wiki/Shantinatha_temple,_Khajuraho",N-MP-30
Q28173467,Madhya Pradesh,24.850806,79.911267,Lalguan Mahadeva temple,,,లాల్గువాన్ మహాదేవ ఆలయం,,ലാൽഗുൻ മഹാദേവ ക്ഷേത്രം,,,,,http://commons.wikimedia.org/wiki/Special:FilePath/Lalguan%20Mahadev%20Temple%20Khajuraho.jpg?width=640,Shiva,,,,,,part of UNESCO World Heritage Site; Monument of National Importance,,Lalguan Mahadeva temple,https://upload.wikimedia.org/wikipedia/commons/f/f9/Lalguan_Mahadev_Temple_Khajuraho.jpg,https://upload.wikimedia.org/wikipedia/commons/f/f9/Lalguan_Mahadev_Temple_Khajuraho.jpg,CC BY-SA 4.0,Itsmalay~commonswiki,https://en.wikipedia.org/wiki/Lalguan_Mahadeva_Temple,N-MP-17
Q28178889,Rajasthan,25.927050,75.457125,Bisaldeo temple,बीसलदेव मन्दिर,,బిసల్దేవ్ ఆలయం,,,,,,,http://commons.wikimedia.org/wiki/Special:FilePath/Bisaldeo%20temple.jpg?width=640,Shiva,,,,,,Monument of National Importance,,Bisaldeo Temple,https://upload.wikimedia.org/wikipedia/commons/5/5d/Bisaldeo_temple.jpg,https://upload.wikimedia.org/wikipedia/commons/5/5d/Bisaldeo_temple.jpg,CC BY-SA 4.0,Siddharth tiwari,https://en.wikipedia.org/wiki/Bisaldeo_temple,N-RJ-102
Q28501535,Karnataka,13.252128,76.615473,"Chennakeshava Temple, Aralaguppe",,,"చెన్నకేశవ ఆలయం, అరలగుప్పె",ಅರಳುಗುಪ್ಪೆ,,,,,,http://commons.wikimedia.org/wiki/Special:FilePath/Chennakeshava%20temple%20at%20Aralaguppe.jpg?width=640,,,,,,,Monument of National Importance,,"Chennakeshava Temple, Aralaguppe",https://upload.wikimedia.org/wikipedia/commons/c/cf/Chennakeshava_temple_at_Aralaguppe.jpg,https://upload.wikimedia.org/wikipedia/commons/c/cf/Chennakeshava_temple_at_Aralaguppe.jpg,Public domain,Manjuap at English Wikipedia,"https://en.wikipedia.org/wiki/Chennakeshava_Temple,_Aralaguppe",N-KA-B193
Q28952563,Goa,15.500773,73.911756,Chapel of Saint Francis Xavier,,,,,വി. ഫ്രാൻസിസ് അസ്സിസിയുടെ ദേവാലയം,,,,,http://commons.wikimedia.org/wiki/Special:FilePath/Old%20Goa%2CChapel%20of%20St.%20Xavier.jpg?width=640,,,baroque architecture,,,1884-01-01T00:00:00Z,Monument of National Importance; Heritage of Portuguese Influence,,Chapel of St. Francis Xavier (Goa),,http://commons.wikimedia.org/wiki/Special:FilePath/Old%20Goa%2CChapel%20of%20St.%20Xavier.jpg?width=640,,,,N-GA-9
Q29025058,Maharashtra,19.517736,73.722980,Amruteshwar Temple,,,,,അമൃതേശ്വർ ക്ഷേത്രം,,,"अमृतेश्वर मंदिर, रतनवाडी",,http://commons.wikimedia.org/wiki/Special:FilePath/Amriteshwar%20temple.jpg?width=640,,,,,,,Monument of National Importance,,Amruteshwar Temple,https://upload.wikimedia.org/wikipedia/commons/c/c6/Amruteshwar_Temple_Entrance_Ratangad.JPG,https://upload.wikimedia.org/wikipedia/commons/c/c6/Amruteshwar_Temple_Entrance_Ratangad.JPG,CC BY-SA 3.0,Nitin Darekar,https://en.wikipedia.org/wiki/Amruteshwar_Temple,N-MH-A23
Q2942482,Goa,15.503769,73.912290,Se Cathedral,,,,,സീ കത്തീഡ്രൽ,,,,,http://commons.wikimedia.org/wiki/Special:FilePath/Goa%20vecchia%2C%20cattedrale%20della%20s%C3%A9%2C%20esterno%2002.jpg?width=640,Catherine of Alexandria,Catholicism,Gothic art,,,1562-01-01T00:00:00Z,Monument of National Importance; Heritage of Portuguese Influence,,Sé Cathedral (Goa),https://upload.wikimedia.org/wikipedia/commons/2/2a/Se_Cathedral_from_Rua_Direita.jpg,https://upload.wikimedia.org/wikipedia/commons/2/2a/Se_Cathedral_from_Rua_Direita.jpg,,,https://en.wikipedia.org/wiki/Se_Cathedral,N-GA-17
Q29467430,Tamil Nadu,12.247222,79.403333,Gingee Venkataramana Temple,,செஞ்சி வெங்கட்ரமணசாமி கோவில்,సెంజి వెంకటరమణ స్వామి ఆలయం,,,,,,,http://commons.wikimedia.org/wiki/Special:FilePath/Venkataraman%20Temple%2C%20Gingee.jpg?width=640,,,,,,,Monument of National Importance,,Gingee Venkataramana Temple,https://upload.wikimedia.org/wikipedia/commons/7/72/Venkataraman_Temple%2C_Gingee.jpg,https://upload.wikimedia.org/wikipedia/commons/7/72/Venkataraman_Temple%2C_Gingee.jpg,,,https://en.wikipedia.org/wiki/Gingee_Venkataramana_Temple,N-TN-C240
Q29634204,Rajasthan,25.333333,76.624167,Bhand Deva Temple,,பந்த் தேவா கோயில்,భాండ్ దేవ దేవాలయం,,,,,,,http://commons.wikimedia.org/wiki/Special:FilePath/Bhand%20devra%20Mini%20Khajurawo.jpg?width=640,Shiva,,,,,,State Protected Monument,,Bhand Devra Temple,https://upload.wikimedia.org/wikipedia/commons/1/14/Bhand_devra_Mini_Khajurawo.jpg,https://upload.wikimedia.org/wikipedia/commons/1/14/Bhand_devra_Mini_Khajurawo.jpg,CC BY-SA 4.0,Bhubaran(Bhupendra Kumar Bairwa),https://en.wikipedia.org/wiki/Bhand_Deva_Temple,S-RJ-20
Q29863682,Gujarat,23.659032,73.083052,Roda Group of Temples,,,,,,,,,રોડા મંદિર સમૂહ,http://commons.wikimedia.org/wiki/Special:FilePath/Roda%20Temples-8.jpg?width=640,Shiva,,,,,,Monument of National Importance,,"Group of temples, Khed and Roda",https://upload.wikimedia.org/wikipedia/commons/6/64/Roda_Temples-6.jpg,https://upload.wikimedia.org/wikipedia/commons/6/64/Roda_Temples-6.jpg,,,https://en.wikipedia.org/wiki/Roda_Group_of_Temples,N-GJ-176
Q3051967,West Bengal,22.569904,88.345947,St. John's Church,"सेंट जॉन्स चर्च, कोलकाता",,స్థ. జాన్'స్ చర్చి,,സെന്റ് ജോൺസ് ചർച്ച്,"সেন্ট জন্স চার্চ, কলকাতা",ସେନ୍ଟ ଜନ'ସ ଚାର୍ଚ,,,http://commons.wikimedia.org/wiki/Special:FilePath/Panorama%20view%20of%20St.%20John%27s%20Church%20%284%29%2C%20Kolkata%20%28cropped%29.jpg?width=640,,,Neoclassical architecture,,,1784-01-01T00:00:00Z,Monument of National Importance; KMC Heritage Building Grade I,,"St. John's Church, Kolkata",https://upload.wikimedia.org/wikipedia/commons/6/63/St._John%27s_Church_at_Hastigns_Street%2CKolkata.JPG,https://upload.wikimedia.org/wikipedia/commons/6/63/St._John%27s_Church_at_Hastigns_Street%2CKolkata.JPG,,,"https://en.wikipedia.org/wiki/St._John%27s_Church,_Kolkata",N-WB-76
Q30625771,Uttarakhand,29.907056,79.615278,Baijnath Temple Complex,बैजनाथ मन्दिर परिसर,,"బైజ్నాథ్ ఆలయ సముదాయం, ఉత్తరాఖండ్",ಬೈಜ್ನಾಥ್ ದೇವಾಲಯ ಸಂಕೀರ್ಣ,,,,,,http://commons.wikimedia.org/wiki/Special:FilePath/Temples%20of%20Baijnath%2C%20Uttarakhand%2C%20India.jpg?width=640,Shiva,,,,,,Monument of National Importance,,Baijnath Temple Complex,https://upload.wikimedia.org/wikipedia/commons/1/1b/Temples_of_Baijnath%2C_Uttarakhand%2C_India.jpg,https://upload.wikimedia.org/wikipedia/commons/1/1b/Temples_of_Baijnath%2C_Uttarakhand%2C_India.jpg,,,https://en.wikipedia.org/wiki/Baijnath_Temple_Complex,N-UT-21
Q30753669,Goa,15.500172,73.906491,"Church of St. Augustine, Goa",,,,,"വി. ആഗസ്റ്റിന്റെ ദേവാലയം, ഗോവ",,,,,http://commons.wikimedia.org/wiki/Special:FilePath/Goa%20vecchia%2C%20rovine%20della%20chiesa%20di%20sant%27agostino%2001.jpg?width=640,,,baroque architecture,,,,Monument of National Importance; Heritage of Portuguese Influence,,"St. Augustine Church, Goa",https://upload.wikimedia.org/wikipedia/commons/8/8c/Churches_and_Convents_of_Goa-109264.jpg,https://upload.wikimedia.org/wikipedia/commons/8/8c/Churches_and_Convents_of_Goa-109264.jpg,CC BY-SA 3.0 igo,Francesco Bandarin,"https://en.wikipedia.org/wiki/Church_of_St._Augustine,_Goa",N-GA-12
Q31368446,Tamil Nadu,12.767500,79.692500,Kuranganilmuttam rock-cut shrine,,குரங்கணில்முட்டம் குடைவரை,,,,,,,,http://commons.wikimedia.org/wiki/Special:FilePath/Kuranganilmuttam%2001.jpg?width=640,,,,,,,Monument of National Importance,,,,http://commons.wikimedia.org/wiki/Special:FilePath/Kuranganilmuttam%2001.jpg?width=640,CC BY-SA 4.0,Nandhinikandhasamy,,N-TN-C201
Q31727758,West Bengal,23.220278,88.364722,Nava-Kailasha Temple,,புதிய கைலாச கோயில்,,,,নব কৈলাশ মন্দির,ନବ କୈଳାସ ମନ୍ଦିର,,,http://commons.wikimedia.org/wiki/Special:FilePath/108%20Shiv%20mandir.jpg?width=640,,,At-chala,,,,Monument of National Importance,,Nava Kailash,,http://commons.wikimedia.org/wiki/Special:FilePath/108%20Shiv%20mandir.jpg?width=640,CC BY-SA 4.0,Sudipta Maulik,https://en.wikipedia.org/wiki/Naba_Kailash_Mandir,N-WB-54-g
Q31727762,West Bengal,23.221268,88.365701,Krishna Chandraji Temple,,,,,,কৃষ্ণচন্দ্রজী মন্দির,କୃଷ୍ଣଚନ୍ଦ୍ରଜୀ ମନ୍ଦିର,,,http://commons.wikimedia.org/wiki/Special:FilePath/Krishna%20Chandraji%20Temple%20-%20Kalna%20-%202.jpg?width=640,,,Panchabimsati-ratna,,,,Monument of National Importance,,Krishna Chandra Mandir,,http://commons.wikimedia.org/wiki/Special:FilePath/Krishna%20Chandraji%20Temple%20-%20Kalna%20-%202.jpg?width=640,CC BY-SA 4.0,Sumit Surai,,N-WB-54-e
Q31727767,West Bengal,23.221041,88.364875,Pratapeswar Siva Temple,,,,,,প্রতাপেশ্বর মন্দির,ପ୍ରତାପେଶ୍ବର ମନ୍ଦିର,प्रतापेश्वर शिव मंदिर,,http://commons.wikimedia.org/wiki/Special:FilePath/Pratapeswar%20Shiva%20Temple.jpg?width=640,,,Deul,,,,Monument of National Importance,,Pratapeswar Temple,,http://commons.wikimedia.org/wiki/Special:FilePath/Pratapeswar%20Shiva%20Temple.jpg?width=640,,,,N-WB-54-i
Q3380656,Telangana,18.259444,79.942500,Ramappa Temple,ramappa temple,ராமப்பா கோயில்,రామప్ప దేవాలయం,ರಾಮಪ್ಪ ದೇವಾಲಯ,രാമപ്പ ക്ഷേത്രം,রামাপ্পা মন্দির,ରାମାପ୍ପା ମନ୍ଦିର,रामप्पा मंदिर,,http://commons.wikimedia.org/wiki/Special:FilePath/Master%20piece%20of%20ramappa%20temple.jpg?width=640,Shiva,,,,,,World Heritage Site; Monument of National Importance,,Ramappa Temple,https://upload.wikimedia.org/wikipedia/commons/2/29/Ramappa_Temple_%28Human_Scale%29.jpg,https://upload.wikimedia.org/wikipedia/commons/2/29/Ramappa_Temple_%28Human_Scale%29.jpg,,,https://en.wikipedia.org/wiki/Ramappa_Temple,N-TG-5
Q3437182,Tamil Nadu,10.948410,79.356708,Airavatesvara Temple,एरावतेश्वर मंदिर,ஐராவதேஸ்வரர் கோயில்,ఐరావతేశ్వర దేవాలయం,,ഐരാവതേശ്വര ക്ഷേത്രം,ঐরাবতেশ্বর মন্দির,,ऐरावतेश्वर,,http://commons.wikimedia.org/wiki/Special:FilePath/%22A%20beautiful%20angle%20of%20Airavatesvara%20Temple%22.JPG?width=640,Shiva,,Hindu temple architecture,,Rajaraja II,1166-01-01T00:00:00Z,part of UNESCO World Heritage Site; Monument of National Importance,,Airavatesvara Temple,https://upload.wikimedia.org/wikipedia/commons/9/99/A_different_view_of_Airavatesvara_Temple.jpg,https://upload.wikimedia.org/wikipedia/commons/9/99/A_different_view_of_Airavatesvara_Temple.jpg,CC BY-SA 4.0,Supraja kannan,https://en.wikipedia.org/wiki/Airavatesvara_Temple,N-TN-C189
Q3517553,Karnataka,16.020667,75.881944,"Durga temple, Aihole",ऐहोले का दुर्गा मंदिर,"துர்கை கோயில், அய்கொளெ","దుర్గా దేవాలయం, ఐహోల్","ದುರ್ಗಾ ದೇವಾಲಯ, ಐಹೊಳೆ","ദുർഗ ക്ഷേത്രം, ഐഹോൾ",,,,,http://commons.wikimedia.org/wiki/Special:FilePath/Aihole.jpg?width=640,,,,,,,Monument of National Importance,,"Durga Temple, Aihole",https://upload.wikimedia.org/wikipedia/commons/9/9d/Durga_Temple_-_General_View.jpg,https://upload.wikimedia.org/wikipedia/commons/9/9d/Durga_Temple_-_General_View.jpg,CC BY-SA 4.0,Itsmalay~commonswiki,"https://en.wikipedia.org/wiki/Durga_temple,_Aihole",N-KA-D61
Q3517561,Karnataka,13.213194,75.995000,Hoysaleswara Temple,halebedu temple,ஹோய்சாலேஸ்வரர் கோவில்,హొయసలేశ్వర ఆలయం,ಹೊಯ್ಸಳೇಶ್ವರ ದೇವಸ್ಥಾನ,ഹൊയ്സാളേശ്വരക്ഷേത്രം,হৈসলেশ্বর মন্দির,,होयसळेश्वर मंदिर,,http://commons.wikimedia.org/wiki/Special:FilePath/Hoysaleshwara%20temple%20in%20Monsoon.JPG?width=640,Shiva,,,,Hoysala Empire,1160-01-01T00:00:00Z,part of UNESCO World Heritage Site; Monument of National Importance,,Hoysaleswara Temple,https://upload.wikimedia.org/wikipedia/commons/0/0d/Hoysaleshwara_temple_in_Monsoon.JPG,https://upload.wikimedia.org/wikipedia/commons/0/0d/Hoysaleshwara_temple_in_Monsoon.JPG,CC BY-SA 3.0,Karthikbs23,https://en.wikipedia.org/wiki/Hoysaleswara_Temple,N-KA-B112
Q3517573,Karnataka,16.019911,75.881239,Lad Khan Temple,,சாளுக்கிய சிவன் கோயில்,చాళుక్య శివాలయం,ಚಾಲುಕ್ಯ ಶಿವ ದೇವಾಲಯ,,,,,,http://commons.wikimedia.org/wiki/Special:FilePath/Lad%20NKAD90.JPG?width=640,Shiva,,,,,,Monument of National Importance,,Chalukya Shiva Temple,https://upload.wikimedia.org/wikipedia/commons/8/83/Lad_NKAD90.JPG,https://upload.wikimedia.org/wikipedia/commons/8/83/Lad_NKAD90.JPG,CC BY-SA 3.0,Meesanjay,https://en.wikipedia.org/wiki/Chalukya_Shiva_Temple,N-KA-D90
Q3517629,Tamil Nadu,8.398970,77.297478,Thirunadhikkara Cave Temple,,திருநந்திக்கரை குகைக் கோயில்,తిరునంధిక్కర దేవాలయం,,തിരുനന്തിക്കര ശാസനങ്ങൾ,,,,,http://commons.wikimedia.org/wiki/Special:FilePath/Entrance%2C%20Thirunanthikarai%20rock-cut%20cave%20temple%2C%20Kanyakumari%20district%20-%20third%20version.jpg?width=640,,,,,,,Monument of National Importance,,"Rock cut cave temple, Thirunandikkare; Thirunadhikkara Cave Temple",https://upload.wikimedia.org/wikipedia/commons/4/40/Entrance%2C_Thirunanthikarai_rock-cut_cave_temple%2C_Kanyakumari_district_-_third_version.jpg,https://upload.wikimedia.org/wikipedia/commons/4/40/Entrance%2C_Thirunanthikarai_rock-cut_cave_temple%2C_Kanyakumari_district_-_third_version.jpg,CC BY-SA 4.0,Ms Sarah Welch,https://en.wikipedia.org/wiki/Thirunadhikkara_Cave_Temple,N-TN-T13
Q3517635,Odisha,20.240400,85.831500,Yameshwar Temple,यमेश्वर मंदिर,,యమేశ్వరాలయం,ಯಮೇಶ್ವರ ದೇವಸ್ಥಾನ,യമേശ്വർ ക്ഷേത്രം,যমেশ্বর মন্দির,ଯମେଶ୍ୱର ମନ୍ଦିର,यमेश्वर मंदिर,,http://commons.wikimedia.org/wiki/Special:FilePath/Yameswar%20Temple%2C%20Bhubaneswar.jpg?width=640,Shiva,,,,,,Monument of National Importance,,Yameshwar Temple,https://upload.wikimedia.org/wikipedia/commons/c/c3/Collage_of_Jameswar_Temple.jpg,https://upload.wikimedia.org/wikipedia/commons/c/c3/Collage_of_Jameswar_Temple.jpg,CC BY-SA 4.0,Sailesh Patnaik,https://en.wikipedia.org/wiki/Yameshwar_Temple,N-OR-54
Q3517721,Karnataka,15.920833,75.687778,"Bhutanatha group of temples, Badami","भूतनाथ मन्दिर समूह, बादामी","பூதநாதர் கோயில்கள், பாதாமி","భూతనాథ దేవాలయాల సమూహం, బాదామి","ಭೂತನಾಥ ದೇವಾಲಯಗಳ ಗುಂಪು, ಬಾದಾಮಿ",,"ভূতনাথ গুচ্ছ মন্দির, বাদামি, কর্ণাটক",,,,http://commons.wikimedia.org/wiki/Special:FilePath/Bhutanatha%20temple%20in%20Badami%2C%20Karnataka%2C%20India.jpg?width=640,,,,,,,Monument of National Importance,,"Bhutanatha group of temples, Badami",https://upload.wikimedia.org/wikipedia/commons/1/17/Bhutanatha_group_of_temples%2C_Badami.jpg,https://upload.wikimedia.org/wikipedia/commons/1/17/Bhutanatha_group_of_temples%2C_Badami.jpg,CC BY-SA 4.0,Ravimgpm,"https://en.wikipedia.org/wiki/Bhutanatha_group_of_temples,_Badami",N-KA-D105
Q3536222,Karnataka,13.162861,75.860556,Chennakesava Temple,चेन्नकेशव मन्दिर,சென்னகேசவர் கோயில்,చెన్న కేషవ ఆలయము,"ಚೆನ್ನಕೇಶವ ದೇವಾಲಯ, ಬೇಲೂರು","ചെന്നകേശവ ക്ഷേത്രം, ബേലൂർ",চেন্নাকেশব মন্দির,,चेन्नकेशव मंदिर (बेलूर),,http://commons.wikimedia.org/wiki/Special:FilePath/Chennakeshava%20Temple%20at%20Belur.jpg?width=640,Vishnu,,,,Vishnuvardhana,1117-01-01T00:00:00Z,State Protected Monument; Monument of National Importance; part of UNESCO World Heritage Site,,"Chennakesava Temple, Belur",https://upload.wikimedia.org/wikipedia/commons/0/0a/The_Courtyard_of_Chennakesava_Temple_-_Belur.jpg,https://upload.wikimedia.org/wikipedia/commons/0/0a/The_Courtyard_of_Chennakesava_Temple_-_Belur.jpg,,,"https://en.wikipedia.org/wiki/Chennakeshava_Temple,_Belur",N-KA-B109; S-KA-368
Q3536413,Odisha,20.262800,85.786000,Udayagiri and Khandagiri Caves,उदयगिरि,"உதயகிரி, கந்தகிரி குகைகள்","ఉదయగిరి, ఖండగిరి గుహలు",ಉದಯಗಿರಿ ಮತ್ತು ಖಂಡಗಿರಿ ಗುಹೆಗಳು,ഉദയഗിരി-ഖണ്ഡഗിരി ഗുഹകൾ,উদয়গিরি এবং খণ্ডগিরি গুহা,ଉଦୟଗିରି ଓ ଖଣ୍ଡଗିରି ଗୁମ୍ଫା,उदयगिरी आणि खंडगिरी लेणी,,http://commons.wikimedia.org/wiki/Special:FilePath/Khandagari%20and%20Udaygiri%20featured%20image.jpg?width=640,,,,,,,Monument of National Importance,,Udayagiri and Khandagiri Caves,https://upload.wikimedia.org/wikipedia/commons/7/72/Khandagari_and_Udaygiri_featured_image.jpg,https://upload.wikimedia.org/wikipedia/commons/7/72/Khandagari_and_Udaygiri_featured_image.jpg,CC BY 4.0,Government of Odisha,https://en.wikipedia.org/wiki/Udayagiri_and_Khandagiri_caves,N-OR-70
Q3537502,Karnataka,12.275737,76.881556,Chennakesava Temple at Somanathapura Mysore,"चेन्नाकेशव मंदिर, सोमनाथपुर",சென்னகேசவர் கோயில்,"చెన్నకేశవ ఆలయం, సోమనాథపుర",ಶ್ರೀ ಚೆನ್ನಕೇಶವ ದೇವಸ್ಥಾನ,"ചെന്നകേശവക്ഷേത്രം, സോമനാഥപുര",,,चेन्नकेशव मंदिर (सोमनाथपुरा),,http://commons.wikimedia.org/wiki/Special:FilePath/View%20of%20Chennakesava%20temple%20at%20Somanathpura%2C%20from%20the%20porch%20entrance.jpg?width=640,,,,,,,part of UNESCO World Heritage Site; Monument of National Importance,,"Chennakesava Temple, Somanathapura",https://upload.wikimedia.org/wikipedia/commons/b/bd/Le_temple_de_Chennakesava_%28Somanathapura%2C_Inde%29_%2814465165685%29.jpg,https://upload.wikimedia.org/wikipedia/commons/b/bd/Le_temple_de_Chennakesava_%28Somanathapura%2C_Inde%29_%2814465165685%29.jpg,CC BY 2.0,"Jean-Pierre Dalbéra from Paris, France","https://en.wikipedia.org/wiki/Chennakeshava_Temple,_Somanathapura",N-KA-B160
Q3595372,Kerala,9.965927,76.241078,St. Francis Church,"सेंट फ्रांसिस चर्च ,कोचीन",புனித பிரான்சிசு தேவாலயம்,"సెయింట్ ఫ్రాన్సిస్ చర్చి, కొచ్చి",,"സെന്റ് ഫ്രാൻസിസ് പള്ളി, ഫോർട്ട് കൊച്ചി",,,"सेंट फ्रांसिस चर्च, कोची",,http://commons.wikimedia.org/wiki/Special:FilePath/Church%20of%20St%20Anthony%20of%20Lisbon.jpg?width=640,,,,,,1503-01-01T00:00:00Z,Monument of National Importance; Heritage of Portuguese Influence,,"St. Francis Church, Kochi",https://upload.wikimedia.org/wikipedia/commons/3/34/St_Francis_Church_Fort_Kochi_DSC_1048.JPG,https://upload.wikimedia.org/wikipedia/commons/3/34/St_Francis_Church_Fort_Kochi_DSC_1048.JPG,,,"https://en.wikipedia.org/wiki/Church_of_Saint_Francis,_Kochi",N-KL-2
Q3595679,Tamil Nadu,13.078700,80.286600,"St. Mary's Church, Chennai",,புனித மேரி தேவாலயம்,,,"സെന്റ് മേരീസ് പള്ളി, ചെന്നൈ",,,,,http://commons.wikimedia.org/wiki/Special:FilePath/St%20Mary%27s%20Church%20Chennai.jpg?width=640,Mary,Anglicanism,,,,,Monument of National Importance,,"St. Mary's Church, Chennai",https://upload.wikimedia.org/wikipedia/commons/c/c6/St_Mary%27s_Church_Chennai.jpg,https://upload.wikimedia.org/wikipedia/commons/c/c6/St_Mary%27s_Church_Chennai.jpg,,,"https://en.wikipedia.org/wiki/St._Mary%27s_Church,_Chennai",N-TN-C12
Q3635669,Odisha,20.241583,85.851803,Muktesvara deula,मुक्तेश्वर मंदिर,"முக்தீஸ்வரர் கோயில், ஒடிசா",ముక్తేశ్వర దేవాలయం,ಮುಕ್ತೇಶ್ವರ ದೇವು,"മുക്തേശ്വര ക്ഷേത്രം, ഭുവനേശ്വർ","মুক্তেশ্বর মন্দির, ভুবনেশ্বর",ମୁକ୍ତେଶ୍ଵର ଦେଉଳ,मुक्तेश्वर मंदिर,,http://commons.wikimedia.org/wiki/Special:FilePath/Muktesvara%20deula.jpg?width=640,Shiva,,,,,1000-01-01T00:00:00Z,Monument of National Importance,,Mukteshvara Temple,https://upload.wikimedia.org/wikipedia/commons/7/7c/Muktesvar_Temple.jpg,https://upload.wikimedia.org/wikipedia/commons/7/7c/Muktesvar_Temple.jpg,CC BY-SA 4.0,Robin Mohapatra,"https://en.wikipedia.org/wiki/Mukteshvara_Temple,_Bhubaneswar",N-OR-76
Q3690986,Karnataka,13.741480,75.853686,Amrutesvara Temple,अमृतेस्वारा मंदिर,"அமிர்தேஸ்வரர் கோயில், அமிர்தபுரம்","అమృతేశ్వర దేవాలయం, అమృత్ పుర",ಅಮೃತಪುರ,അമൃതേശ്വര ക്ഷേത്രം,"অমৃতেশ্বর মন্দির, অমৃতপুরা",,,,http://commons.wikimedia.org/wiki/Special:FilePath/Amrutesvara%20temple%20at%20Amruthapura%20in%20Chikkamagaluru%20district.JPG?width=640,,,,,,,Monument of National Importance,,"Amrutesvara Temple, Amruthapura",https://upload.wikimedia.org/wikipedia/commons/6/63/Amrutesvara_temple_at_Amruthapura_in_Chikkamagaluru_district.JPG,https://upload.wikimedia.org/wikipedia/commons/6/63/Amrutesvara_temple_at_Amruthapura_in_Chikkamagaluru_district.JPG,CC BY-SA 3.0,Dineshkannambadi,"https://en.wikipedia.org/wiki/Amrutesvara_Temple,_Amruthapura",N-KA-B84
Q38251122,Rajasthan,28.004700,73.300655,Bhandasar Jain Temple,,,,,ഭണ്ഡാസർ ജൈനക്ഷേത്രം,,,,ભંડાસર જૈન મંદિર,http://commons.wikimedia.org/wiki/Special:FilePath/Bhandasar%20Jain%20temple%20exterior%20-%202.jpg?width=640,Sumatinātha,Jainism,,,seth bhanda sah,1514-01-01T00:00:00Z,Monument of National Importance,,Bhandasar Jain Temple,https://upload.wikimedia.org/wikipedia/commons/e/ed/Bhandasar_Jain_temple_exterior_-_1.jpg,https://upload.wikimedia.org/wikipedia/commons/e/ed/Bhandasar_Jain_temple_exterior_-_1.jpg,CC BY-SA 4.0,Vivek B Govindaraju,https://en.wikipedia.org/wiki/Bhandasar_Jain_Temple,N-RJ-22
Q38251421,Maharashtra,17.971028,75.132111,Shri Laxmi Narsimha Temple,,,,,,,,,,http://commons.wikimedia.org/wiki/Special:FilePath/Narsimha%20temple%20of%20Nira%20Narsingpur.jpg?width=640,,,,,,,State Protected Monument,,"Lakshmi Narasimha Temple, Nira Narsingpur",,http://commons.wikimedia.org/wiki/Special:FilePath/Narsimha%20temple%20of%20Nira%20Narsingpur.jpg?width=640,,,,S-MH-206
Q391123,Goa,15.500868,73.911591,Basilica of Bom Jesus,बॉम जीसस का बेसिलिका,குழந்தை இயேசு பெருங்கோவில்,బాసిలికా ఆఫ్ బొమ్ జీసస్,ಬಾಮ್ ಜೀಸಸ್ ಬಸಿಲಿಕಾ,ബോം ജീസസ് ബസിലിക്ക,,,,બેસિલિકા ઑફ બોમ જીસસ,http://commons.wikimedia.org/wiki/Special:FilePath/Church%20of%20St.%20Francis%20Xavier%2C%20old%20goa.JPG?width=640,,Catholicism,baroque architecture,,,1605-05-15T00:00:00Z,Heritage of Portuguese Influence; Monument of National Importance,,Basilica of Bom Jesus (Goa),https://upload.wikimedia.org/wikipedia/commons/9/9e/Front_Elevation_of_Basilica_of_Bom_Jesus.jpg,https://upload.wikimedia.org/wikipedia/commons/9/9e/Front_Elevation_of_Basilica_of_Bom_Jesus.jpg,CC BY-SA 4.0,iMahesh,https://en.wikipedia.org/wiki/Basilica_of_Bom_Jesus,N-GA-6
Q41135737,Kerala,10.807513,76.189522,Kaithali Temple,,,పట్టంబి శివ టెంపుల్,,കൈത്തളി ശിവക്ഷേത്രം,,,,,http://commons.wikimedia.org/wiki/Special:FilePath/Kaithali.jpg?width=640,Shiva,,,,,,Monument of National Importance,,Pattambi Shiva Temple,,http://commons.wikimedia.org/wiki/Special:FilePath/Kaithali.jpg?width=640,CC BY-SA 3.0,Narayananknarayanan,,N-KL-7
Q41153288,Gujarat,22.752210,74.201470,"Shiva Temple, Bavka","शिव मंदिर, बावका",,"శివాలయం, బావ్కా",,,,,,"શિવ મંદિર, બાવકા",http://commons.wikimedia.org/wiki/Special:FilePath/0092723%20Mahadev%20temple%2C%20Bavka%20Dahod%20Gujarat%20114.jpg?width=640,Shiva,,,,,,Monument of National Importance,,Bawka Shiva Temple,https://upload.wikimedia.org/wikipedia/commons/6/66/Bawka.jpg,https://upload.wikimedia.org/wikipedia/commons/6/66/Bawka.jpg,CC BY-SA 3.0,Bharadwajgv,"https://en.wikipedia.org/wiki/Shiva_Temple,_Bavka",N-GJ-77
Q41476430,Jharkhand,21.987338,85.889249,Benisagar temple complex,,,,,,,,,,http://commons.wikimedia.org/wiki/Special:FilePath/Excavation%20Place%20of%20Eastern%20Coast%20of%20Benisagar%20View%202.jpg?width=640,,,,,,,Monument of National Importance,,Benisagar Temple complex,,http://commons.wikimedia.org/wiki/Special:FilePath/Excavation%20Place%20of%20Eastern%20Coast%20of%20Benisagar%20View%202.jpg?width=640,CC BY-SA 4.0,R Ashwani Banjan Murmu,,N-JH-13
Q42103094,Uttar Pradesh,24.517856,78.246453,Jain temples of Deogarh,,தியோகர் சமணர் கோயில்கள்,,,,,,,,http://commons.wikimedia.org/wiki/Special:FilePath/Devgarha2.jpg?width=640,,,,,,,Monument of National Importance,,"Jain temples in Deogarh, Uttar Pradesh",https://upload.wikimedia.org/wikipedia/commons/c/ce/Devgarha2.jpg,https://upload.wikimedia.org/wikipedia/commons/c/ce/Devgarha2.jpg,GFDL,The original uploader was Malaiya at English Wikipedia.,https://en.wikipedia.org/wiki/Jain_temples_of_Deogarh,N-UP-L207
Q42173709,Gujarat,22.205472,69.004833,"Rama Lakshamana Temples, Baradia",,,"రామ లక్ష్మణ టెంపుల్స్ ,బరాడియా",,രാമലക്ഷ്മണക്ഷേത്രം,,,,"રામ લક્ષ્મણ મંદિર, બરડીયા",http://commons.wikimedia.org/wiki/Special:FilePath/12th%20century%20Rama%20Lakshmana%20temple%2C%20Bardia%20Devbhoomi%20Dwarka%20Gujarat%20060.jpg?width=640,,,,,,,Monument of National Importance,,"Ram Lakshman Temple, Baradia",https://upload.wikimedia.org/wikipedia/commons/b/b9/Temple_of_Rama_Laxman%2C_View_from_sea_side.jpg,https://upload.wikimedia.org/wikipedia/commons/b/b9/Temple_of_Rama_Laxman%2C_View_from_sea_side.jpg,,,"https://en.wikipedia.org/wiki/Rama_Lakshamana_Temple,_Baradia",N-GJ-125
Q43360407,West Bengal,23.600842,86.564507,Temple of Banda,बान्दा देउल,,టెంపుల్ ఆఫ్ బండ,,ബാന്ദ ക്ഷേത്രം,বান্দার দেউল,ବଣ୍ଡା ମନ୍ଦିର,,,http://commons.wikimedia.org/wiki/Special:FilePath/Deul%20at%20Banda%2C%20Purulia%20WLM2016-0207.jpg?width=640,,Jainism,Deul,,,,Monument of National Importance,,Banda deul temple,https://upload.wikimedia.org/wikipedia/commons/b/b6/Old_Deul_Temple_at_Banda.jpg,https://upload.wikimedia.org/wikipedia/commons/b/b6/Old_Deul_Temple_at_Banda.jpg,,,https://en.wikipedia.org/wiki/Banda_Deul,N-WB-134
Q44545847,Madhya Pradesh,26.230875,78.169933,Chaturbhuj Temple,चतुर्भुज मंदिर (ग्वालियर),,,,,,,,,http://commons.wikimedia.org/wiki/Special:FilePath/Chaturbhuj%20Temple%20at%20Gwalior%20Fort%202011-08-14.jpg?width=640,,,Hindu temple architecture,,,,Monument of National Importance,,"Chaturbhuj Temple, Gwalior",https://upload.wikimedia.org/wikipedia/commons/7/7d/Chaturbhuj_Temple_at_Gwalior_Fort_2011-08-14.jpg,https://upload.wikimedia.org/wikipedia/commons/7/7d/Chaturbhuj_Temple_at_Gwalior_Fort_2011-08-14.jpg,CC BY-SA 3.0,Geek 007,"https://en.wikipedia.org/wiki/Chaturbhuj_Temple,_Gwalior",N-MP-146-d
Q4500786,Jharkhand,23.316944,85.281667,Jagannath Temple,जगन्नाथपुर मंदिर,,,,ജഗന്നാഥ ക്ഷേത്രം,জগন্নাথ মন্দির,ଜଗନ୍ନାଥ ମନ୍ଦିର,,,http://commons.wikimedia.org/wiki/Special:FilePath/IMGJagannathpur%20Temple.jpg?width=640,,,,,,,State Protected Monument,,"Jagannath temple, Ranchi",https://upload.wikimedia.org/wikipedia/commons/9/95/17th_century_Jagannath_temple_Ranchi_Jharkhand_-_9.jpg,https://upload.wikimedia.org/wikipedia/commons/9/95/17th_century_Jagannath_temple_Ranchi_Jharkhand_-_9.jpg,CC BY-SA 4.0,Ms Sarah Welch,"https://en.wikipedia.org/wiki/Jagannath_Temple,_Ranchi",S-JH-2
Q4500833,Uttar Pradesh,27.580092,77.687722,Madan Mohan Temple,"राधा मदन मोहन मंदिर, वृन्दावन",இராதா மதன் மோகன் கோயில்,"రాధా మదన్ మోహన్ ఆలయం, బృందావన్",,,,,,,http://commons.wikimedia.org/wiki/Special:FilePath/MadanMohanmandir.jpg?width=640,Madan Mohan,Gaudiya Vaishnavism,,,Sanatan Goswami,1501-01-01T00:00:00Z,Monument of National Importance,,"Madan Mohan Temple, Vrindavan",https://upload.wikimedia.org/wikipedia/commons/d/dd/Radha_Madanmohan_temple_Vrindavan.jpg,https://upload.wikimedia.org/wikipedia/commons/d/dd/Radha_Madanmohan_temple_Vrindavan.jpg,,,"https://en.wikipedia.org/wiki/Radha_Madan_Mohan_Temple,_Vrindavan",N-UP-A197
Q4700682,Odisha,20.034308,85.135442,Akhandalamani Temple,,,,,,অখন্ডলামণি মন্দির,ଆଖଣ୍ଡଳମଣି ମନ୍ଦିର,,,http://commons.wikimedia.org/wiki/Special:FilePath/Akhandalamani%20Temple%2C%20Aradi%2C%20Bhadrak.jpg?width=640,Shiva,,,,,,State Protected Monument,,"Akhandalamani Temple, Aradi",https://upload.wikimedia.org/wikipedia/commons/e/ed/Akhandalamani_Mandir.jpg,https://upload.wikimedia.org/wikipedia/commons/e/ed/Akhandalamani_Mandir.jpg,CC BY-SA 3.0,Odisha1,https://en.wikipedia.org/wiki/Akhandalamani_Temple,S-OR-13
Q4701321,Telangana,17.354425,78.476373,Akkanna Madanna Temple,,அக்கண்ணா மாதண்ணா கோயில்,అక్కన్న మాదన్న మహాకాళి గుడి,ಅಕ್ಕನ್ನ ಮಾದಣ್ಣ ದೇವಾಲಯ,,,,,,http://commons.wikimedia.org/wiki/Special:FilePath/Akkanna%20Madanna%20Mahankali%20Temple%20Decarated%20with%20flowers%20at%20Bonalu%20Celebrations%20Hyderabad.jpg?width=640,,,,,,,State Protected Monument,,Akkanna Madanna Temple,https://upload.wikimedia.org/wikipedia/commons/b/b7/Akkanna_Madanna_Mahankali_Temple_Decarated_with_flowers_at_Bonalu_Celebrations_Hyderabad.jpg,https://upload.wikimedia.org/wikipedia/commons/b/b7/Akkanna_Madanna_Mahankali_Temple_Decarated_with_flowers_at_Bonalu_Celebrations_Hyderabad.jpg,CC BY-SA 4.0,Kavali Chandrakanth KCK,https://en.wikipedia.org/wiki/Akkanna_Madanna_Temple,S-AP-169
Q4706010,Telangana,15.877440,78.135646,Alampur Navabrahma Temples,आलमपुर नवब्रह्मा मंदिर,ஆலம்பூர் நவபிரம்மா கோயில்கள்,అలంపూర్ నవబ్రహ్మ దేవాలయాలు,,,আলমপুর নবব্রহ্ম মন্দিরসমূহ,,,,http://commons.wikimedia.org/wiki/Special:FilePath/Sangameshwar%20Temple%20at%20Alampur.JPG?width=640,Shiva,,Hindu temple architecture,,,,Monument of National Importance,,Alampur Navabrahma Temples,https://upload.wikimedia.org/wikipedia/commons/3/31/Alampur_India_%285%29.JPG,https://upload.wikimedia.org/wikipedia/commons/3/31/Alampur_India_%285%29.JPG,CC BY-SA 3.0,RaghukiranBNV,https://en.wikipedia.org/wiki/Alampur_Navabrahma_Temples,N-TG-4
Q4708398,Odisha,19.792792,85.645114,Alarnatha Temple,अलारनाथ मन्दिर,அலர்நாத மந்திர்,,ಅಲ್ರನಾಥ ಮಂದಿರ,,অলারনাথ মন্দির,ଅଲାରନାଥ ମନ୍ଦିର,,,http://commons.wikimedia.org/wiki/Special:FilePath/%E0%AC%AC%E0%AD%8D%E0%AC%B0%E0%AC%B9%E0%AD%8D%E0%AC%AE%E0%AC%97%E0%AC%BF%E0%AC%B0%E0%AC%BF%E0%AC%A0%E0%AC%BE%E0%AC%B0%E0%AD%87%20%E0%AC%AD%E0%AC%97%E0%AC%AC%E0%AC%BE%E0%AC%A8%20%E0%AC%AC%E0%AC%BF%E0%AC%B7%E0%AD%8D%E0%AC%A3%E0%AD%81%E0%AC%99%E0%AD%8D%E0%AC%95%E0%AC%B0%20%E0%AC%85%E0%AC%B2%E0%AC%BE%E0%AC%B0%E0%AC%A8%E0%AC%BE%E0%AC%A5%20%E0%AC%AE%E0%AC%A8%E0%AD%8D%E0%AC%A6%E0%AC%BF%E0%AC%B0.jpg?width=640,,,,,,,State Protected Monument,,Alarnatha Mandira,https://upload.wikimedia.org/wikipedia/commons/0/0b/Alarnatha_Mandira.jpg,https://upload.wikimedia.org/wikipedia/commons/0/0b/Alarnatha_Mandira.jpg,CC BY-SA 3.0,Kamalakanta777,https://en.wikipedia.org/wiki/Alarnatha_Mandira,S-OR-183
Q47501093,Gujarat,22.289094,69.051486,Magderu,,,మాగ్దరు,,മഗ്ദേരു,,,,મગદેરું,http://commons.wikimedia.org/wiki/Special:FilePath/Dharashnvel%20Temple%20%28Magderu%29%2C%20North%20side.jpg?width=640,Shiva,,,,,0750-01-01T00:00:00Z,Monument of National Importance,,Magderu,https://upload.wikimedia.org/wikipedia/commons/7/77/Dharashnvel_Temple_%28Magderu%29%2C_North_side.jpg,https://upload.wikimedia.org/wikipedia/commons/7/77/Dharashnvel_Temple_%28Magderu%29%2C_North_side.jpg,CC BY-SA 4.0,P H Dave,https://en.wikipedia.org/wiki/Magderu,N-GJ-129
Q4751442,West Bengal,22.964321,88.399811,Ananta Basudeba Temple,,அனந்த பசுதேப கோவில்,,,ആനന്ദ വാസുദേവ ക്ഷേത്രം,অনন্ত বাসুদেব মন্দির,ଅନନ୍ତ ବାସୁଦେବ ମନ୍ଦିର,,,http://commons.wikimedia.org/wiki/Special:FilePath/Ananta%20Basudeba%20Temple1.JPG?width=640,,,Ek-ratna,,,1679-01-01T00:00:00Z,Monument of National Importance,,Ananta Basudeba Temple,https://upload.wikimedia.org/wikipedia/commons/e/e1/Ananta_Basudeba_Temple1.JPG,https://upload.wikimedia.org/wikipedia/commons/e/e1/Ananta_Basudeba_Temple1.JPG,CC BY-SA 3.0,Amartyabag,https://en.wikipedia.org/wiki/Ananta_Basudeba_Temple,N-WB-63
Q4751490,Karnataka,15.278056,76.407222,Ananthasayana temple,श्री अनंतशयन मंदिर,அனந்தசயனர் கோயில்,అనంతశయన దేవాలయం,"ಅನಂತಶಯನ ದೇವಸ್ಥಾನ, ಅನಂತಶಯನಗುಡಿ",അനന്തശയന ക്ഷേത്രം,,,,અનંતસાયના મંદિર,http://commons.wikimedia.org/wiki/Special:FilePath/Ananthasayana%20temple%20%281524%20AD%29%20at%20Ananthasayanagudi.JPG?width=640,,,,,,,Monument of National Importance,,Ananthasayana Temple,https://upload.wikimedia.org/wikipedia/commons/4/40/Shri_Ananthashayana_Temple_complex_%2802%29.jpg,https://upload.wikimedia.org/wikipedia/commons/4/40/Shri_Ananthashayana_Temple_complex_%2802%29.jpg,,,https://en.wikipedia.org/wiki/Ananthasayana_Temple,N-KA-B10
Q4801545,Odisha,20.058500,86.118500,Varahi Deula,,வராகி கோயில்,"బారాహీ దేవాలయం, చౌరాసి",ವಾರಾಹಿ ದೆಕ್ಲ್ಯಾ,വരാഹി ദേവൂല,,ବାରାହୀ ଦେଉଳ,,,http://commons.wikimedia.org/wiki/Special:FilePath/Varahi%20Devi%20Temple%20%2C%20Chaurasi%20.jpg?width=640,,,Kalinga architecture,,,,Monument of National Importance,,"Varahi Deula, Chaurasi",https://upload.wikimedia.org/wikipedia/commons/e/ed/Varahi_Temple_1.jpg,https://upload.wikimedia.org/wikipedia/commons/e/ed/Varahi_Temple_1.jpg,,,"https://en.wikipedia.org/wiki/Varahi_Deula,_Chaurasi",N-OR-66
Q48082556,Gujarat,22.264560,69.252885,Pindara Group of Temples,,,పిండార దేవాలయాల సమూహం,,പിണ്ടാറ ഗ്രൂപ്പ് ക്ഷേത്രം,,,,પિંડારા મંદિર સંકુલ,http://commons.wikimedia.org/wiki/Special:FilePath/Durvasa%20Rishi%27s%20Ashram.%20Dhyan%20Mandir%2C%20South%20West%20side%20view%201.jpg?width=640,Shiva,,,,,,Monument of National Importance,,"Pindara, Gujarat",https://upload.wikimedia.org/wikipedia/commons/f/f9/Durvasa_Rishi%27s_Ashram._Dhyan_Mandir%2C_South_West_side_view_1.jpg,https://upload.wikimedia.org/wikipedia/commons/f/f9/Durvasa_Rishi%27s_Ashram._Dhyan_Mandir%2C_South_West_side_view_1.jpg,CC BY-SA 4.0,P H Dave,https://en.wikipedia.org/wiki/Pindara_Group_of_Temples,N-GJ-121
Q4832985,Karnataka,13.095854,76.004012,Lakshmi Devi Temple,,,"లక్ష్మీదేవి ఆలయం, దొడ్డగద్దవళ్ళి",ದೊಡ್ಡಗದ್ದವಳ್ಳಿ,ലക്ഷ്മി ദേവി ക്ഷേത്രം,,,,,http://commons.wikimedia.org/wiki/Special:FilePath/Close%20up%20view%20of%20shrines%20at%20Lakshmi%20Devi%20temple%20complex%20at%20Doddagaddavalli.JPG?width=640,,,,,,,Monument of National Importance,,"Lakshmi Devi Temple, Doddagaddavalli",https://upload.wikimedia.org/wikipedia/commons/5/5d/1113_CE_Lakshmi_Devi_temple%2C_Doddagaddavalli_Karnataka.jpg,https://upload.wikimedia.org/wikipedia/commons/5/5d/1113_CE_Lakshmi_Devi_temple%2C_Doddagaddavalli_Karnataka.jpg,CC0,Ms Sarah Welch,"https://en.wikipedia.org/wiki/Lakshmi_Devi_Temple,_Doddagaddavalli",N-KA-B110
Q4843233,Himachal Pradesh,32.050953,76.645525,"Baijnath Temple, Himachal Pradesh",बैजनाथ मंदिर,பைஜ்நாத் கோயில்,బైజ్నాథ్ ఆలయం,,ബൈജിനാഥ് ക്ഷേത്രം,বৈজনাথ মন্দির,ବୈଜନାଥ ମନ୍ଦିର,बैजनाथ मंदिर,વૈજનાથ મંદિર,http://commons.wikimedia.org/wiki/Special:FilePath/BaijNath.jpg?width=640,,,,,,,Monument of National Importance,,Baijnath Temple,https://upload.wikimedia.org/wikipedia/commons/7/79/Shiva_temple_baijnath_HP.jpg,https://upload.wikimedia.org/wikipedia/commons/7/79/Shiva_temple_baijnath_HP.jpg,,,https://en.wikipedia.org/wiki/Baijnath_Temple,N-HP-17
Q4848728,Odisha,20.242429,85.832323,Baitala Deula,वैताळ देउळ,"சாமுண்டி கோயில், ஒடிசா",వైతాళ దేవళం,ಬೈಟಾಲಾ ಡ್ಯೂಲಾ,,বৈতাল দেউল,ବଇତାଳ ଦେଉଳ,वैताळ देउळ),,http://commons.wikimedia.org/wiki/Special:FilePath/Baitala%20Deula%20Bhubaneswar%2036.jpg?width=640,,Hinduism,Kalinga architecture,,,0701-01-01T00:00:00Z,Monument of National Importance,,Vaital Deula,https://upload.wikimedia.org/wikipedia/commons/f/f5/Baitala_Deula_Bhubaneswar_02.jpg,https://upload.wikimedia.org/wikipedia/commons/f/f5/Baitala_Deula_Bhubaneswar_02.jpg,CC BY-SA 4.0,Prateek Pattanaik,https://en.wikipedia.org/wiki/Baitala_Deula,N-OR-52
Q4850720,Uttarakhand,29.336600,80.090400,Baleshwar Temple,बालेश्वर मन्दिर,பாலேஸ்வரர் கோவில்,,,ബാലേശ്വർ ടെംപിൾ,বালেশ্বর মন্দির,,,"બલેશ્વર મંદિર, ચંપાવત",http://commons.wikimedia.org/wiki/Special:FilePath/Baleshwarmahadev.jpg?width=640,,,,,,,Monument of National Importance,,Group of Baleshwar Temples,https://upload.wikimedia.org/wikipedia/commons/1/12/Baleshwarmahadev.jpg,https://upload.wikimedia.org/wikipedia/commons/1/12/Baleshwarmahadev.jpg,Public domain,"Ashwini Kesharwani
Permission= 



Public domainPublic domainfalsefalse





I, the copyright holder of this work, release this work into the public domain. This applies worldwide.In some countries this may not be legally possible; if so:I grant anyone the right to use this work for any purpose, without any conditions, unless such conditions are required by law.",https://en.wikipedia.org/wiki/Baleshwar_Temple,N-UT-29
Q4867358,Uttar Pradesh,29.145800,77.610300,Basilica of Our Lady of Graces,,அருள் வழங்கும் அன்னை மரியா பெருங்கோவில்,,,ബസിലിക്ക ഓഫ് അവർ ലേഡി ഓഫ് ഗ്രേസസ്,,,,,http://commons.wikimedia.org/wiki/Special:FilePath/The%20Church%20Basilica%20of%20Our%20Lady%20of%20Graces.JPG?width=640,,Catholicism,,,,1822-01-01T00:00:00Z,Monument of National Importance,,Basilica of Our Lady of Graces,https://upload.wikimedia.org/wikipedia/commons/6/68/Front_Facade_of_Basilica_of_Our_Lady_of_Graces.jpg,https://upload.wikimedia.org/wikipedia/commons/6/68/Front_Facade_of_Basilica_of_Our_Lady_of_Graces.jpg,CC BY-SA 4.0,Jupitus Smart,https://en.wikipedia.org/wiki/Basilica_of_Our_Lady_of_Graces,N-UP-A240
Q4868834,Madhya Pradesh,26.425717,78.196331,Bateshwar Hindu temples,"बटेश्वर हिन्दू मंदिर, मध्य प्रदेश",பதேஷ்வர் இந்துக் கோயில்கள்,,,ബടേഷ്വർ ടെമ്പിൾ,,,,,http://commons.wikimedia.org/wiki/Special:FilePath/Ruins%20is%20the%20new%20beautiful.jpg?width=640,,,Hindu temple architecture,,,,Monument of National Importance,,Bateshwar Temple Complex,https://upload.wikimedia.org/wikipedia/commons/e/ea/Bateshwar_Temples_%2815695822503%29.jpg,https://upload.wikimedia.org/wikipedia/commons/e/ea/Bateshwar_Temples_%2815695822503%29.jpg,CC BY 2.0,"Varun Shiv Kapur from New Delhi, India","https://en.wikipedia.org/wiki/Bateshwar_Hindu_temples,_Madhya_Pradesh",N-MP-185
Q48731967,Himachal Pradesh,32.442443,76.537421,"Lakshana Devi Temple, Bharmour",,"இலக்சனா தேவி கோயில், பார்மௌர்","లక్షణ దేవీ టెంపుల్ ,భరమౌర్",,ലക്ഷണ ദേവി ക്ഷേത്രം,,,,,http://commons.wikimedia.org/wiki/Special:FilePath/Lakshana%20Devi%20temple%20%286133565074%29.jpg?width=640,,,Hindu temple architecture,,,,Monument of National Importance,,"Lakshana Devi Temple, Bharmour",https://upload.wikimedia.org/wikipedia/commons/7/7b/Lakshana_Devi_temple_%286133565074%29.jpg,https://upload.wikimedia.org/wikipedia/commons/7/7b/Lakshana_Devi_temple_%286133565074%29.jpg,CC BY 2.0,"Varun Shiv Kapur from New Delhi, India","https://en.wikipedia.org/wiki/Lakshana_Devi_Temple,_Bharmour",N-HP-2
Q4900554,Odisha,21.015272,86.536720,Bhadrakali Temple,,,,,,,ଭଦ୍ରକାଳୀ ମନ୍ଦିର,,,http://commons.wikimedia.org/wiki/Special:FilePath/%E0%AC%86%E0%AC%B9%E0%AC%BE%E0%AC%B0%E0%AC%AA%E0%AC%A6%E0%AC%BE%20%E0%AC%AD%E0%AC%A6%E0%AD%8D%E0%AC%B0%E0%AC%95%E0%AC%BE%E0%AC%B3%E0%AD%80%20%E0%AC%AE%E0%AC%A8%E0%AD%8D%E0%AC%A6%E0%AC%BF%E0%AC%B0%20%E0%AC%AE%E0%AD%81%E0%AC%96%E0%AD%8D%E0%AD%9F%E0%AC%A6%E0%AD%8D%E0%AD%B1%E0%AC%BE%E0%AC%B0.jpg?width=640,,,,,,,State Protected Monument,,"Bhadrakali Temple, Aharapada",https://upload.wikimedia.org/wikipedia/commons/e/e4/%E0%AC%86%E0%AC%B9%E0%AC%BE%E0%AC%B0%E0%AC%AA%E0%AC%A6%E0%AC%BE_%E0%AC%AD%E0%AC%A6%E0%AD%8D%E0%AC%B0%E0%AC%95%E0%AC%BE%E0%AC%B3%E0%AD%80_%E0%AC%AE%E0%AC%A8%E0%AD%8D%E0%AC%A6%E0%AC%BF%E0%AC%B0_%E0%AC%AE%E0%AD%81%E0%AC%96%E0%AD%8D%E0%AD%9F%E0%AC%A6%E0%AD%8D%E0%AD%B1%E0%AC%BE%E0%AC%B0.jpg,https://upload.wikimedia.org/wikipedia/commons/e/e4/%E0%AC%86%E0%AC%B9%E0%AC%BE%E0%AC%B0%E0%AC%AA%E0%AC%A6%E0%AC%BE_%E0%AC%AD%E0%AC%A6%E0%AD%8D%E0%AC%B0%E0%AC%95%E0%AC%BE%E0%AC%B3%E0%AD%80_%E0%AC%AE%E0%AC%A8%E0%AD%8D%E0%AC%A6%E0%AC%BF%E0%AC%B0_%E0%AC%AE%E0%AD%81%E0%AC%96%E0%AD%8D%E0%AD%9F%E0%AC%A6%E0%AD%8D%E0%AD%B1%E0%AC%BE%E0%AC%B0.jpg,,,"https://en.wikipedia.org/wiki/Bhadrakali_Temple,_Aharapada",S-OR-15
Q4902046,Chhattisgarh,22.116000,81.148000,Bhoramdeo Temple,भोरमदेव,,,ಭೋರಮ್ದೇವ್ ದೇವಾಲಯ,,ভোরামদেও মন্দির,ଭୋରାମଦେଓ ମନ୍ଦିର,भोरमदेव मंदिर,,http://commons.wikimedia.org/wiki/Special:FilePath/Bhoramdeo%20Temple%2C%20Kawardha.jpg?width=640,Shiva,,,,,,State Protected Monument,,Bhoramdeo Temple,https://upload.wikimedia.org/wikipedia/commons/b/b1/Bhoramdeo_Temple%2C_Kawardha.jpg,https://upload.wikimedia.org/wikipedia/commons/b/b1/Bhoramdeo_Temple%2C_Kawardha.jpg,CC BY-SA 3.0,Pankaj Oudhia,https://en.wikipedia.org/wiki/Bhoramdeo_Temple,S-CT-33
Q4902130,Maharashtra,18.435982,74.241140,"Bhuleshwar Temple, Pune",,,,,,,ଭୁଲେଶ୍ଵର ମନ୍ଦିର,"भुलेश्वर मंदिर, माळशिरस",,http://commons.wikimedia.org/wiki/Special:FilePath/Bhuleshwar%20Temple.jpg?width=640,,,,Murar Jagdev,,,Monument of National Importance,,"Bhuleshwar Temple, Pune",https://upload.wikimedia.org/wikipedia/commons/9/9b/Three_individual_Shikhar_at_Bhuleshwar_temple.jpg,https://upload.wikimedia.org/wikipedia/commons/9/9b/Three_individual_Shikhar_at_Bhuleshwar_temple.jpg,,,https://en.wikipedia.org/wiki/Bhuleshwar_Temple,N-MH-M33
Q4915588,Odisha,20.833764,86.338145,Biraja Temple,बिराज मंदिर,,బిరాజా ఆలయం,,,বিরজা মন্দির,ବିରଜା ମନ୍ଦିର,,,http://commons.wikimedia.org/wiki/Special:FilePath/Front%20view%20from%20left%20side%20of%20Viraja%28also%20named%20as%20Biraja%29%20Temple%20as%20per%20list%20of%20State%20Protected%20Monuments%20in%20Odisha.%20Serial%20Number%20S-OR-105.jpg?width=640,,,,,,,State Protected Monument,,Biraja Temple,https://upload.wikimedia.org/wikipedia/commons/a/a5/Biraja_Temple%2C_Jajpur%2C_Odisha%2C_India%2C_13th_century.jpg,https://upload.wikimedia.org/wikipedia/commons/a/a5/Biraja_Temple%2C_Jajpur%2C_Odisha%2C_India%2C_13th_century.jpg,CC BY-SA 3.0,Odisha1,https://en.wikipedia.org/wiki/Biraja_Temple,S-OR-105
Q4955510,Rajasthan,26.487328,74.548878,Brahma Temple,jagat pitha bramha ke mandir,"பிரம்மன் கோயில், புஷ்கர்","బ్రహ్మ దేవాలయం, పుష్కర్","ಬ್ರಹ್ಮ ಮಂದಿರ, ಪುಷ್ಕರ್",ബ്രഹ്മ ക്ഷേത്രം,"ব্রহ্মা মন্দির, পুষ্কর","ବ୍ରହ୍ମା ମନ୍ଦିର, ପୁଷ୍କର",,"બ્રહ્મા મંદિર, પુષ્કર",http://commons.wikimedia.org/wiki/Special:FilePath/Pushkar-08-Brahmatempel-2018-gje.jpg?width=640,,,,,,,Monument of National Importance,,"Brahma Temple, Pushkar",https://upload.wikimedia.org/wikipedia/commons/3/39/Brahma_Temple%2C_Pushkar.jpg,https://upload.wikimedia.org/wikipedia/commons/3/39/Brahma_Temple%2C_Pushkar.jpg,CC BY 2.0,https://www.flickr.com/photos/vasantv/,"https://en.wikipedia.org/wiki/Brahma_Temple,_Pushkar",N-RJ-162
Q4955611,Odisha,20.239722,85.851667,Brahmeswara Temple,ब्रह्मेश्वर मंदिर,பிரம்மேஸ்வரர் கோயில்,బ్రహ్మేశ్వర దేవాలయం (భువనేశ్వర్),ಬ್ರಹ್ಮಸ್ವರ ದೇವಸ್ಥಾನ,ബ്രഹ്മേശ്വര ക്ഷേത്രം,ব্রহ্মেশ্বর মন্দির,ବ୍ରହ୍ମେଶ୍ୱର ମନ୍ଦିର,ब्रह्मेश्वर मंदिर,,http://commons.wikimedia.org/wiki/Special:FilePath/Brahmeswara%20temple%20Bhubaneswar%20%281%29.jpg?width=640,,,,,,,Monument of National Importance,,Brahmeswara Temple,https://upload.wikimedia.org/wikipedia/commons/0/0d/Brahmeswar_Temple%2C_Bhubaneswar.JPG,https://upload.wikimedia.org/wikipedia/commons/0/0d/Brahmeswar_Temple%2C_Bhubaneswar.JPG,CC BY-SA 3.0,Udayakuni,https://en.wikipedia.org/wiki/Brahmeswara_Temple,N-OR-46
Q4982519,Karnataka,13.053306,76.177056,"Bucesvara Temple, Koravangala",,,బూచేశ్వర ఆలయం,,,,,,,http://commons.wikimedia.org/wiki/Special:FilePath/Koravangala%20Shri%20Bucheswara%20Temple%20-%20Front%20Side.jpg?width=640,,,,,,,Monument of National Importance,,"Bucesvara Temple, Koravangala",https://upload.wikimedia.org/wikipedia/commons/f/fa/Bucesvara_Temple%2C_Koravangala.jpg,https://upload.wikimedia.org/wikipedia/commons/f/fa/Bucesvara_Temple%2C_Koravangala.jpg,CC BY-SA 3.0,Srikanth Parthasarathy,"https://en.wikipedia.org/wiki/Bucesvara_Temple,_Koravangala",N-KA-B117
Q4991977,Tamil Nadu,12.656985,80.209345,Tiger Cave,,சாளுவன்குப்பம் புலிக்குடைவரை,,ಟೈಗರ್ ಕೇವ,,,,,,http://commons.wikimedia.org/wiki/Special:FilePath/Tiger-Headed%20Rock%20Cut%20Temple%20%282%29.jpg?width=640,,,rock-cut architecture,,,,Monument of National Importance,,Tiger Cave,https://upload.wikimedia.org/wikipedia/commons/1/1e/Tiger_Cave_rocky_outcrop.jpg,https://upload.wikimedia.org/wikipedia/commons/1/1e/Tiger_Cave_rocky_outcrop.jpg,,,https://en.wikipedia.org/wiki/Tiger_Cave_(India),N-TN-C111
Q5071343,Karnataka,12.861719,76.486772,Chandragupta Basadi,,,,,,,,,,http://commons.wikimedia.org/wiki/Special:FilePath/View%20of%20Chandragupta%20Basadi%20at%20Chandragiri%20hill%20in%20Shravanabelagola.jpg?width=640,,,,,,,Monument of National Importance,,Chandragupta Basti,https://upload.wikimedia.org/wikipedia/commons/8/81/View_of_Chandragupta_Basadi_at_Chandragiri_hill_in_Shravanabelagola.jpg,https://upload.wikimedia.org/wikipedia/commons/8/81/View_of_Chandragupta_Basadi_at_Chandragiri_hill_in_Shravanabelagola.jpg,,,https://en.wikipedia.org/wiki/Chandragupta_basadi,N-KA-B123
Q5071410,Karnataka,15.376778,75.116667,"Chandramouleshwara Temple, Unkal",,சந்திரமௌலீசுவரர் கோவில்,"చంద్రమౌళీశ్వర ఆలయం, ఉన్కాల్",ಚಂದ್ರಮೌಳೀಶ್ವರ ದೇವಾಲಯ ಉಣಕಲ್,,,,,,http://commons.wikimedia.org/wiki/Special:FilePath/Chandramouleshware%20Temple.JPG?width=640,,,,,,,Monument of National Importance,,Chandramouleshwara Temple,https://upload.wikimedia.org/wikipedia/commons/1/13/Chandramouleshware_Temple.JPG,https://upload.wikimedia.org/wikipedia/commons/1/13/Chandramouleshware_Temple.JPG,CC BY-SA 3.0,Chetuln,"https://en.wikipedia.org/wiki/Chandramauleshwara_Temple,_Unkal",N-KA-D255
Q5087986,Madhya Pradesh,24.825112,79.931008,"Chaturbhuj Temple, Khajuraho",चतुरभुज मन्दिर,,"చతుర్భుజ ఆలయం, ఖజురహో",,ചത്തൂർബുജ ക്ഷേത്രം,,,,,http://commons.wikimedia.org/wiki/Special:FilePath/Chaturbhuj%20Temple%20Front%20View.jpg?width=640,,,,,,,part of UNESCO World Heritage Site; Monument of National Importance,,Chaturbhuj Temple Khajuraho,,http://commons.wikimedia.org/wiki/Special:FilePath/Chaturbhuj%20Temple%20Front%20View.jpg?width=640,CC BY-SA 4.0,Nishantsrivastava,https://en.wikipedia.org/wiki/Chaturbhuj_Temple_(Khajuraho),N-MP-34
Q5087989,Madhya Pradesh,25.350100,78.639900,"Chaturbhuj Temple, Orchha",चतुर्भुज मंदिर,,చతుర్భుజ ఆలయం (ఓర్చా),ಚತುರ್ಭುಜೆ ದೇವಾಲಯ,ചത്തൂർഭുജ് ടെംപിൾ,"চতুর্ভুজ মন্দির, ওড়ছা",,,,http://commons.wikimedia.org/wiki/Special:FilePath/Chaturbhuj%20Temple%20against%20the%20Vindhya%20range%20mountains%20of%20Orchha%20%2CMadhya%20Pradesh.jpg?width=640,,,,,,1550-01-01T00:00:00Z,State Protected Monument,,"Chaturbhuj Temple, Orchha",https://upload.wikimedia.org/wikipedia/commons/4/48/Chaturbhuj_Temple%2C_Orchha.jpg,https://upload.wikimedia.org/wikipedia/commons/4/48/Chaturbhuj_Temple%2C_Orchha.jpg,CC BY-SA 4.0,Yann (talk),https://en.wikipedia.org/wiki/Chaturbhuj_Temple_(Orchha),S-MP-277
Q5090262,Karnataka,12.660222,76.647528,Cheluvanarayana Swamy Temple,,மேல்கோட்டை செல்வநாராயணர் கோயில்,చెలువనారాయణ స్వామి ఆలయం,ಚೆಲುವನಾರಾಯಣ ಸ್ವಾಮಿ ದೇವಾಲಯ,,,,,,http://commons.wikimedia.org/wiki/Special:FilePath/Cheluvanarayana%20Swamy%20Temple%2C%20Melkote%20-%20during%20PHMSTBGP-2020%20%2810%29.jpg?width=640,,,,,,,Monument of National Importance,,Cheluvanarayana Swamy Temple,https://upload.wikimedia.org/wikipedia/commons/5/55/Cheluvanarayana_Swamy_Temple_BNC.jpg,https://upload.wikimedia.org/wikipedia/commons/5/55/Cheluvanarayana_Swamy_Temple_BNC.jpg,GFDL 1.2,Prathyush Thomas,https://en.wikipedia.org/wiki/Cheluvanarayana_Swamy_Temple,N-KA-B142
Q5091549,Tamil Nadu,12.074774,78.119289,Chenraya Perumal Temple,,அதியமான் கோட்டை சென்னராயப் பெருமாள் கோயில்,,ಛೇಂರಾಯ  ಪೆರುಮಾಳ್ ದೇವಾಲಯ,,,,,,http://commons.wikimedia.org/wiki/Special:FilePath/Chennarayaperumaltemple.jpg?width=640,,,,,,,Monument of National Importance,,Chennaraya Perumal Temple together with adjacent lands,https://upload.wikimedia.org/wikipedia/commons/8/8d/Chennarayaperumaltemple.jpg,https://upload.wikimedia.org/wikipedia/commons/8/8d/Chennarayaperumaltemple.jpg,CC BY-SA 3.0,Jchetan,https://en.wikipedia.org/wiki/Chenraya_Perumal_Temple,N-TN-C17
Q5117224,Goa,15.503169,73.911379,Church of St. Francis of Assisi,,,,,ചർച്ച് ഓഫ് സെന്റ് ഫ്രാൻസിസ് ഓഫ് അസ്സിസി,,,,,http://commons.wikimedia.org/wiki/Special:FilePath/Goa%20vecchia%2C%20san%20francesco%2C%20esterno%2003.jpg?width=640,,,baroque architecture,,,1661-01-01T00:00:00Z,Monument of National Importance; Heritage of Portuguese Influence,,Igreja de São Francisco de Assis (Goa),https://upload.wikimedia.org/wikipedia/commons/a/ab/Church_of_St._Francis_of_Assisi.jpg,https://upload.wikimedia.org/wikipedia/commons/a/ab/Church_of_St._Francis_of_Assisi.jpg,CC BY-SA 2.0,Aaron  C,https://en.wikipedia.org/wiki/Church_and_Convent_of_St._Francis_of_Assisi,N-GA-10
Q5207282,Assam,26.631301,92.757549,Da Parbatia,,,దహ్ పార్వతీయ,ಡಾ ಪರ್ಬತೀಆ,,,,,,http://commons.wikimedia.org/wiki/Special:FilePath/Da-Parbatia.jpg?width=640,,,,,,,Monument of National Importance,,Da Parbatia,https://upload.wikimedia.org/wikipedia/commons/c/c4/Da-Parbatia.jpg,https://upload.wikimedia.org/wikipedia/commons/c/c4/Da-Parbatia.jpg,CC BY-SA 3.0,Jugal Bharali,https://en.wikipedia.org/wiki/Dah_Parvatiya,N-AS-52
Q5221212,Chhattisgarh,19.136195,81.378056,Danteshwari Temple,दन्तेश्वरी मन्दिर,,దంతేశ్వరి దేవాలయం,,,,ଦନ୍ତେଶ୍ଵରୀ ମନ୍ଦିର,दंतेश्वरी मंदिर,,http://commons.wikimedia.org/wiki/Special:FilePath/0011122%20Dantewada%20Danteswari%20Mata%20Mandir%20Chattisgarh%20060.jpg?width=640,,,,,,,Monument of National Importance,,"Danteshwari Temple, Dantewada",https://upload.wikimedia.org/wikipedia/commons/f/f6/Danteswari_Temple_0034.jpg,https://upload.wikimedia.org/wikipedia/commons/f/f6/Danteswari_Temple_0034.jpg,CC BY-SA 4.0,Ratnesh1948,https://en.wikipedia.org/wiki/Danteshwari_Temple,N-CT-43
Q5266947,Madhya Pradesh,24.853389,79.919667,Devi Jagadambi Temple,,,దేవి జగదంబి ఆలయం,ದೇವಿ ಜಗದಂಬಿ ದೇವಾಲಯ,ദേവി ജഗദാമ്പി ക്ഷേത്രം,দেবী জগদম্বী মন্দির,,,,http://commons.wikimedia.org/wiki/Special:FilePath/Khajuraho%20Devi%20Jagadambi%20Temple%202010.jpg?width=640,,,,,,,Monument of National Importance,,Devi Jagdambi Temple Khajuraho,https://upload.wikimedia.org/wikipedia/commons/d/de/Khajuraho_Devi_Jagadambi_Temple_2010.jpg,https://upload.wikimedia.org/wikipedia/commons/d/de/Khajuraho_Devi_Jagadambi_Temple_2010.jpg,CC BY-SA 4.0,Marcin Białek,https://en.wikipedia.org/wiki/Devi_Jagadambi_Temple,N-MP-14
Q5287741,Karnataka,15.301861,75.771639,"Doddabasappa Temple, Dambal",,தொட்டபசவப்பா கோயில்,దొడ్డ బసవప్ప దేవాలయం,ದೊಡ್ಡಬಸಪ್ಪ ದೇವಾಲಯ,,,,,,http://commons.wikimedia.org/wiki/Special:FilePath/Dodda%20Basappa%20Temple.JPG?width=640,,,,,,,Monument of National Importance,,Doddabasappa Temple,https://upload.wikimedia.org/wikipedia/commons/b/b0/Dodda_Basappa_Temple.JPG,https://upload.wikimedia.org/wikipedia/commons/b/b0/Dodda_Basappa_Temple.JPG,CC BY-SA 3.0,"Original uploader was Dineshkannambadi at en.wikipedia
Later version(s) were uploaded by Redtigerxyz at en.wikipedia.

(Original text : en:User:Dineshkannambadi)",https://en.wikipedia.org/wiki/Doddabasappa_Temple,N-KA-D231
Q5305938,Tamil Nadu,12.616559,80.191518,Draupadi Ratha,द्रौपदी रथ,திரௌபதை இரதம்,ద్రౌపది రథం,,,,,,,http://commons.wikimedia.org/wiki/Special:FilePath/Pancha%20Ratha-3.JPG?width=640,,,,,,,Monument of National Importance,,Draupadi's Ratha,https://upload.wikimedia.org/wikipedia/commons/1/1f/Ratha1.JPG,https://upload.wikimedia.org/wikipedia/commons/1/1f/Ratha1.JPG,,,https://en.wikipedia.org/wiki/Draupadi_Ratha,N-TN-C56
Q5313281,Madhya Pradesh,24.839050,79.931750,Duladeo Temple,दुल्हा देव मन्दिर,,దులాదేవో ఆలయం,,ദുലാദേവ ക്ഷേത്രം,দুলাদেব মন্দির,,,,http://commons.wikimedia.org/wiki/Special:FilePath/Khajuraho%20Dulhadeo%202010.jpg?width=640,Shiva,,,,,1070-01-01T00:00:00Z,Monument of National Importance; part of UNESCO World Heritage Site,,DulhaDeo Temple Khajuraho,https://upload.wikimedia.org/wikipedia/commons/b/b6/Khajuraho_Dulhadeo_2010.jpg,https://upload.wikimedia.org/wikipedia/commons/b/b6/Khajuraho_Dulhadeo_2010.jpg,CC BY-SA 4.0,Marcin Białek,https://en.wikipedia.org/wiki/Duladeo_Temple,N-MP-33
Q5395965,Tamil Nadu,10.792778,78.767500,Erumbeeswarar Temple,,எறும்பியூர்,ఎరుంబీశ్వరర్ ఆలయం,,,ইরুম্বেশ্বর মন্দির,,,,http://commons.wikimedia.org/wiki/Special:FilePath/Tiruverumbur6.jpg?width=640,,,Dravidian architecture,,,,Monument of National Importance,,Erumbeeswarar Temple,https://upload.wikimedia.org/wikipedia/commons/d/d0/Siva_Temple_%28Erumbisvara_Temple%29.jpg,https://upload.wikimedia.org/wikipedia/commons/d/d0/Siva_Temple_%28Erumbisvara_Temple%29.jpg,,,https://en.wikipedia.org/wiki/Erumbeeswarar_Temple,N-TN-C158
Q55179237,Gujarat,23.669444,72.356667,"Sitala Mata Temple, Butapaldi",,,"శీతల మాతా టెంపుల్ ,బుట్టపైడి",,,,,,"શીતળા માતા મંદિર, બુટાપાલડી",http://commons.wikimedia.org/wiki/Special:FilePath/12th-century%20Sitala%20Mata%20temple%2C%20Butapaldi%20Gujarat%20021.jpg?width=640,,,,,,,State Protected Monument,,"Shitala Mata Temple, Buttapaldi",https://upload.wikimedia.org/wikipedia/commons/d/d5/Shitala_Mata_Temple%2C_Buttapaldi%2C_Mehsana_-_Temple_Complex_from_southeast_from_distance2.jpg,https://upload.wikimedia.org/wikipedia/commons/d/d5/Shitala_Mata_Temple%2C_Buttapaldi%2C_Mehsana_-_Temple_Complex_from_southeast_from_distance2.jpg,,,"https://en.wikipedia.org/wiki/Shitala_Mata_Temple,_Butapaldi",S-GJ-286
Q5521034,Tamil Nadu,11.206306,79.448447,Gangaikonda Cholapuram Temple,"बृहदीश्वर मन्दिर, गंगैकोण्ड चोलपुरम",கங்கைகொண்ட சோழீசுவரர் கோயில்,"బృహదీశ్వర దేవాలయం, గంగైకొండ చోళపురం",,ഭ്രീഹതീശ്വര ക്ഷേത്രം,গঙ্গাইকোণ্ড চোলপুরম বৃহদীশ্বর মন্দির,,,,http://commons.wikimedia.org/wiki/Special:FilePath/Gangaikondacholapuram%20Temple%204.jpg?width=640,,,,,Rajendra Chola I,1035-01-01T00:00:00Z,Monument of National Importance; part of UNESCO World Heritage Site,,Gangaikonda Cholapuram Temple,https://upload.wikimedia.org/wikipedia/commons/9/9e/Gangaikondacholapuram_Temple_4.jpg,https://upload.wikimedia.org/wikipedia/commons/9/9e/Gangaikondacholapuram_Temple_4.jpg,CC BY-SA 4.0,QiNi,"https://en.wikipedia.org/wiki/Brihadisvara_Temple,_Gangaikonda_Cholapuram",N-TN-T1
Q5527798,Karnataka,12.047029,77.029545,"Gaurishvara Temple, Yelandur",,"கௌரீசுவரர் கோயில் , ஏலாந்தூர்","గౌరీశ్వర దేవాలయం, యెలందూరు",,,,,,,http://commons.wikimedia.org/wiki/Special:FilePath/Mahadwara%20%28grand%20entrance%29%20to%20Gaurishvara%20temple%20at%20Yelandur.JPG?width=640,,,,,,,Monument of National Importance,,"Gaurishvara Temple, Yelandur",https://upload.wikimedia.org/wikipedia/commons/8/84/Mahadwara_%28grand_entrance%29_to_Gaurishvara_temple_at_Yelandur.JPG,https://upload.wikimedia.org/wikipedia/commons/8/84/Mahadwara_%28grand_entrance%29_to_Gaurishvara_temple_at_Yelandur.JPG,CC BY-SA 3.0,Dineshkannambadi,"https://en.wikipedia.org/wiki/Gaurishvara_Temple,_Yelandur",N-KA-B83
Q55615608,Rajasthan,26.926284,75.826867,Kalki Mandir,,,,,,,,,,http://commons.wikimedia.org/wiki/Special:FilePath/Kalki%20Temple%20Shikharas%202016.jpg?width=640,,,,,,,State Protected Monument,,Kalki Temple,https://upload.wikimedia.org/wikipedia/commons/8/80/Kalki_Temple_Shikhara_2016.jpg,https://upload.wikimedia.org/wikipedia/commons/8/80/Kalki_Temple_Shikhara_2016.jpg,CC BY-SA 4.0,Logawi,https://en.wikipedia.org/wiki/Kalki_Mandir,S-RJ-108
Q55636348,Tamil Nadu,11.042455,79.040812,"Twin Temples, Keezhaiyur",युगल शिव मंदिर,கீழையூர் இரட்டைக் கோயில்கள்,,,,"যুগল মন্দির, কিজহাইউর","ଯାଆଁଳା ମନ୍ଦିର, କେଜାଇୟୁର |",,,http://commons.wikimedia.org/wiki/Special:FilePath/S-TN-43%20Vadavaayilsrikoyil%20Cholisvaram%20at%20erattaikoyil.jpg?width=640,,,,,,,State Protected Monument,,"Erattaikoil, Keelaiyur",https://upload.wikimedia.org/wikipedia/commons/5/5e/Twin_Temples%2C_Keezhaiyur.jpg,https://upload.wikimedia.org/wikipedia/commons/5/5e/Twin_Temples%2C_Keezhaiyur.jpg,,,"https://en.wikipedia.org/wiki/Twin_Temples,_Keezhaiyur",S-TN-43
Q56152661,West Bengal,22.725739,88.362343,26 Shiva temple,,,26 శివ టెంపుల్,,,২৬ শিব মন্দির,୨୬ ଶିବ ମନ୍ଦିର,,,http://commons.wikimedia.org/wiki/Special:FilePath/26%20Siva%20Temples.jpg?width=640,,,At-chala,,,,Monument of National Importance,,26 Shiva Temples,,http://commons.wikimedia.org/wiki/Special:FilePath/26%20Siva%20Temples.jpg?width=640,CC BY-SA 3.0,Debajyotimitra,,N-WB-4
Q56153352,West Bengal,23.166133,87.235239,Siddheshwar temple,बहुलाड़ा प्राचीन मन्दिर,,సిద్ధేశ్వర్ టెంపుల్,,സിദ്ധേശ്വർ ടെമ്പിൾ,সিদ্ধেশ্বর মন্দির,ସିଦ୍ଧେଶ୍ବର ମନ୍ଦିର,,,http://commons.wikimedia.org/wiki/Special:FilePath/Deul%20of%20Bohulara%20%2804%29.jpg?width=640,,,Deul,,,,Monument of National Importance,,"Siddheshwar temple, Bahulara",https://upload.wikimedia.org/wikipedia/commons/a/a3/Siddheshwara_Temple_at_Bahulara%2C_Bankura.jpg,https://upload.wikimedia.org/wikipedia/commons/a/a3/Siddheshwara_Temple_at_Bahulara%2C_Bankura.jpg,,,https://en.wikipedia.org/wiki/Bahulara_Ancient_Temple,N-WB-7
Q56153635,West Bengal,23.060192,87.321907,Jor Mandir,,,జోరె మందిర్,,,জোড় মন্দির,ଜୋଡ଼ ମନ୍ଦିର,,,http://commons.wikimedia.org/wiki/Special:FilePath/Jor%20group%20of%20temples%20in%20Bishnupur%2050.jpg?width=640,,,Ek-ratna,,Gopal Singha Dev I,1726-01-01T00:00:00Z,Monument of National Importance,,"Jor Mandir complex, Bishnupur",https://upload.wikimedia.org/wikipedia/commons/4/46/Bishnupur_Cluster_of_Temples.jpg,https://upload.wikimedia.org/wikipedia/commons/4/46/Bishnupur_Cluster_of_Temples.jpg,CC BY-SA 2.5,User:P.K.Niyogi,https://en.wikipedia.org/wiki/Jor_Mandir,N-WB-10
Q56153798,West Bengal,23.071709,87.326790,"Keshto Ray Temple, Bishnupur",,,జోరే బంగ్లా టెంపుల్,,,"কেষ্ট রায় মন্দির, বিষ্ণুপুর",ଜୋଡ଼ ବଙ୍ଗଳା ମନ୍ଦିର,,,http://commons.wikimedia.org/wiki/Special:FilePath/Jod%20Bangla%20Terracotta%20Temple%2C%20Bishnupur%2C%20West%20Bengal.jpg?width=640,,,Jor-bangla,,Raghunath Singha Dev,1655-01-01T00:00:00Z,Monument of National Importance,,"Jor Bangla Temple, Bishnupur",https://upload.wikimedia.org/wikipedia/commons/7/76/Jor_Bangla_or_Keshta_Raya_temple_of_Bishnupur._Built_by_Raghunath_Singha_in_1655_AD._23.jpg,https://upload.wikimedia.org/wikipedia/commons/7/76/Jor_Bangla_or_Keshta_Raya_temple_of_Bishnupur._Built_by_Raghunath_Singha_in_1655_AD._23.jpg,CC BY-SA 4.0,SuvadipSanyal,https://en.wikipedia.org/wiki/Jor_Bangla_Temple,N-WB-11
Q56154049,West Bengal,23.059214,87.324989,Kalachand Temple,,,కళచంద్ టెంపుల్,,കലചന്ദ് ക്ഷേത്രം,কালাচাঁদ মন্দির,କଳାଚାନ୍ଦ ମନ୍ଦିର,,,http://commons.wikimedia.org/wiki/Special:FilePath/Kalachand%20Temple%20of%20Bishnupur%20%2808%29.jpg?width=640,,,Ek-ratna,,Raghunath Singha Dev,1656-01-01T00:00:00Z,Monument of National Importance,শ্রীরাধিকাকৃষ্ণমুদে শকেব্দি রসাঙ্কযুক্তে নবরত্নমেতৎ শ্রীবীর হম্বীর নরে সূনুর্দ্দৌ নৃপ শ্রীরঘুনাথসিংহ।। ৯৬২।,"Kalachand Temple, Bishnupur",https://upload.wikimedia.org/wikipedia/commons/9/9f/Kalachand_Temple_Arnab_Dutta_2011.JPG,https://upload.wikimedia.org/wikipedia/commons/9/9f/Kalachand_Temple_Arnab_Dutta_2011.JPG,CC BY-SA 3.0,Jonoikobangali,https://en.wikipedia.org/wiki/Kalachand_Temple,N-WB-12
Q56154082,West Bengal,23.073364,87.326950,Lalji Temple,,,లాల్జీ టెంపుల్,,ലാൽജി ക്ഷേത്രം,লালজী মন্দির,ଲାଲଜୀ ମନ୍ଦିର,,,http://commons.wikimedia.org/wiki/Special:FilePath/Lalji%20temple%20of%20Bishnupur%2004.jpg?width=640,,,Ek-ratna,,Bir Singha Dev,1658-01-01T00:00:00Z,Monument of National Importance,শ্রীরাধিকাকৃষ্ণমুদে শকেব্দি রসাঙ্কযুক্তে নবরত্নমেতৎ মল্লাধিপ শ্রীরঘুনাথসূনুর্দ্দৌ নৃপ শ্রীযুত বীরসিংহঃ।। ৯৬৪।,"Lalji Temple, Bishnupur",https://upload.wikimedia.org/wikipedia/commons/c/cd/Lalji_Mandir_Area.jpg,https://upload.wikimedia.org/wikipedia/commons/c/cd/Lalji_Mandir_Area.jpg,CC BY-SA 4.0,Uphogaphy,https://en.wikipedia.org/wiki/Lalji_Temple,N-WB-13
Q56154117,West Bengal,23.076502,87.311874,Madan Gopal Temple,,,మదన్ గోపాల్ టెంపుల్,,,মদনগোপাল মন্দির,ମଦନଗୋପାଳ ମନ୍ଦିର,,,http://commons.wikimedia.org/wiki/Special:FilePath/Madan%20Gopal%20temple%20of%20Bishnupur%20in%20Bankura%20district.%2001.jpg?width=640,,,Pancharatna,,Churamani Devi,1665-01-01T00:00:00Z,Monument of National Importance,,"Madan Gopal Temple, Bishnupur",https://upload.wikimedia.org/wikipedia/commons/7/76/Madan_Gopal_temple_of_Bishnupur_in_Bankura_district._01.jpg,https://upload.wikimedia.org/wikipedia/commons/7/76/Madan_Gopal_temple_of_Bishnupur_in_Bankura_district._01.jpg,CC BY-SA 4.0,SuvadipSanyal,https://en.wikipedia.org/wiki/Madan_Gopal_Temple,N-WB-14
Q56154162,West Bengal,23.080697,87.323597,Madan Mohan Temple,,,మదన్ మోహన్ టెంపుల్,,മദൻ മോഹൻ ക്ഷേത്രം,মদনমোহন মন্দির,ମଦନମୋହନ ମନ୍ଦିର,,,http://commons.wikimedia.org/wiki/Special:FilePath/Madan%20Mohan%20temple%20of%20Bishnupur%20%2804%29.jpg?width=640,,,Ek-ratna,,Durjan Singha Dev,1694-01-01T00:00:00Z,Monument of National Importance,শ্রীরাধাব্রজরাজনন্দন পদাম্ভোজেষু তৎপ্রীতয়ে মল্লাব্দে ফনীরাজশীর্ষগণিতে মাসে শুচৌ নির্মলে সৌধং সুন্দররত্নম্নদিরমিদং সার্দ্ধংস্বচেতোহলিনা শ্রীমদ্দুর্জন সিংহ ভূমিপতিনা দত্তংবিশুদ্ধাত্মনা। ১০০০।,"Madan Mohan Temple, Bishnupur",https://upload.wikimedia.org/wikipedia/commons/0/08/Madan_Mohan_Temple_of_Bishnupur_District_of_West_Bengal.jpg,https://upload.wikimedia.org/wikipedia/commons/0/08/Madan_Mohan_Temple_of_Bishnupur_District_of_West_Bengal.jpg,CC BY-SA 4.0,Amitabha Gupta,"https://en.wikipedia.org/wiki/Madan_Mohan_Temple,_Bishnupur",N-WB-15
Q56154247,West Bengal,23.082047,87.317735,Murali Mohan Temple,,,మురళీ మోహన్ టెంపుల్,,മുരളി മോഹൻ ടെംപിൾ,মুরলীমোহন মন্দির,ମୁରଲୀମୋହନ ମନ୍ଦିର,,,http://commons.wikimedia.org/wiki/Special:FilePath/Murli%20Mohana%20temple%20of%20Bishnupur.%2008.jpg?width=640,,,Ek-ratna,,Churamani Devi,1665-01-01T00:00:00Z,Monument of National Importance,শ্রীশ্রীদুর্জন সিংহ ভূপজননী মল্লাবনীবল্লভ শ্রীল শ্রীযুত বীরসিংহ মহিষী শ্রীশ্রীল চূড়ামণিঃ মল্লাব্দে শশিসপ্তরন্ধ্রবিমিতে শ্রীরাধিকাকৃষ্ণায়ঃ  প্রীতৌ সৌধগৃহংন্যবেদয়দিদং পূর্ণেন্দুতোহপ্যুজ্জ্বলম্।। ৯৭১।,"Murali Mohan Temple, Bishnupur",https://upload.wikimedia.org/wikipedia/commons/2/25/Murali_Mohan_temple_03.jpg,https://upload.wikimedia.org/wikipedia/commons/2/25/Murali_Mohan_temple_03.jpg,CC BY-SA 4.0,Vikas Singh,https://en.wikipedia.org/wiki/Murali_Mohan_Temple,N-WB-17
Q56154409,West Bengal,23.061298,87.323006,Nanda Lal Temple,,,నంద లాల్ టెంపుల్,,,নন্দলাল মন্দির,ନନ୍ଦଲାଲ ମନ୍ଦିର,,,http://commons.wikimedia.org/wiki/Special:FilePath/Nandalal%20temple%20of%20Bishnupur%20in%20Bankura%20District%2005.jpg?width=640,,,Ek-ratna,,,,Monument of National Importance,,"Nandalal Temple, Bishnupur",,http://commons.wikimedia.org/wiki/Special:FilePath/Nandalal%20temple%20of%20Bishnupur%20in%20Bankura%20District%2005.jpg?width=640,,,,N-WB-18
Q56154463,West Bengal,23.075058,87.337181,Patpur Temple,,,పాతపుర్ టెంపుల్,,,পাটপুর মন্দির,ପାଟପୁର ମନ୍ଦିର,,,http://commons.wikimedia.org/wiki/Special:FilePath/Patpur%20temple%2001.jpg?width=640,,,Ek-ratna,,,,Monument of National Importance,,Patpur Temple,,http://commons.wikimedia.org/wiki/Special:FilePath/Patpur%20temple%2001.jpg?width=640,,,,N-WB-19
Q56154493,West Bengal,23.080788,87.327721,Radha Binod Temple,,,రాధా బినోద్ టెంపుల్,,,রাধাবিনোদ মন্দির,ରାଧାବିନୋଦ ମନ୍ଦିର,,,http://commons.wikimedia.org/wiki/Special:FilePath/Radhabinod%20temple%20of%20Bishnupur%20%2853%29.jpg?width=640,,,At-chala,,Raghunath Singha Dev,1659-01-01T00:00:00Z,Monument of National Importance,,"Radhabinod Temple, Bishnupur",https://upload.wikimedia.org/wikipedia/commons/c/c0/Radhabinod_temple_of_Bishnupur_%2853%29.jpg,https://upload.wikimedia.org/wikipedia/commons/c/c0/Radhabinod_temple_of_Bishnupur_%2853%29.jpg,,,https://en.wikipedia.org/wiki/Radhabinod_Temple,N-WB-20
Q56154579,West Bengal,23.060049,87.323181,Radha Gobinda Temple,राधा गोबिन्दा टेम्पल,,రాధా గోబిందా టెంపుల్,,,রাধাগোবিন্দ মন্দির,ରାଧାଗୋବିନ୍ଦ ମନ୍ଦିର,,,http://commons.wikimedia.org/wiki/Special:FilePath/Radha%20Gobinda%20temple%2001.jpg?width=640,,,Ek-ratna,,Krishna Singha Dev,1729-01-01T00:00:00Z,Monument of National Importance,,"Radha-Gobinda Temple, Bishnupur",https://upload.wikimedia.org/wikipedia/commons/6/6a/Radha_Govinda_Temple_Bishnupur%2C_Bankura%2C_Westbengal%2C_India.jpg,https://upload.wikimedia.org/wikipedia/commons/6/6a/Radha_Govinda_Temple_Bishnupur%2C_Bankura%2C_Westbengal%2C_India.jpg,,,https://en.wikipedia.org/wiki/Radha_Gobind_Temple,N-WB-21
Q56154613,West Bengal,23.059611,87.324522,Radha Madhab Temple,राधा माधब टेम्पल,,రాధా మాదబ్ టెంపుల్,,,রাধামাধব মন্দির,ରାଧାମାଧବ ମନ୍ଦିର,,,http://commons.wikimedia.org/wiki/Special:FilePath/Radhamadhab%20Temple%20at%20Bishnupur%20in%20Bankura%20district%20of%20West%20Bengal.jpg?width=640,,,Ek-ratna,,Churamani Devi,1737-01-01T00:00:00Z,Monument of National Importance,,"Radhamadhab Temple, Bishnupur",https://upload.wikimedia.org/wikipedia/commons/1/1d/RADHA_MADHAB_TEMPLE.JPG,https://upload.wikimedia.org/wikipedia/commons/1/1d/RADHA_MADHAB_TEMPLE.JPG,,,https://en.wikipedia.org/wiki/Radha_Madhab_Temple,N-WB-22
Q56154637,West Bengal,23.072460,87.326401,Radha Shyam Temple,,,రాధా శ్యామ్ టెంపుల్,,,রাধাশ্যাম মন্দির,ରାଧାଶ୍ଯାମ ମନ୍ଦିର,,,http://commons.wikimedia.org/wiki/Special:FilePath/Radhashyam%20Temple%20at%20Bishnupur%202.jpg?width=640,,,Ek-ratna,,Chaitanya Singha Dev,1758-01-01T00:00:00Z,Monument of National Importance,,"Radhashyam Temple, Bishnupur",https://upload.wikimedia.org/wikipedia/commons/e/e0/Bishnupur_Radhashyam.jpg,https://upload.wikimedia.org/wikipedia/commons/e/e0/Bishnupur_Radhashyam.jpg,CC BY-SA 4.0,Rangan Datta Wiki,https://en.wikipedia.org/wiki/Radha_Shyam_Temple,N-WB-23
Q56159226,West Bengal,23.119060,87.347420,Saileswar Temple,,,శైలేశ్వర్ టెంపుల్,,,শৈলেশ্বর মন্দির,ଶୈଳେଶ୍ବର ମନ୍ଦିର,,,http://commons.wikimedia.org/wiki/Special:FilePath/Saileswar%20and%20Sareswar%20temple%20of%20Dihar%20in%20Bankura%20district%20%2802%29.jpg?width=640,,,,,Prithwi Malla,1346-01-01T00:00:00Z,Monument of National Importance,,"Shaileshwar Temple, Dihar",,http://commons.wikimedia.org/wiki/Special:FilePath/Saileswar%20and%20Sareswar%20temple%20of%20Dihar%20in%20Bankura%20district%20%2802%29.jpg?width=640,,,,N-WB-28
Q56159477,West Bengal,23.102247,87.347383,Sareswar Temple,,,,,,ষাঁড়েশ্বর মন্দির,ସାରେଶ୍ୱର ମନ୍ଦିର,,,http://commons.wikimedia.org/wiki/Special:FilePath/Saileswar%20and%20Sareswar%20temple%20of%20Dihar%20in%20Bankura%20district%20%2819%29.jpg?width=640,,,,,,1346-01-01T00:00:00Z,Monument of National Importance,,"Shareshwar Temple, Dihar",,http://commons.wikimedia.org/wiki/Special:FilePath/Saileswar%20and%20Sareswar%20temple%20of%20Dihar%20in%20Bankura%20district%20%2819%29.jpg?width=640,,,,N-WB-29
Q56160113,West Bengal,23.436589,87.255089,Radha Damodar Jiu temple,,,రాధా దామోదర్ జి టెంపుల్,,,রাধাদামোদর জিউ মন্দির,ରାଧାଦାମୋଦର ଜୀଉ ମନ୍ଦିର,,,http://commons.wikimedia.org/wiki/Special:FilePath/Radha%20Damodar%20temple%20at%20Ghutgeria%20In%20Bankura%20district%2001.jpg?width=640,,,Deul,,,,Monument of National Importance,,"Radha Damodar temple, Ghutgoria",,http://commons.wikimedia.org/wiki/Special:FilePath/Radha%20Damodar%20temple%20at%20Ghutgeria%20In%20Bankura%20district%2001.jpg?width=640,,,,N-WB-30
Q56160151,West Bengal,23.036949,87.461922,Gokulchand Temple,,,గోకులచంద్ టెంపుల్,,ഗോകുൽചന്ദ് ക്ഷേത്രം,গোকুলচাঁদ মন্দির,ଗୋକୁଳଚାନ୍ଦ ମନ୍ଦିର,,,http://commons.wikimedia.org/wiki/Special:FilePath/Gokulchand%20temple%20of%20Gokulnagar%20in%20Bankura%20district%20%2814%29.jpg?width=640,,,Pancharatna,,,1643-01-01T00:00:00Z,Monument of National Importance,,"Gokulchand temple, Gokulnagar",https://upload.wikimedia.org/wikipedia/commons/d/d0/Gokulchand_Temple_Gokulnagar_Bankura.jpg,https://upload.wikimedia.org/wikipedia/commons/d/d0/Gokulchand_Temple_Gokulnagar_Bankura.jpg,CC BY-SA 4.0,Kinjal bose 78,https://en.wikipedia.org/wiki/Gokulchand_temple,N-WB-31
Q56161799,West Bengal,23.904045,87.531990,Damodar Temple,,,దామోదర్ టెంపుల్,,,দামোদর মন্দির,ଦାମୋଦର ମନ୍ଦିର,,,http://commons.wikimedia.org/wiki/Special:FilePath/Damodar%20temple%20of%20Siuri%20in%20Birbhum%20district%20of%20West%20Bengal%2003.jpg?width=640,,,At-chala,,,,Monument of National Importance,,"Damodar Temple, Suri",,http://commons.wikimedia.org/wiki/Special:FilePath/Damodar%20temple%20of%20Siuri%20in%20Birbhum%20district%20of%20West%20Bengal%2003.jpg?width=640,CC BY-SA 4.0,SuvadipSanyal,,N-WB-45
Q56162054,West Bengal,23.221268,88.365701,Bijoy Vaidyanath Temple,,,బిజోయ్ వైద్యనాథ్ టెంపుల్,,,বিজয় বৈদ্যনাথ মন্দির,ବିଜୟ ବୈଦ୍ୟନାଥ ମନ୍ଦିର,,,http://commons.wikimedia.org/wiki/Special:FilePath/Bijoy%20Vaidyanath%20Temple%2C%20Kalna%2C%20Burdwan.jpg?width=640,,,At-chala,,,,Monument of National Importance,,"Bijoy Vaidyanath Temple, Kalna",,http://commons.wikimedia.org/wiki/Special:FilePath/Bijoy%20Vaidyanath%20Temple%2C%20Kalna%2C%20Burdwan.jpg?width=640,CC BY-SA 4.0,Gautam Tarafder,,N-WB-54-a
Q56162847,West Bengal,23.221667,88.365083,Giri Gobardhan Temple,,,గిరి గోబర్ధన్ టెంపుల్,,,গিরি গোবর্ধন মন্দির,ଗିରି ଗୋବର୍ଦ୍ଧନ ମନ୍ଦିର,,,http://commons.wikimedia.org/wiki/Special:FilePath/Giri%20Gobardhan%20Temple%2C%20Kalna.jpg?width=640,,,,,,,Monument of National Importance,,Giri Gobardhan Temple,,http://commons.wikimedia.org/wiki/Special:FilePath/Giri%20Gobardhan%20Temple%2C%20Kalna.jpg?width=640,CC BY-SA 4.0,Gautam Tarafder,,N-WB-54-b
Q56162991,West Bengal,,,Gopalji Temple,,,,,,গোপালজী মন্দির,ଗୋପାଳଜୀ ମନ୍ଦିର,,,http://commons.wikimedia.org/wiki/Special:FilePath/Gopalbari%20Temple%20Kalna.jpg?width=640,,,Panchabimsati-ratna,,,,Monument of National Importance,,"Gopalji Temple, Kalna",,http://commons.wikimedia.org/wiki/Special:FilePath/Gopalbari%20Temple%20Kalna.jpg?width=640,CC BY-SA 4.0,Kinjal bose 78,,N-WB-54-c
Q56163070,West Bengal,23.221946,88.365182,Lalji Temple,,,లాల్జీ టెంపుల్,,,লালজী মন্দির,ଲାଲଜୀ ମନ୍ଦିର,,,http://commons.wikimedia.org/wiki/Special:FilePath/Lalji%20Temple%20-%20Kalna%20%28front%20view%29%20-%202.jpg?width=640,,,Panchabimsati-ratna,,,,Monument of National Importance,,Lalji Temple,,http://commons.wikimedia.org/wiki/Special:FilePath/Lalji%20Temple%20-%20Kalna%20%28front%20view%29%20-%202.jpg?width=640,CC BY-SA 4.0,Sumit Surai,,N-WB-54-f
Q56163081,West Bengal,,,Jaleswar Temple,,,,,,জলেশ্বর মন্দির,ଜଳେଶ୍ବର ମନ୍ଦିର,,,http://commons.wikimedia.org/wiki/Special:FilePath/Jaleswar%20Temple%2C%20Kalna.jpg?width=640,,,Pancharatna,,,,Monument of National Importance,,"Jaleshwar Temple, Kalna",,http://commons.wikimedia.org/wiki/Special:FilePath/Jaleswar%20Temple%2C%20Kalna.jpg?width=640,CC BY-SA 4.0,Gautam Tarafder,,N-WB-54-d
Q56163293,West Bengal,,,Pancharatna Temple,,,,,,পঞ্চরত্ন মন্দির,ପଞ୍ଚରତ୍ନ ମନ୍ଦିର,,,http://commons.wikimedia.org/wiki/Special:FilePath/Pancha%20Ratna%20Temple%2C%20Kalna.jpg?width=640,,,At-chala,,,,Monument of National Importance,,"Pancharatna temples, Kalna",,http://commons.wikimedia.org/wiki/Special:FilePath/Pancha%20Ratna%20Temple%2C%20Kalna.jpg?width=640,,,,N-WB-54-h
Q56163423,West Bengal,,,Rameswar Temple,,,,,,রামেশ্বর মন্দির,ରାମେଶ୍ବର ମନ୍ଦିର,,,http://commons.wikimedia.org/wiki/Special:FilePath/Rameswar%20temple.%20%28Kalna%2C%20Burdwan%29.jpg?width=640,,,At-chala,,,,Monument of National Importance,,"Rameshwar Temple, Kalna",,http://commons.wikimedia.org/wiki/Special:FilePath/Rameswar%20temple.%20%28Kalna%2C%20Burdwan%29.jpg?width=640,,,,N-WB-54-j
Q56163455,West Bengal,23.220500,88.365361,Ratneswar Temple,,,రత్నేశ్వర్ టెంపుల్,,,রত্নেশ্বর মন্দির,ରତ୍ନେଶ୍ବର ମନ୍ଦିର,,,http://commons.wikimedia.org/wiki/Special:FilePath/Ratneswar%20Temple%20at%20Kalna.jpg?width=640,,,Pancharatna,,,,Monument of National Importance,,"Ratneshwar Temple, Kalna",,http://commons.wikimedia.org/wiki/Special:FilePath/Ratneswar%20Temple%20at%20Kalna.jpg?width=640,,,,N-WB-54-k
Q56163482,West Bengal,23.221387,88.365312,Rupeswar Temple,,,రూపేశ్వర్ టెంపుల్,,,রূপেশ্বর মন্দির,ରୂପେଶ୍ବର ମନ୍ଦିର,,,http://commons.wikimedia.org/wiki/Special:FilePath/Rupeswar%20Temple%20-%20Kalna%20%28front%20view%29%20-%202.jpg?width=640,,,dalan,,,,Monument of National Importance,,"Rupeshwar Temple, Kalna",,http://commons.wikimedia.org/wiki/Special:FilePath/Rupeswar%20Temple%20-%20Kalna%20%28front%20view%29%20-%202.jpg?width=640,,,,N-WB-54-l
Q56172450,West Bengal,23.197130,88.440948,Brindaban Chandra's Math,,,బృందాబన్ చంద్రాస్ మఠ్,,,বৃন্দাবনচন্দ্রের মঠ,ବୃନ୍ଦାବନ ଚନ୍ଦ୍ରଙ୍କର ମଠ,,,http://commons.wikimedia.org/wiki/Special:FilePath/Brindaban%20Chandra%27s%20Math%20Complex.jpg?width=640,,,,,,,Monument of National Importance,,Brindaban Chandra's Math,https://upload.wikimedia.org/wikipedia/commons/4/47/Brindaban_Chandra%27s_Math_Complex.jpg,https://upload.wikimedia.org/wikipedia/commons/4/47/Brindaban_Chandra%27s_Math_Complex.jpg,CC BY-SA 4.0,Gautam Tarafder,https://en.wikipedia.org/wiki/Brindaban_Chandra%27s_Math,N-WB-66
Q56199594,Tripura,23.541517,91.504318,Bhubaneswari Temple,,புவனேசுவரி கோயில்,భుబనేశ్వరి టెంపుల్,,,ভুবনেশ্বরী মন্দির,ଭୂବନେଶ୍ବରୀ ମନ୍ଦିର,,,http://commons.wikimedia.org/wiki/Special:FilePath/Bhuvaneshwari%20Temple%2C%20Tripura.jpg?width=640,,,,,,,Monument of National Importance,,"Bhubaneswari Temple, Rajnagar",https://upload.wikimedia.org/wikipedia/commons/f/ff/Bhubaneswari_Temple_.Rajnagar%2CUdaipur.South_Tripura.jpg,https://upload.wikimedia.org/wikipedia/commons/f/ff/Bhubaneswari_Temple_.Rajnagar%2CUdaipur.South_Tripura.jpg,CC BY-SA 4.0,Sanjibroy56,https://en.wikipedia.org/wiki/Bhubaneswari_Temple,N-TR-3
Q56218237,Puducherry,11.807012,79.742253,Mulanathaswami Temple,,,మూలనాథస్వామి టెంపుల్,ಮೂಲನಾಥಸ್ವಾಮಿ ದೇವಸ್ಥಾನ,,,,,,http://commons.wikimedia.org/wiki/Special:FilePath/Mulanathaswami%20Temple%2CBahour%2001.jpg?width=640,,,,,,,Monument of National Importance,,Mulanathaswami Temple,,http://commons.wikimedia.org/wiki/Special:FilePath/Mulanathaswami%20Temple%2CBahour%2001.jpg?width=640,CC BY-SA 3.0,Jayaseerlourdhuraj,,N-PY-2
Q56218342,Puducherry,11.916539,79.635770,Thirukundangudi Mahadeva Temple,,,తిరుకుందంగుడి మహాదేవ టెంపుల్,ತಿರುಕುಂದನ್ ಗುಡಿಮಹಾದೇವ ದೇವಸ್ತಾನ,,,,,,http://commons.wikimedia.org/wiki/Special:FilePath/Thirukundangudimahadeva%20Temple%2CMadagadipattu%2CPondicherry%2005.jpg?width=640,,,,,,,Monument of National Importance,,"Thirukundangudimahadeva Temple, Puducherry",,http://commons.wikimedia.org/wiki/Special:FilePath/Thirukundangudimahadeva%20Temple%2CMadagadipattu%2CPondicherry%2005.jpg?width=640,,,,N-PY-3
Q56218537,Manipur,24.620000,93.759722,Vishnu Temple,विष्णु मंदिर,,విష్ణు టెంపుల్,,,বিষ্ণু মন্দির,ବିଷ୍ଣୁ ମନ୍ଦିର,,,http://commons.wikimedia.org/wiki/Special:FilePath/Vishnu%20temple%2C%20Bishnupur%2002.jpg?width=640,,,,,,,Monument of National Importance,,"Vishnu temple, Bishnupur, Manipur",,http://commons.wikimedia.org/wiki/Special:FilePath/Vishnu%20temple%2C%20Bishnupur%2002.jpg?width=640,,,,N-MN-1
Q56225086,West Bengal,23.642078,87.430519,Radha Binod Temple,राधाबिनॉद मन्दिर्,,రాధా బినోద్ టెంపుల్,,,রাধাবিনোদ মন্দির,ରାଧାବିନୋଦ ମନ୍ଦିର,,,http://commons.wikimedia.org/wiki/Special:FilePath/Radhabinod%20temple%20of%20Joydeb%20Kenduli%20in%20Birbhum%20district%2003.jpg?width=640,,,Navaratna,,,,Monument of National Importance,,"Radhabinod Temple, Jaydev Kenduli",,http://commons.wikimedia.org/wiki/Special:FilePath/Radhabinod%20temple%20of%20Joydeb%20Kenduli%20in%20Birbhum%20district%2003.jpg?width=640,,,,N-WB-41
Q56228964,Puducherry,10.968060,79.771299,Swayambunathaswamy Temple,,,స్వయంభూనాథస్వామి టెంపుల్,ಸ್ವಯಂಬುನಾಥಸ್ವಾಮಿ ದೇವಸ್ಥಾನ,,,,,,http://commons.wikimedia.org/wiki/Special:FilePath/Swayambunathaswamy%20Temple%2C%20Nedungadu.jpg?width=640,,,,,,,Monument of National Importance,,,,http://commons.wikimedia.org/wiki/Special:FilePath/Swayambunathaswamy%20Temple%2C%20Nedungadu.jpg?width=640,,,,N-PY-4
Q56242029,Maharashtra,18.319444,76.141667,Trivikrama Temple,,திரிவிக்கிரம கோயில்,త్రివిక్రమ దేవాలయం,,,,,,,http://commons.wikimedia.org/wiki/Special:FilePath/Trivikram%20Temple%20Ter%20Osmanabad.jpg?width=640,,,,,,,State Protected Monument,,Trivikrama Temple,https://upload.wikimedia.org/wikipedia/commons/5/58/Trivikram_Temple_Ter_1.jpg,https://upload.wikimedia.org/wikipedia/commons/5/58/Trivikram_Temple_Ter_1.jpg,,,https://en.wikipedia.org/wiki/Trivikrama_Temple,S-MH-240
Q56242039,Gujarat,23.017109,69.901185,Bhuvadeshwar Mahadev Temple,,,,,,,,,,http://commons.wikimedia.org/wiki/Special:FilePath/14th-century%20Bhuvadeshwar%20Mahadeva%20temple%2C%20Bhuvad%20Gujarat%20016.jpg?width=640,,,,,,,State Protected Monument,,Bhuvadeshwar Mahadev Temple,,http://commons.wikimedia.org/wiki/Special:FilePath/14th-century%20Bhuvadeshwar%20Mahadeva%20temple%2C%20Bhuvad%20Gujarat%20016.jpg?width=640,CC0,Ms Sarah Welch,,S-GJ-64
Q56242156,Kerala,8.441594,76.955129,"Temple of Parasurama, Brahma, Siva and Matsya","परशुराम, ब्रह्मा, शिव और मत्स्य का मंदिर",,,,"പരശുരാമൻ, ബ്രഹ്മാവ്, ശിവൻ, മത്സ്യം എന്നിവരുടെ ക്ഷേത്രം",,,,,http://commons.wikimedia.org/wiki/Special:FilePath/A%20shrine%20inside%20Parashurama%20Hindu%20Temple%20near%20Kovallam%2C%20Thiruvananthapuram%20Kerala.jpg?width=640,,,,,,,Monument of National Importance,,,,http://commons.wikimedia.org/wiki/Special:FilePath/A%20shrine%20inside%20Parashurama%20Hindu%20Temple%20near%20Kovallam%2C%20Thiruvananthapuram%20Kerala.jpg?width=640,CC BY-SA 4.0,Ms Sarah Welch,,N-KL-10
Q56247239,West Bengal,22.408440,87.416092,Dharmaraj temple,,,,,,ধর্মরাজ মন্দির,ଧର୍ମରାଜ ମନ୍ଦିର,,,http://commons.wikimedia.org/wiki/Special:FilePath/DharmarajTemple-Pathra-WestBengal-Fig2.jpg?width=640,,,Pancharatna,,,,Monument of National Importance,,"Dharmaraj temple, Pathra",,http://commons.wikimedia.org/wiki/Special:FilePath/DharmarajTemple-Pathra-WestBengal-Fig2.jpg?width=640,CC BY-SA 4.0,Arkadipta Chandra,,N-WB-102
Q56247246,West Bengal,22.412344,87.419609,Temples of Bandyopadhyay Family,,,,,,বন্দ্যোপাধ্যায় পরিবারের মন্দির,ବନ୍ଦ୍ୟୋପାଧ୍ୟାୟ ପରିବାରର ମନ୍ଦିର,,,http://commons.wikimedia.org/wiki/Special:FilePath/Temples%20of%20Bandhopadhyay%20Family-%20Pathra-%20West%20Bengal-%20BT-01.jpg?width=640,,,,,,,Monument of National Importance,,"Temples of Bandyopadhyay family, Pathra",,http://commons.wikimedia.org/wiki/Special:FilePath/Temples%20of%20Bandhopadhyay%20Family-%20Pathra-%20West%20Bengal-%20BT-01.jpg?width=640,,,,N-WB-103
Q56247248,West Bengal,22.408321,87.420250,Sitala temple,,,,,,শীতলা মন্দির,ଶୀତଳା ମନ୍ଦିର,,,http://commons.wikimedia.org/wiki/Special:FilePath/Sitala%20Maata%20Temple-%20Pathra-%20West%20Bengal-%20ST-01.jpg?width=640,,,Deul,,,,Monument of National Importance,,"Sitala Mata Mandir, Pathra",,http://commons.wikimedia.org/wiki/Special:FilePath/Sitala%20Maata%20Temple-%20Pathra-%20West%20Bengal-%20ST-01.jpg?width=640,,,,N-WB-104
Q56247249,West Bengal,22.409246,87.418015,Navratna Temple Complex,,,,,,নবরত্ন মন্দিরসমষ্টি,ନବରତ୍ନ ମନ୍ଦିରସମୂହ,,,http://commons.wikimedia.org/wiki/Special:FilePath/Navratna%20Temple%20Complex-%20Pathra-%20West%20Bengal-%20NT-06.jpg?width=640,,,,,,,Monument of National Importance,,"Navratna Temple Complex, Pathra",,http://commons.wikimedia.org/wiki/Special:FilePath/Navratna%20Temple%20Complex-%20Pathra-%20West%20Bengal-%20NT-06.jpg?width=640,,,,N-WB-105
Q56247272,West Bengal,23.058468,88.516945,Palpara temple,,,,,,পালপাড়া মন্দির,ପାଲପଡ଼ା ମନ୍ଦିର,,,http://commons.wikimedia.org/wiki/Special:FilePath/Palpara%20Temple%20-%20South%20Facade%20-%20Nadia%202013-10-20%203676-3687%20Archive.tif?width=640,,,Char-chala,,,,Monument of National Importance,,Palpara Temple,,http://commons.wikimedia.org/wiki/Special:FilePath/Palpara%20Temple%20-%20South%20Facade%20-%20Nadia%202013-10-20%203676-3687%20Archive.tif?width=640,,,,N-WB-132
Q56248822,West Bengal,23.159758,88.247146,Twin temples,बैद्यपुर जोड़ा देउल,,,,,,,,,http://commons.wikimedia.org/wiki/Special:FilePath/Ancient%20twin%20temples%20WLM2016-5722.jpg?width=640,,,,,,,Monument of National Importance,,"Twin temples, Baidyapur",https://upload.wikimedia.org/wikipedia/commons/f/f4/Ancient_twin_temples_WLM2016-5722.jpg,https://upload.wikimedia.org/wikipedia/commons/f/f4/Ancient_twin_temples_WLM2016-5722.jpg,CC BY-SA 4.0,Sujay25,https://en.wikipedia.org/wiki/Baidyapur_Jora_Deul,N-WB-46
Q56375830,West Bengal,24.251980,88.243186,Bhavaniswar Mandir,,,,,,ভবানীশ্বর মন্দির,ଭବାନୀଶ୍ବର ମନ୍ଦିର,,,http://commons.wikimedia.org/wiki/Special:FilePath/Rani%20Bhawani%20Temple%20at%20Baronagar.jpg?width=640,,,,,,,Monument of National Importance,,Bhavaniswar Mandir,https://upload.wikimedia.org/wikipedia/commons/6/63/Rani_Bhawani_Temple_at_Baronagar.jpg,https://upload.wikimedia.org/wikipedia/commons/6/63/Rani_Bhawani_Temple_at_Baronagar.jpg,,,https://en.wikipedia.org/wiki/Bhavaniswar_Mandir,N-WB-110
Q56378952,West Bengal,24.251348,88.243683,Char Bangla Temples,,நான்கு வங்காளக் கோயில்கள்,,,,চার বাংলা মন্দিরসমষ্টি,ଚାର ବାଙ୍ଗଳା ମନ୍ଦିରସମୂହ,,,http://commons.wikimedia.org/wiki/Special:FilePath/Terracotta%20panels%20of%20Char%20Bangla%20group%20of%20temples%20of%20Azimganj%20in%20Murshidabad%20district%20of%20West%20Bengal.%2056.jpg?width=640,,,Do-chala,,,,Monument of National Importance,,Char Bangla Temples,https://upload.wikimedia.org/wikipedia/commons/c/cb/ASI_signage_at_Char_Bangla_Temple_Complex_at_Baronagar.jpg,https://upload.wikimedia.org/wikipedia/commons/c/cb/ASI_signage_at_Char_Bangla_Temple_Complex_at_Baronagar.jpg,CC BY 4.0,Amitabha Gupta,https://en.wikipedia.org/wiki/Char_Bangla_Temples,N-WB-111
Q56391257,Uttarakhand,29.632611,79.614778,"Surya Temple, Katarmal",,,,,,,,,,http://commons.wikimedia.org/wiki/Special:FilePath/Temple%20in%20India.jpg?width=640,,,,,,,Monument of National Importance,,"Sun Temple, Katarmal",,http://commons.wikimedia.org/wiki/Special:FilePath/Temple%20in%20India.jpg?width=640,,,,N-UT-9
Q56391789,Uttarakhand,29.629230,79.841560,Dandeshwar Group of Temples,,,,,,,,,,http://commons.wikimedia.org/wiki/Special:FilePath/Dandeshwar%20temple%20complex%20%286133882244%29.jpg?width=640,,,,,,,Monument of National Importance,,Dandeshwar Temple,,http://commons.wikimedia.org/wiki/Special:FilePath/Dandeshwar%20temple%20complex%20%286133882244%29.jpg?width=640,CC BY 2.0,"Varun Shiv Kapur from New Delhi, India",,N-UT-10
Q56392975,Uttarakhand,,,Chandi-ka-Temple,,,,,,,,,,http://commons.wikimedia.org/wiki/Special:FilePath/Chadika%20Temple.jpg?width=640,,,,,,,Monument of National Importance,,,,http://commons.wikimedia.org/wiki/Special:FilePath/Chadika%20Temple.jpg?width=640,CC BY-SA 4.0,Aniket Singh,,N-UT-11
Q56394170,Uttarakhand,,,Kuber Temple,,,,,,,,,,http://commons.wikimedia.org/wiki/Special:FilePath/Kuber%20temple%2C%20Jageshwar%20%286133847808%29.jpg?width=640,,,,,,,Monument of National Importance,,"Kuber Temple, Jageshwar",,http://commons.wikimedia.org/wiki/Special:FilePath/Kuber%20temple%2C%20Jageshwar%20%286133847808%29.jpg?width=640,CC BY 2.0,"Varun Shiv Kapur from New Delhi, India",,N-UT-13
Q56394802,Uttarakhand,30.633306,79.549556,Yoga Dhyan Badri and Vasudeva temples,,,,,,,,,,http://commons.wikimedia.org/wiki/Special:FilePath/Two%20Temples%20of%20Pandukeswar.tif?width=640,,,,,,,Monument of National Importance,,Two temples at Pandukeshwar,,http://commons.wikimedia.org/wiki/Special:FilePath/Two%20Temples%20of%20Pandukeswar.tif?width=640,,,,N-UT-26
Q56408236,West Bengal,23.515736,87.378808,Rarheswar Shiva temple,,,రుద్రేశ్వర్ టెంపుల్,,,রাঢ়েশ্বর শিবমন্দির,ରୁଦ୍ରେଶ୍ବର ମନ୍ଦିର,,,http://commons.wikimedia.org/wiki/Special:FilePath/Rarheswar%20Shiva%20temple%20of%20Bamunara%20in%20Durgapur%2002.jpg?width=640,,,,,,,Monument of National Importance,,Rarheswar Shiva temple,,http://commons.wikimedia.org/wiki/Special:FilePath/Rarheswar%20Shiva%20temple%20of%20Bamunara%20in%20Durgapur%2002.jpg?width=640,,,,N-WB-47
Q56417102,West Bengal,23.735640,86.813072,Begunia temple complex,,,బెగునియా టెంపుల్ కాంప్లెక్స్,,,বেগুনিয়া মন্দির সমষ্টি,ବେଗୁନିଆ ମନ୍ଦିର ସମୂହ,,,http://commons.wikimedia.org/wiki/Special:FilePath/Barakar%20Temple%20Complex.jpg?width=640,,,Deul,,,,Monument of National Importance,,Begunia temple complex,,http://commons.wikimedia.org/wiki/Special:FilePath/Barakar%20Temple%20Complex.jpg?width=640,CC BY-SA 4.0,DeepanjanGhosh,,N-WB-48
Q56425400,West Bengal,23.718399,86.941116,Bishnu temple,,,స్టోన్ టెంపుల్,,,,,,,http://commons.wikimedia.org/wiki/Special:FilePath/Stone%20built%20Bishnu%20temple%20at%20Garui%20in%20Paschim%20Bardhaman%20district%2C%20West%20Bengal%2005.jpg?width=640,,,,,,,Monument of National Importance,,"Bishnu temple, Garui",,http://commons.wikimedia.org/wiki/Special:FilePath/Stone%20built%20Bishnu%20temple%20at%20Garui%20in%20Paschim%20Bardhaman%20district%2C%20West%20Bengal%2005.jpg?width=640,,,,N-WB-50
Q56425457,West Bengal,23.151308,88.043894,Sat Deul,,,సాట్ డ్యుల్,,,সাত দেউল,ସାତ ଦେଉଲ,,,http://commons.wikimedia.org/wiki/Special:FilePath/Sat%20Deul%206.jpg?width=640,,,Deul,,,,Monument of National Importance,,"Sat Deul, Deulia",https://upload.wikimedia.org/wikipedia/commons/d/de/Sat_Deul_6.jpg,https://upload.wikimedia.org/wikipedia/commons/d/de/Sat_Deul_6.jpg,,,https://en.wikipedia.org/wiki/Sat_Deul,N-WB-53
Q56454500,Puducherry,11.918989,79.657054,Panchanadisvara Temple,,,పంచనదీశ్వర టెంపుల్,ಪಂಚನಾದೀಶ್ವರ ದೇವಸ್ಥಾನ,,,,,,http://commons.wikimedia.org/wiki/Special:FilePath/Panchanathisvarar%20temple%2C%20T.V.Koil%2C%20Puducherry%2C%20India%20%281%29.JPG?width=640,,,,,,,Monument of National Importance,,"Panchanadisvara Temple, Thiruvandarkoil, Puducherry",,http://commons.wikimedia.org/wiki/Special:FilePath/Panchanathisvarar%20temple%2C%20T.V.Koil%2C%20Puducherry%2C%20India%20%281%29.JPG?width=640,,,,N-PY-7
Q56458913,Goa,15.206584,74.175988,Kurdi Mahadev Temple,,,కుర్ది మహాదేవ్ టెంపుల్,,,,,,,http://commons.wikimedia.org/wiki/Special:FilePath/Salaulim%2C%20Mahadev%20Temple.jpg?width=640,,,,,,,Monument of National Importance,,"Mahadev Temple, Kurdi",,http://commons.wikimedia.org/wiki/Special:FilePath/Salaulim%2C%20Mahadev%20Temple.jpg?width=640,,,,N-GA-20
Q5648088,West Bengal,22.964321,88.399811,Hangseshwari Temple,हंगसेश्वरी मंदिर,,హంసేశ్వరి దేవాలయం,,ഹാങ്ങ്സീശ്വരി ക്ഷേത്രം,"হংসেশ্বরী কালীমন্দির, বাঁশবেড়িয়া",ହଂସେଶ୍ଵରୀ ମନ୍ଦିର,,,http://commons.wikimedia.org/wiki/Special:FilePath/Haneswari%20and%20Vasudev%20temples3.jpg?width=640,,,,,,1814-01-01T00:00:00Z,Monument of National Importance,,Hangseshwari Temple,https://upload.wikimedia.org/wikipedia/commons/0/07/Hanseswari_Mandir.jpg,https://upload.wikimedia.org/wikipedia/commons/0/07/Hanseswari_Mandir.jpg,CC BY-SA 4.0,Dani Jodipa,https://en.wikipedia.org/wiki/Hangseshwari_Temple,N-WB-63
Q5657414,Karnataka,14.511667,75.801944,Harihareshwara Temple,,ஹரிஹரன் கோயில்,హరిహరేశ్వర ఆలయం,ಹರಿಹರೇಶ್ವರ ದೇವಸ್ಥಾನ,,,,,,http://commons.wikimedia.org/wiki/Special:FilePath/Harihareshwara%20temple%20at%20Harihar.JPG?width=640,,,,,,,Monument of National Importance,,Harihareshwara Temple,https://upload.wikimedia.org/wikipedia/commons/0/04/Harihareshwara_temple_at_Harihar.JPG,https://upload.wikimedia.org/wikipedia/commons/0/04/Harihareshwara_temple_at_Harihar.JPG,CC BY-SA 4.0,Dineshkannambadi,https://en.wikipedia.org/wiki/Harihareshwara_Temple,N-KA-B101
Q5673931,Rajasthan,27.499564,75.172183,Harshnath Temple,हर्षनाथ मंदिर,ஹர்ஷநாத் கோயில்,,,,,,,હર્ષનાથ મંદિર,http://commons.wikimedia.org/wiki/Special:FilePath/Harshnathtemple.jpg?width=640,Shiva,,,,,,Monument of National Importance,,Harshnath Temple,https://upload.wikimedia.org/wikipedia/commons/0/0d/Harshnathtemple.jpg,https://upload.wikimedia.org/wikipedia/commons/0/0d/Harshnathtemple.jpg,CC BY-SA 4.0,Mahaveershekhawat77,https://en.wikipedia.org/wiki/Harshnath_Temple,N-RJ-101
Q56761683,West Bengal,22.727689,87.510003,Jorbangla temple,,,జోర్బంగ్ల టెంపుల్,,,জোড় বাংলা মন্দির,,,,http://commons.wikimedia.org/wiki/Special:FilePath/Jorbangla%20temple%20at%20Chandrakona%20located%20at%20Ghatal%20subdivision%20of%20Paschim%20Medinipur%20district%20of%20West%20Bengal.jpg?width=640,,,Jor-bangla,,,,State Protected Monument,,"Jorbangla temple, Chandrakona",https://upload.wikimedia.org/wikipedia/commons/7/7a/Jorbangla_temple_at_Chandrakona_located_at_Ghatal_subdivision_of_Paschim_Medinipur_district_of_West_Bengal.jpg,https://upload.wikimedia.org/wikipedia/commons/7/7a/Jorbangla_temple_at_Chandrakona_located_at_Ghatal_subdivision_of_Paschim_Medinipur_district_of_West_Bengal.jpg,CC BY 4.0,Amitabha Gupta,https://en.wikipedia.org/wiki/Chandrakona_Jorbangla_Temple,S-WB-77
Q56761748,West Bengal,22.865000,87.799722,Raghunandan temple,,,,,,রঘুনন্দন মন্দির,,,,http://commons.wikimedia.org/wiki/Special:FilePath/Raghunandan%20temple%20of%20Parul%2C%20Arambagh%20PS%2C%20Dist-%20Hooghly%20%2856%29.jpg?width=640,,,At-chala,,,,State Protected Monument,,"Raghunanadan Temple, Parul",,http://commons.wikimedia.org/wiki/Special:FilePath/Raghunandan%20temple%20of%20Parul%2C%20Arambagh%20PS%2C%20Dist-%20Hooghly%20%2856%29.jpg?width=640,,,,S-WB-57
Q56798589,West Bengal,23.215822,87.126535,Surya temple,,,సూర్య టెంపుల్,,,সূর্য মন্দির,,,,http://commons.wikimedia.org/wiki/Special:FilePath/SUN%20TEMPLE%20%28Around%2011th%20Century%20AD%29.jpg?width=640,,,Deul,,,,State Protected Monument,,"Surya temple, Sonatapal",,http://commons.wikimedia.org/wiki/Special:FilePath/SUN%20TEMPLE%20%28Around%2011th%20Century%20AD%29.jpg?width=640,,,,S-WB-2
Q56799554,West Bengal,23.775556,87.398333,Dewanji temple,,,,,,দেওয়ানজী মন্দির,,,,http://commons.wikimedia.org/wiki/Special:FilePath/Temple%20of%20Dewanji%20Hetampur.JPG?width=640,,,,,,,State Protected Monument,,"Dewanji Temple, Hetampur",,http://commons.wikimedia.org/wiki/Special:FilePath/Temple%20of%20Dewanji%20Hetampur.JPG?width=640,,,,S-WB-22
Q56945305,Himachal Pradesh,32.442332,76.537508,Ganesh Temple,,,"గణేష్ టెంపుల్,భర్మౌర్",,,,,,,http://commons.wikimedia.org/wiki/Special:FilePath/Lord-ganesh-temple-bharmour-84-temples.jpg?width=640,,,,,,,Monument of National Importance,,,,http://commons.wikimedia.org/wiki/Special:FilePath/Lord-ganesh-temple-bharmour-84-temples.jpg?width=640,CC BY-SA 4.0,Bharmourview,,N-HP-1
Q56946788,Himachal Pradesh,32.442619,76.537679,"Mani Mahesh Temple, Brahmaur",,,మణి మహేష్ టెంపుల్,,,,,,,http://commons.wikimedia.org/wiki/Special:FilePath/Manimahesh%20Temple%20%286133539566%29.jpg?width=640,,,,,,,Monument of National Importance,,"Manimahesh Temple, Bharmour",,http://commons.wikimedia.org/wiki/Special:FilePath/Manimahesh%20Temple%20%286133539566%29.jpg?width=640,CC BY 2.0,"Varun Shiv Kapur from New Delhi, India",,N-HP-3
Q56947115,Himachal Pradesh,32.443165,76.537781,"Nar Singh Temple, Bharmaur",,,నర్ సింగ్ టెంపుల్,,,,,,,http://commons.wikimedia.org/wiki/Special:FilePath/Narasimha%20Temple%20at%20Bharmour%20-%20Wider%20View.jpg?width=640,,,,,,,Monument of National Importance,,"Narasimha Temple, Bharmour",,http://commons.wikimedia.org/wiki/Special:FilePath/Narasimha%20Temple%20at%20Bharmour%20-%20Wider%20View.jpg?width=640,,,,N-HP-4
Q56947408,Himachal Pradesh,32.561350,76.130811,Shri Bajreshwari Temple,,,శ్రీ బజ్రేశ్వరి టెంపుల్,,,,,,,http://commons.wikimedia.org/wiki/Special:FilePath/Brajeshwari%20Devi%20temple%20%286133397196%29.jpg?width=640,,,,,,,Monument of National Importance,,"Brajeshwari Temple, Chamba",,http://commons.wikimedia.org/wiki/Special:FilePath/Brajeshwari%20Devi%20temple%20%286133397196%29.jpg?width=640,CC BY 2.0,"Varun Shiv Kapur from New Delhi, India",,N-HP-7
Q56947576,Himachal Pradesh,32.558102,76.125918,"Shri Bansi Gopal Temple, Chamba",,,శ్రీ బన్సి గోపాల్ టెంపుల్,,,,,,,http://commons.wikimedia.org/wiki/Special:FilePath/0051723%20Bansi%20Gopala%20temple%2C%20Chamba%2C%20Himachal%20Pradesh%20040.jpg?width=640,,,,,,,Monument of National Importance,,"Bansigopala Temple, Chamba",,http://commons.wikimedia.org/wiki/Special:FilePath/0051723%20Bansi%20Gopala%20temple%2C%20Chamba%2C%20Himachal%20Pradesh%20040.jpg?width=640,CC0,Ms Sarah Welch,,N-HP-8
Q56947753,Himachal Pradesh,32.552847,76.129575,"Chamunda Devi Temple, Chamba",,,శ్రీ చాముండ దేవి టెంపుల్,,,,,,,http://commons.wikimedia.org/wiki/Special:FilePath/0051723%20Chamunda%20Devi%20temple%2C%20Chamba%2C%20Himachal%20Pradesh%20007.jpg?width=640,,,,,,,Monument of National Importance; State Protected Monument,,"Chamunda Devi Temple, Chamba",,http://commons.wikimedia.org/wiki/Special:FilePath/0051723%20Chamunda%20Devi%20temple%2C%20Chamba%2C%20Himachal%20Pradesh%20007.jpg?width=640,CC0,Ms Sarah Welch,,N-HP-9; S-HP-1
Q56948132,Himachal Pradesh,32.555833,76.123195,"Hari Rai Temple, Chamba",,,శ్రీ హరి రాయ్ టెంపుల్,,,,,,,http://commons.wikimedia.org/wiki/Special:FilePath/0051523%20Hari%20Rai%20temple%2C%20Chamba%2C%20Himachal%20Pradesh%20032.jpg?width=640,,,,,,,Monument of National Importance,,"Harirai Temple, Chamba",,http://commons.wikimedia.org/wiki/Special:FilePath/0051523%20Hari%20Rai%20temple%2C%20Chamba%2C%20Himachal%20Pradesh%20032.jpg?width=640,CC0,Ms Sarah Welch,,N-HP-10
Q56948387,Himachal Pradesh,32.557778,76.124445,"Lakshmi Narayan Group of Temples, Chamba",,,శ్రీ లక్ష్మి నారాయణ్ గ్రూప్ ఆఫ్ టెంపుల్స్,,,,,,,http://commons.wikimedia.org/wiki/Special:FilePath/Exterior%20of%20Laxmi%20Narayan%20Temple%201.JPG?width=640,,,,,,,Monument of National Importance,,Shri Lakshmi Narayan Group of Temples,,http://commons.wikimedia.org/wiki/Special:FilePath/Exterior%20of%20Laxmi%20Narayan%20Temple%201.JPG?width=640,CC BY-SA 3.0,Viraat Kothare,,N-HP-11
Q56948690,Himachal Pradesh,32.555833,76.126111,"Sita Ram Temple, Chamba",,,శ్రీ సీత రామ్ టెంపుల్,,,,,,,http://commons.wikimedia.org/wiki/Special:FilePath/0051523%20Sita%20Ram%20temple%2C%20Chamba%2C%20Himachal%20Pradesh%20028.jpg?width=640,,,,,,,Monument of National Importance,,"Sitaram Temple, Chamba",,http://commons.wikimedia.org/wiki/Special:FilePath/0051523%20Sita%20Ram%20temple%2C%20Chamba%2C%20Himachal%20Pradesh%20028.jpg?width=640,CC0,Ms Sarah Welch,,N-HP-12
Q56948999,Himachal Pradesh,32.447108,76.375331,"Shakti Devi Temple, Chatrari",,,శ్రీ శక్తి దేవి టెంపుల్,,,,,,,http://commons.wikimedia.org/wiki/Special:FilePath/0051623%20Shakti%20Devi%20temple%2C%20Chhatrari%2C%20Himachal%20Pradesh%20010.jpg?width=640,,,,,,,Monument of National Importance,,"Shri Shakti Devi temple, Chamba",,http://commons.wikimedia.org/wiki/Special:FilePath/0051623%20Shakti%20Devi%20temple%2C%20Chhatrari%2C%20Himachal%20Pradesh%20010.jpg?width=640,CC0,Ms Sarah Welch,,N-HP-13
Q56949435,Himachal Pradesh,32.556111,76.125000,"Champavati Temple, Chamba",,,చంపవతి టెంపుల్,,,,,,,http://commons.wikimedia.org/wiki/Special:FilePath/0051523%20Champavati%20temple%2C%20Chamba%2C%20Himachal%20Pradesh%20009.jpg?width=640,,,,,,,Monument of National Importance,,"Champavati Temple, Chamba",,http://commons.wikimedia.org/wiki/Special:FilePath/0051523%20Champavati%20temple%2C%20Chamba%2C%20Himachal%20Pradesh%20009.jpg?width=640,CC0,Ms Sarah Welch,,N-HP-5
Q56980167,Himachal Pradesh,31.837154,76.504598,"Narbadeshwar Temple, Sujanpur Tira",,,నర్బదేశ్వర్ టెంపుల్,,,,,,,http://commons.wikimedia.org/wiki/Special:FilePath/Narbadeshwar%20Temple%27.JPG?width=640,,,,,,,Monument of National Importance,,Narbadeshwar temple,,http://commons.wikimedia.org/wiki/Special:FilePath/Narbadeshwar%20Temple%27.JPG?width=640,,,,N-HP-14
Q56980697,Himachal Pradesh,31.972500,76.576667,"Ashapuri Mata Temple, Himachal Pradesh",,,ఆషా పూరి టెంపుల్,,,,,,,http://commons.wikimedia.org/wiki/Special:FilePath/Aerial%20views%20of%20the%20Ashapuri%20Mata%20temple%2C%20Ashapur%20Himachal%20Pradesh%2015.jpg?width=640,,,,,,,Monument of National Importance,,"Ashapuri Mata Temple, Himachal Pradesh",,http://commons.wikimedia.org/wiki/Special:FilePath/Aerial%20views%20of%20the%20Ashapuri%20Mata%20temple%2C%20Ashapur%20Himachal%20Pradesh%2015.jpg?width=640,CC0,Ms Sarah Welch,,N-HP-16
Q56982205,Himachal Pradesh,32.050350,76.643390,"Sidhnath Temple, Baijnath",,,సిధ్నాథ్ టెంపుల్,,,,,,,http://commons.wikimedia.org/wiki/Special:FilePath/0051423%20Siddhanath%20temple%2C%20Baijnath%20Himachal%20Pradesh%20009.jpg?width=640,,,,,,,Monument of National Importance,,"Siddhanatha Temple, Baijnath Himachal Pradesh",,http://commons.wikimedia.org/wiki/Special:FilePath/0051423%20Siddhanath%20temple%2C%20Baijnath%20Himachal%20Pradesh%20009.jpg?width=640,CC0,Ms Sarah Welch,,N-HP-18
Q56985343,Himachal Pradesh,31.847222,77.164445,"Basheshar Mahadev Temple, Bajaura",बशेशर महादेव टेम्पल,,బషేషర్ మహాదేవ్ టెంపుల్,,,,,,,http://commons.wikimedia.org/wiki/Special:FilePath/Panoramic%20view%20of%20the%20temple%20at%20Bajaura.jpg?width=640,,,,,,,Monument of National Importance,,"Bishweshwar Mahadev Temple, Bajaura",,http://commons.wikimedia.org/wiki/Special:FilePath/Panoramic%20view%20of%20the%20temple%20at%20Bajaura.jpg?width=640,,,,N-HP-27
Q56985532,Himachal Pradesh,32.141375,77.178817,"Gauri Shankar Temple, Dasal","गौरी शंकर टेम्पल,दसल",,"గౌరి శంకర్ టెంపుల్,దశల్",,,,,,,http://commons.wikimedia.org/wiki/Special:FilePath/Gauri%20Shankar%20temple%2C%20Dashal%20Himachal%20Pradesh%20024.jpg?width=640,,,,,,,Monument of National Importance,,"Gauri Shankar Temple, Dasal",,http://commons.wikimedia.org/wiki/Special:FilePath/Gauri%20Shankar%20temple%2C%20Dashal%20Himachal%20Pradesh%20024.jpg?width=640,CC0,Ms Sarah Welch,,N-HP-28
Q56985696,Himachal Pradesh,32.198333,77.202667,"Miniature Siva Temple, Jagatsukh","मिनिएचर स्टोन सिवा टेम्पल,जगत्सुख",,"మినియేచర్ స్టోన్ శివ టెంపుల్,జగత్సుఖ్",,,,,,,http://commons.wikimedia.org/wiki/Special:FilePath/Miniature%20Shiv%20Temple.jpg?width=640,,,,,,,Monument of National Importance,,Miniature Shiva temple,,http://commons.wikimedia.org/wiki/Special:FilePath/Miniature%20Shiv%20Temple.jpg?width=640,CC BY-SA 3.0,Pdhang,,N-HP-29
Q56985970,Himachal Pradesh,32.113055,77.164167,"Gauri Shankar Temple, Nagar","गौरी शंकर टेम्पल,नग्गर",,"గౌరి శంకర్ టెంపుల్,నగ్గర్",,,,,,,http://commons.wikimedia.org/wiki/Special:FilePath/Gauri%20Shankar%20Temple%20Naggar.jpg?width=640,,,,,,,Monument of National Importance,,"Gauri Shankar Temple, Naggar",,http://commons.wikimedia.org/wiki/Special:FilePath/Gauri%20Shankar%20Temple%20Naggar.jpg?width=640,CC BY-SA 4.0,Amohan41,,N-HP-31
Q56987868,Himachal Pradesh,32.727304,76.661402,"Mirkula Devi Temple, Udaipur",मिर्कुला देवी टेम्पल,,మిర్కుల దేవి టెంపుల్,,,,,,,http://commons.wikimedia.org/wiki/Special:FilePath/Mirkula%20Devi%20Temple.%20HP.jpg?width=640,,,,,,,Monument of National Importance,,,,http://commons.wikimedia.org/wiki/Special:FilePath/Mirkula%20Devi%20Temple.%20HP.jpg?width=640,CC BY-SA 4.0,Ajit Kumar Majhi,,N-HP-34
Q56988610,Himachal Pradesh,31.711311,76.935628,"Panchvaktra Temple, Mandi",पंचवक्त्र टेम्पल,,పంచవక్త్ర టెంపుల్,,,,,,,http://commons.wikimedia.org/wiki/Special:FilePath/Panchvaktra%20Temple%2C%20Mandi%20%28SIDE%20VIEW%29.jpg?width=640,,,,,,,Monument of National Importance,,"Panchvaktra Temple, Mandi",,http://commons.wikimedia.org/wiki/Special:FilePath/Panchvaktra%20Temple%2C%20Mandi%20%28SIDE%20VIEW%29.jpg?width=640,,,,N-HP-37
Q56988916,Himachal Pradesh,31.712728,76.935930,"Triloknath Temple, Mandi",त्रिलोकनाथ टेम्पल,,త్రిలోకనాథ్ టెంపుల్,,,,,,,http://commons.wikimedia.org/wiki/Special:FilePath/Triloknath%20Temple%20Mandi.JPG?width=640,,,,,,,Monument of National Importance,,Triloknath Temple,,http://commons.wikimedia.org/wiki/Special:FilePath/Triloknath%20Temple%20Mandi.JPG?width=640,,,,N-HP-38
Q56989059,Himachal Pradesh,31.712750,76.929967,Ardhnareshwar Temple,अर्धनारेश्वर टेम्पल,,అర్ధ్నారేశ్వర్ టెంపుల్,,,,,,,http://commons.wikimedia.org/wiki/Special:FilePath/AEDHNARISHWAR%20TEMPLE%2C%20MANDI%20%28FRONT%20VIEW%29.jpg?width=640,,,,,,,Monument of National Importance,,"Ardhnarishwar Temple, Mandi",,http://commons.wikimedia.org/wiki/Special:FilePath/AEDHNARISHWAR%20TEMPLE%2C%20MANDI%20%28FRONT%20VIEW%29.jpg?width=640,CC BY-SA 4.0,Aranya Kar,,N-HP-35
Q56989242,Himachal Pradesh,30.752111,77.258583,Mangarh Shiva Temple,,,,,,,,,,http://commons.wikimedia.org/wiki/Special:FilePath/Mangarh%20Shiva%20temple%2C%20Himachal%20Pradesh.jpg?width=640,,,,,,,Monument of National Importance,,Mangarh Shiva Temple,,http://commons.wikimedia.org/wiki/Special:FilePath/Mangarh%20Shiva%20temple%2C%20Himachal%20Pradesh.jpg?width=640,CC0,Ms Sarah Welch,,N-HP-40
Q58697557,West Bengal,24.255000,88.242111,Gangeshwar Temple,गंगेश्वर टेम्पल,,గంగేశ్వర్ టెంపుల్,,,গঙ্গেশ্বর মন্দির,,,,http://commons.wikimedia.org/wiki/Special:FilePath/Gangeswar%20Temple%20at%20Baronagar%20in%20Murshidabad%20District%2001.jpg?width=640,,,Jor-bangla,,,,State Protected Monument,,"Gangeshwar Temple, Baronagar",,http://commons.wikimedia.org/wiki/Special:FilePath/Gangeswar%20Temple%20at%20Baronagar%20in%20Murshidabad%20District%2001.jpg?width=640,CC BY 4.0,Amitabha Gupta,,S-WB-90
Q58699950,West Bengal,22.608267,87.923131,Dadhimadhab temple,दधिमाधब टेम्पल,,దధిమాధబ్ టెంపుల్,,,দধিমাধব মন্দির,,,,http://commons.wikimedia.org/wiki/Special:FilePath/Dadhimadhab%20Mandir%20-%20Amragori%20-%20Howrah%202013-09-22%202849-2901.TIF?width=640,,,At-chala,,,1764-01-01T00:00:00Z,State Protected Monument,,"Dadhimadhab Temple, Amragori",,http://commons.wikimedia.org/wiki/Special:FilePath/Dadhimadhab%20Mandir%20-%20Amragori%20-%20Howrah%202013-09-22%202849-2901.TIF?width=640,CC BY 3.0,Biswarup Ganguly,,S-WB-66
Q58700194,West Bengal,23.160833,88.248611,Pancharatna brick temple,,,,,,পঞ্চরত্ন ইষ্টক মন্দির,,,,http://commons.wikimedia.org/wiki/Special:FilePath/Panchratna%20Brick%20Temple%20at%20Baidyapur%2001.jpg?width=640,,,Pancharatna,,,,State Protected Monument,,"Pancharatna temple, Baidyapur",,http://commons.wikimedia.org/wiki/Special:FilePath/Panchratna%20Brick%20Temple%20at%20Baidyapur%2001.jpg?width=640,,,,S-WB-36
Q58701490,West Bengal,,,Begunkodar Rashmandir,,,,,,বেগুনকোদর রাসমন্দির,,,,http://commons.wikimedia.org/wiki/Special:FilePath/Begunkodar%20Rasmancha.jpg?width=640,,,,,,,State Protected Monument,,Rashmandir at Begunkodar,,http://commons.wikimedia.org/wiki/Special:FilePath/Begunkodar%20Rasmancha.jpg?width=640,CC BY-SA 4.0,Rangan Datta Wiki,,S-WB-104
Q58783429,West Bengal,22.942731,87.488139,Shyamchand Temple,,,,,,শ্যামচাঁদ মন্দির,,,,http://commons.wikimedia.org/wiki/Special:FilePath/Shyamchand%20temple%20at%20Boital%20in%20Bankura%20district%2006.jpg?width=640,,,Pancharatna,,Raghunath Singha Dev,1660-01-01T00:00:00Z,State Protected Monument,,"Shyamchand Temple, Baital, Bankura",,http://commons.wikimedia.org/wiki/Special:FilePath/Shyamchand%20temple%20at%20Boital%20in%20Bankura%20district%2006.jpg?width=640,,,,S-WB-8
Q58784546,West Bengal,22.952500,87.161389,Parshwanath temple,,,,,,পার্শ্বনাথ মন্দির,,,,http://commons.wikimedia.org/wiki/Special:FilePath/Deulbhira%20Taldangra%20block%20%2816%29.jpg?width=640,,,Deul,,,,State Protected Monument,,"Parshvanatha temple, Deulbhira, Taldangra",,http://commons.wikimedia.org/wiki/Special:FilePath/Deulbhira%20Taldangra%20block%20%2816%29.jpg?width=640,CC BY-SA 3.0,SuvadipSanyal,,S-WB-5
Q58785869,West Bengal,23.006944,87.482500,Hakanda temple,,,,,,হাকন্দ মন্দির,,,,http://commons.wikimedia.org/wiki/Special:FilePath/Hakanda%20temple%20of%20Moynapur%20in%20Bankura%20district%2013.jpg?width=640,,,,,,,State Protected Monument,,"Hakanda temple, Moynapur",,http://commons.wikimedia.org/wiki/Special:FilePath/Hakanda%20temple%20of%20Moynapur%20in%20Bankura%20district%2013.jpg?width=640,CC BY-SA 4.0,SuvadipSanyal,,S-WB-14
Q58841118,West Bengal,23.206944,87.176111,Shyamchand Temple,,,,,,শ্যামচাঁদ মন্দির,,,,http://commons.wikimedia.org/wiki/Special:FilePath/Shyamchand%20Temple%20at%20Elyati%20in%20Bankura%20district.jpg?width=640,,,,,,,State Protected Monument,,Deul of Elati,,http://commons.wikimedia.org/wiki/Special:FilePath/Shyamchand%20Temple%20at%20Elyati%20in%20Bankura%20district.jpg?width=640,,,,S-WB-11
Q59308071,Rajasthan,24.062657,75.892567,Binnayaga caves,,பின்னயகா பௌத்தக் குடைவரை,,,,বিন্নায়গ গুহাসমূহ,,,,http://commons.wikimedia.org/wiki/Special:FilePath/Binnayaga%20caves%20and%20pillars%20dug%20%2Cjhalawar.jpg?width=640,,,,,,,Monument of National Importance,,Binnayaga caves,https://upload.wikimedia.org/wikipedia/commons/c/c8/Binnayaga_caves_and_pillars_dug_%2Cjhalawar.jpg,https://upload.wikimedia.org/wikipedia/commons/c/c8/Binnayaga_caves_and_pillars_dug_%2Cjhalawar.jpg,CC BY-SA 4.0,Siddharth tiwari,https://en.wikipedia.org/wiki/Binnayaga_Buddhist_Caves,N-RJ-65
Q59657845,Jammu and Kashmir,33.771944,75.213056,Bumzuva Cave and Temple,,,,,,,,,,http://commons.wikimedia.org/wiki/Special:FilePath/Bumzuva%20Cave.JPG?width=640,,,,,,,Monument of National Importance,,Bumzuva Cave and Temple,https://upload.wikimedia.org/wikipedia/commons/c/c8/Bumzuva_Cave.JPG,https://upload.wikimedia.org/wikipedia/commons/c/c8/Bumzuva_Cave.JPG,CC BY-SA 3.0,Shaurya,https://en.wikipedia.org/wiki/Bumzuva_Cave_and_Temple,N-JK-1
Q59657848,Jammu and Kashmir,34.144333,74.189250,"Vishnu temple, Buniyar",,,,,,,,,,http://commons.wikimedia.org/wiki/Special:FilePath/NawshehraTemple1870s.jpg?width=640,,,,,,,Monument of National Importance,,"Vishnu temple, Buniyar",,http://commons.wikimedia.org/wiki/Special:FilePath/NawshehraTemple1870s.jpg?width=640,,,,N-JK-7
Q59657855,Jammu and Kashmir,34.153000,74.562462,Sugandhesa Temple,,,,,,,,,,http://commons.wikimedia.org/wiki/Special:FilePath/Sugandhesa%20Temple%2Cpattan.JPG?width=640,,,,,,,Monument of National Importance,,"Sugandhesa Temple, Pattan",,http://commons.wikimedia.org/wiki/Special:FilePath/Sugandhesa%20Temple%2Cpattan.JPG?width=640,,,,N-JK-11
Q59657886,Jammu and Kashmir,33.927952,75.004509,Avantisvara Temple Complex,,,,,,,,,,http://commons.wikimedia.org/wiki/Special:FilePath/Avantishwara%20temple%20%286134239190%29.jpg?width=640,,,,,,,Monument of National Importance,,Avantisvara Temple Complex,,http://commons.wikimedia.org/wiki/Special:FilePath/Avantishwara%20temple%20%286134239190%29.jpg?width=640,CC BY 2.0,"Varun Shiv Kapur from New Delhi, India",,N-JK-25
Q59657898,Jammu and Kashmir,33.992291,74.993590,Ancient Temple at Ladhoo,"प्राचीन मन्दिर, लधू",,,,,,,,,http://commons.wikimedia.org/wiki/Special:FilePath/Sanz%20Haer%20Nag%2C%20Ladhoo.jpg?width=640,,,,Lalitaditya Muktapida,,,Water Heritage Site; Monument of National Importance,,"Ancient Shiva Temple, Laduv",https://upload.wikimedia.org/wikipedia/commons/c/cc/The_Ancient_Temple%2CLadhoo.png,https://upload.wikimedia.org/wikipedia/commons/c/cc/The_Ancient_Temple%2CLadhoo.png,,,"https://en.wikipedia.org/wiki/Ancient_Temple,_Ladhoo",N-JK-29
Q59657903,Jammu and Kashmir,33.860823,74.940215,"Ancient Siva Temple, Payar",,,,,,,,,,http://commons.wikimedia.org/wiki/Special:FilePath/Lakulish%20at%20Payar%20Temple.JPG?width=640,,,,,,,Monument of National Importance,,"Ancient Shiva Temple, Payar",,http://commons.wikimedia.org/wiki/Special:FilePath/Lakulish%20at%20Payar%20Temple.JPG?width=640,CC BY-SA 3.0,Dave vikram,,N-JK-32
Q59657916,Jammu and Kashmir,34.108677,74.816300,Ancient Temple at Hari Parvat,,,,,,,,,,http://commons.wikimedia.org/wiki/Special:FilePath/Sharika%20Peeth%20Chakreswar%20Temple%2003.jpg?width=640,,,,,,,Monument of National Importance,,Sharika Devi Temple,,http://commons.wikimedia.org/wiki/Special:FilePath/Sharika%20Peeth%20Chakreswar%20Temple%2003.jpg?width=640,,,,N-JK-37
Q59657930,Jammu and Kashmir,34.056445,74.860917,"Pandrethan Temple, Srinagar district",,,,,,,,,,http://commons.wikimedia.org/wiki/Special:FilePath/Pandrethan%20Shiva%20Temple%2C%20Srinagar%2C%20Jammu%20and%20Kashmir%2C%20India%20%281981%29.jpg?width=640,,,,,,,Monument of National Importance,,Hindu temple at Pandrethan,,http://commons.wikimedia.org/wiki/Special:FilePath/Pandrethan%20Shiva%20Temple%2C%20Srinagar%2C%20Jammu%20and%20Kashmir%2C%20India%20%281981%29.jpg?width=640,,,,N-JK-44
Q59657934,Jammu and Kashmir,32.756412,75.150053,Devi Bhagwati Temple Babour Thalora,,,,,,,,,,http://commons.wikimedia.org/wiki/Special:FilePath/Devi%20Bhagwati%20Temple%2C%20Thalora%20Manwal%2C%20J%26K%20009.jpg?width=640,,,,,,,Monument of National Importance,,"Devi Bhagwati temple, Babour Thalora",,http://commons.wikimedia.org/wiki/Special:FilePath/Devi%20Bhagwati%20Temple%2C%20Thalora%20Manwal%2C%20J%26K%20009.jpg?width=640,CC0,Ms Sarah Welch,,N-JK-56
Q59657936,Jammu and Kashmir,32.753066,75.150054,Ancient Temple Dera Babour,,,,,,,,,,http://commons.wikimedia.org/wiki/Special:FilePath/Dera%20Babour%20Temple%2C%20Thalora%20Manwal%2C%20J%26K%20018.jpg?width=640,,,,,,,Monument of National Importance,,"Dera Babour Temples, Thalora",,http://commons.wikimedia.org/wiki/Special:FilePath/Dera%20Babour%20Temple%2C%20Thalora%20Manwal%2C%20J%26K%20018.jpg?width=640,CC0,Ms Sarah Welch,,N-JK-55
Q59657938,Jammu and Kashmir,32.753653,75.146040,"Ancient Temples Kala Dera I  and II, Thalora",,,,,,,,,,http://commons.wikimedia.org/wiki/Special:FilePath/Kala%20Dera%20Temple%2C%20Thalora%20Manwal%2C%20J%26K%20017.jpg?width=640,,,,,,,Monument of National Importance,,"Kala Dera Group of Temples, Thalora",,http://commons.wikimedia.org/wiki/Special:FilePath/Kala%20Dera%20Temple%2C%20Thalora%20Manwal%2C%20J%26K%20017.jpg?width=640,CC0,Ms Sarah Welch,,N-JK-50
Q59657939,Jammu and Kashmir,32.751397,75.141871,Ancient Temple Nand Babour,,,,,,,,,,http://commons.wikimedia.org/wiki/Special:FilePath/Nand%20Babour%20Temple%2C%20Thalora%20Manwal%2C%20J%26K%20011.jpg?width=640,,,,,,,Monument of National Importance,,"Nand Babour temple, Thalora",,http://commons.wikimedia.org/wiki/Special:FilePath/Nand%20Babour%20Temple%2C%20Thalora%20Manwal%2C%20J%26K%20011.jpg?width=640,CC0,Ms Sarah Welch,,N-JK-51
Q59657942,Jammu and Kashmir,32.965111,75.119556,Group of Temples at Kiramchi,क्रिमची मन्दिर,,,,,,,,,http://commons.wikimedia.org/wiki/Special:FilePath/KrimachiTemplesMain.jpg?width=640,,,,,,,Monument of National Importance,,"Group of temples, Kiramchi, Udhampur",https://upload.wikimedia.org/wikipedia/commons/5/58/KrimachiTemplesMain.jpg,https://upload.wikimedia.org/wikipedia/commons/5/58/KrimachiTemplesMain.jpg,CC BY-SA 4.0,Akhil2,https://en.wikipedia.org/wiki/Krimchi_temples,N-JK-49
Q60147993,Rajasthan,26.724556,72.891778,Mahavira Jain temple,,"மகாவீரர் சமணக் கோயில், ஓசியான்",,,,,,,,http://commons.wikimedia.org/wiki/Special:FilePath/KITLV%2088217%20-%20Unknown%20-%20Jaina%20temple%20Osia%20in%20British%20India%20-%201897.tif?width=640,,,,,,,State Protected Monument,,"Mahavira Jain temple, Osian",https://upload.wikimedia.org/wikipedia/commons/5/53/KITLV_88217_-_Unknown_-_Jaina_temple_Osia_in_British_India_-_1897.tif,https://upload.wikimedia.org/wikipedia/commons/5/53/KITLV_88217_-_Unknown_-_Jaina_temple_Osia_in_British_India_-_1897.tif,Public domain,Unknown authorUnknown author,"https://en.wikipedia.org/wiki/Mahavira_Jain_temple,_Osian",S-RJ-164
Q60155046,Rajasthan,27.246222,76.348889,Naugaza Digambar Jain temple,,நௌகசா திகம்பர சமணக் கோயில்,,,,,,,,http://commons.wikimedia.org/wiki/Special:FilePath/1200%20years%20old%20civilisation.jpg?width=640,,,,,,,State Protected Monument,,"Jain temple, Naugaza",https://upload.wikimedia.org/wikipedia/commons/d/dc/1200_years_old_civilisation.jpg,https://upload.wikimedia.org/wikipedia/commons/d/dc/1200_years_old_civilisation.jpg,CC BY-SA 4.0,Canoneos7d,https://en.wikipedia.org/wiki/Naugaza_Digambar_Jain_temple,S-RJ-13
Q60398736,Odisha,19.975735,86.037116,Gangeswari Temple,,,,,,গঙ্গেশ্বরী মন্দির,ଗଙ୍ଗେଶ୍ୱରୀ ଦେଉଳ,,,http://commons.wikimedia.org/wiki/Special:FilePath/Gangeswari%20Temple%2C%20Bayalisabati%2001.jpg?width=640,,,Kalinga architecture,,,,State Protected Monument,,"Gangeswari Temple, Bayalisabati",,http://commons.wikimedia.org/wiki/Special:FilePath/Gangeswari%20Temple%2C%20Bayalisabati%2001.jpg?width=640,CC BY-SA 4.0,Prateek Pattanaik,,S-OR-191
Q60400566,Odisha,20.239330,85.833503,Chitrakarini Temple,,,,,,,ଚିତ୍ରକାରିଣୀ ମନ୍ଦିର,,,http://commons.wikimedia.org/wiki/Special:FilePath/Chitrakarini%20Temple%2C%20Bhubaneshwar%20%285%29.jpg?width=640,,,,,,,Monument of National Importance,,"Chitrakarini Temple, Bhubaneshwar",,http://commons.wikimedia.org/wiki/Special:FilePath/Chitrakarini%20Temple%2C%20Bhubaneshwar%20%285%29.jpg?width=640,CC BY 3.0 pl,Radosław Botev,,N-OR-53
Q60617896,Haryana,27.781445,76.918722,Dehra Temple,,,,,,,,,,http://commons.wikimedia.org/wiki/Special:FilePath/Dehra%20Mandir%20View.jpg?width=640,,,,,,,State Protected Monument,,Dehra Temple,https://upload.wikimedia.org/wikipedia/commons/8/8f/Dehra_Mandir_View.jpg,https://upload.wikimedia.org/wikipedia/commons/8/8f/Dehra_Mandir_View.jpg,CC BY-SA 4.0,Jainvaibhav1008,https://en.wikipedia.org/wiki/Dehra_Temple,S-HR-5
Q6080700,Karnataka,13.318111,76.260389,"Ishvara Temple, Arasikere","ईश्वर मंदिर, अरसीकेरे","ஈசுவரன் கோவில், அரசிகெரே","ఈశ్వర దేవాలయం, అరసికెరె",,,,,,,http://commons.wikimedia.org/wiki/Special:FilePath/Le%20temple%20Kalameshwara%20%28Arsikere%2C%20Inde%29%20%2814571148061%29.jpg?width=640,,,,,,,Monument of National Importance,,"Ishvara Temple, Arasikere",https://upload.wikimedia.org/wikipedia/commons/a/a7/Le_temple_Kalameshwara_%28Arsikere%2C_Inde%29_%2814571148061%29.jpg,https://upload.wikimedia.org/wikipedia/commons/a/a7/Le_temple_Kalameshwara_%28Arsikere%2C_Inde%29_%2814571148061%29.jpg,CC BY 2.0,"Jean-Pierre Dalbéra from Paris, France","https://en.wikipedia.org/wiki/Ishvara_Temple,_Arasikere",N-KA-B108
Q61064527,Tamil Nadu,9.874167,78.070833,Thirupparankundram Rock-cut Cave and Inscription,,திருப்பரங்குன்றம் சமணக் குகைகள்,,,,,,,,http://commons.wikimedia.org/wiki/Special:FilePath/%E0%AE%A4%E0%AE%BF%E0%AE%B0%E0%AF%81%E0%AE%AA%E0%AF%8D%E0%AE%AA%E0%AE%B0%E0%AE%99%E0%AF%8D%E0%AE%95%E0%AF%81%E0%AE%A9%E0%AF%8D%E0%AE%B1%E0%AE%AE%E0%AF%8D%20%E0%AE%95%E0%AF%81%E0%AE%9F%E0%AF%88%E0%AE%B5%E0%AE%B0%E0%AF%88%20%E0%AE%95%E0%AF%8B%E0%AE%B5%E0%AE%BF%E0%AE%B2%E0%AF%8D.jpg?width=640,,,,,,,Monument of National Importance,,Thirupparankundram Rock-cut Cave and Inscription,https://upload.wikimedia.org/wikipedia/commons/4/4d/%E0%AE%A4%E0%AE%BF%E0%AE%B0%E0%AF%81%E0%AE%AA%E0%AF%8D%E0%AE%AA%E0%AE%B0%E0%AE%99%E0%AF%8D%E0%AE%95%E0%AF%81%E0%AE%A9%E0%AF%8D%E0%AE%B1%E0%AE%AE%E0%AF%8D_%E0%AE%95%E0%AF%81%E0%AE%9F%E0%AF%88%E0%AE%B5%E0%AE%B0%E0%AF%88_%E0%AE%95%E0%AF%8B%E0%AE%B5%E0%AE%BF%E0%AE%B2%E0%AF%8D.jpg,https://upload.wikimedia.org/wikipedia/commons/4/4d/%E0%AE%A4%E0%AE%BF%E0%AE%B0%E0%AF%81%E0%AE%AA%E0%AF%8D%E0%AE%AA%E0%AE%B0%E0%AE%99%E0%AF%8D%E0%AE%95%E0%AF%81%E0%AE%A9%E0%AF%8D%E0%AE%B1%E0%AE%AE%E0%AF%8D_%E0%AE%95%E0%AF%81%E0%AE%9F%E0%AF%88%E0%AE%B5%E0%AE%B0%E0%AF%88_%E0%AE%95%E0%AF%8B%E0%AE%B5%E0%AE%BF%E0%AE%B2%E0%AF%8D.jpg,,,https://en.wikipedia.org/wiki/Thirupparankundram_Rock-cut_Cave_and_Inscription,N-TN-T25
Q61066095,Tamil Nadu,11.133611,77.398889,Sukreeswarar temple,,சுக்ரீசுவரர் கோயில்,,,,,,,,http://commons.wikimedia.org/wiki/Special:FilePath/Sugrisvara%20Temple%202.jpg?width=640,,,,,,,Monument of National Importance,,Sugrisvara Temple Tiruppur,https://upload.wikimedia.org/wikipedia/commons/b/b8/Tiruppur_sugrisvara_temple3.JPG,https://upload.wikimedia.org/wikipedia/commons/b/b8/Tiruppur_sugrisvara_temple3.JPG,,,"https://en.wikipedia.org/wiki/Sukreesvarar_Temple,_Kurakkuthali",N-TN-T160
Q6122350,Rajasthan,24.579722,73.683611,"Jagdish Temple, Udaipur","जगदीश मंदिर, उदयपुर",ஜெகதீசர் கோவில்,"జగదీష్ ఆలయం, ఉదయపూర్",ಜಗದೀಶ್ ದೇವಾಲಯ ಉದೈಪುರ್,ഉദയ്പുർ ജഗധിഷ് ക്ഷേത്രം,,,,,http://commons.wikimedia.org/wiki/Special:FilePath/JagdishTemple-Udaipur-Rajasthan%20JM34.jpg?width=640,,,,,,1651-01-01T00:00:00Z,State Protected Monument,,Jagdish Temple,https://upload.wikimedia.org/wikipedia/commons/e/ed/Jagdish_Temple_Udaipur.jpg,https://upload.wikimedia.org/wikipedia/commons/e/ed/Jagdish_Temple_Udaipur.jpg,CC BY-SA 3.0,Ingo Mehling,"https://en.wikipedia.org/wiki/Jagdish_Temple,_Udaipur",S-RJ-210
Q6159487,Uttar Pradesh,25.389079,78.706951,Jarai-ka-Math,,,,,,,,,,http://commons.wikimedia.org/wiki/Special:FilePath/Ancient%20temple%20near%20Jhasi%20Pic%204.jpg?width=640,,,,,,,Monument of National Importance,,Jarai-ka-Math,https://upload.wikimedia.org/wikipedia/commons/3/39/Ancient_temple_near_Jhasi_Pic_4.jpg,https://upload.wikimedia.org/wikipedia/commons/3/39/Ancient_temple_near_Jhasi_Pic_4.jpg,CC BY-SA 4.0,Monument hunter,https://en.wikipedia.org/wiki/Jarai-ka-Math,N-UP-L125
Q6165262,Madhya Pradesh,24.849497,79.935316,"Javari Temple, Khajuraho",जावरी मंदिर,,"జవారి ఆలయం, ఖజురహో",,ജാവരി ക്ഷേത്രം,,,,,http://commons.wikimedia.org/wiki/Special:FilePath/Khajuraho%20Jeveri%20Temple%202010.jpg?width=640,,,,,,,part of UNESCO World Heritage Site; Monument of National Importance,,Javari Temple Khajuraho,https://upload.wikimedia.org/wikipedia/commons/6/67/Khajuraho_Jeveri_Temple_2010.jpg,https://upload.wikimedia.org/wikipedia/commons/6/67/Khajuraho_Jeveri_Temple_2010.jpg,CC BY-SA 4.0,Sfu,"https://en.wikipedia.org/wiki/Javari_Temple,_Khajuraho",N-MP-32
Q61826620,West Bengal,23.129444,86.983056,Bashuli temple,,,,,,বাশুলি মন্দির,,,,http://commons.wikimedia.org/wiki/Special:FilePath/Basuli-Temple-Atbaichandi.jpg?width=640,,,Deul,,,,State Protected Monument,,"Bashuli temple, Atbaichandi",,http://commons.wikimedia.org/wiki/Special:FilePath/Basuli-Temple-Atbaichandi.jpg?width=640,CC BY 4.0,Amitabha Gupta,,S-WB-3
Q61831262,West Bengal,23.019455,87.592364,Damodar temple,,,,,,দামোদর মন্দির,,,,http://commons.wikimedia.org/wiki/Special:FilePath/Damodar%20Temple%20Kotulpur%20Bankura.jpg?width=640,,,Navaratna,,,,State Protected Monument,,"Damodar Temple, Kotulpur, Bankura district",,http://commons.wikimedia.org/wiki/Special:FilePath/Damodar%20Temple%20Kotulpur%20Bankura.jpg?width=640,CC BY-SA 4.0,Kinjal bose 78,,S-WB-15
Q61833113,West Bengal,23.132778,87.295278,Deul of Dharapat,,,,,,ধরাপাট দেউল,,,,http://commons.wikimedia.org/wiki/Special:FilePath/Deul%20of%20Dharapat%20%2803%29.jpg?width=640,,,Deul,,,1603-01-01T00:00:00Z,West Bengal Heritage Commission declared site; State Protected Monument,,Deul of Dharapat,,http://commons.wikimedia.org/wiki/Special:FilePath/Deul%20of%20Dharapat%20%2803%29.jpg?width=640,CC BY-SA 3.0,SuvadipSanyal,,S-WB-4
Q61974664,West Bengal,23.079113,87.299975,Gour Nitai temple,,,,,,গৌরনিতাই মন্দির,,,,http://commons.wikimedia.org/wiki/Special:FilePath/Gour-Nitai-Temple-Tejpal-Bankura-with-tulsimancha2.jpg?width=640,,,At-chala,,Bir Singha Dev,1672-01-01T00:00:00Z,State Protected Monument,বসুমুন্যঙ্কগেশাকে। শ্রীরাধাকৃষ্ণযোমুদে। রঘুনাথসুতঃ সৌধ। বীরসিংহনৃপদদৌ। ৯৭৮,"Gour Nitai temple, Tejpal",,http://commons.wikimedia.org/wiki/Special:FilePath/Gour-Nitai-Temple-Tejpal-Bankura-with-tulsimancha2.jpg?width=640,CC BY 4.0,Amitabha Gupta,,S-WB-12
Q61976242,West Bengal,23.166089,87.148711,Radha-Krishna temple,राधाकृष्ण मंदिर,,,,,রাধাকৃষ্ণ মন্দির,,,,http://commons.wikimedia.org/wiki/Special:FilePath/Sikhar%20deul%20temple%20with%20jagamohan%20at%20Vikrampur%20in%20Bankura%20district%2001.jpg?width=640,,,Deul,,,,State Protected Monument,,"Radha-Krishna temple, Bikrampur",,http://commons.wikimedia.org/wiki/Special:FilePath/Sikhar%20deul%20temple%20with%20jagamohan%20at%20Vikrampur%20in%20Bankura%20district%2001.jpg?width=640,,,,S-WB-9
Q61984255,West Bengal,23.123611,87.375556,Muninagar Deul temple,,,,,,মুনিনগর দেউল মন্দির,,,,http://commons.wikimedia.org/wiki/Special:FilePath/Radha-Kanta-Deul-Muninagar-Bankura.jpg?width=640,,,Deul,,Bir Singha Dev,1678-01-01T00:00:00Z,State Protected Monument,শ্রীশ্রীকৃষ্ণঃ বেদবস্বঙ্কগেশাকে শ্রীরাধাকৃষ্ণযোমুদে দদৌ দেবকুলং শ্রীল বীরসিঙ্ঘো মহীপতিঃ। শন ৯৮৪।,"Radhakanta deul temple, Muninagar",,http://commons.wikimedia.org/wiki/Special:FilePath/Radha-Kanta-Deul-Muninagar-Bankura.jpg?width=640,,,,S-WB-10
Q61985595,West Bengal,23.600278,87.767222,Itanda jorbangla kali temple,,,,,,ইটাণ্ডা জোড়বাংলা কালীমন্দির,,,,http://commons.wikimedia.org/wiki/Special:FilePath/Jora%20Bangla%20Temple%20of%20Kali%20at%20Itanda.jpg?width=640,,,Jor-bangla,,,,State Protected Monument,,"Kali temple, Itanda",,http://commons.wikimedia.org/wiki/Special:FilePath/Jora%20Bangla%20Temple%20of%20Kali%20at%20Itanda.jpg?width=640,CC BY-SA 3.0,amitabho58,,S-WB-17
Q62661609,Gujarat,23.911465,71.913444,"Shiva temple, Kasara",,,,,,,,,"પ્રાચીન શિવ મંદિર, કસરા",http://commons.wikimedia.org/wiki/Special:FilePath/Ruins%20of%20a%20Hindu%20temple%20at%20Kasara%2C%20Gujarat.jpg?width=640,,,,,,,State Protected Monument,,"Shiva temple, Kasara",,http://commons.wikimedia.org/wiki/Special:FilePath/Ruins%20of%20a%20Hindu%20temple%20at%20Kasara%2C%20Gujarat.jpg?width=640,,,,S-GJ-10
Q62777648,Gujarat,24.324444,72.861111,"Kumbheshwar Mahadev temple, Ambaji",,,,,,,,,કુંભેશ્વર મહાદેવ મંદિર,http://commons.wikimedia.org/wiki/Special:FilePath/Kumbharia%20Mahadev%20Temple%2C%20Back%20view.jpg?width=640,,,,,,,State Protected Monument,,Kumbheshwar Mahadev Temple,,http://commons.wikimedia.org/wiki/Special:FilePath/Kumbharia%20Mahadev%20Temple%2C%20Back%20view.jpg?width=640,CC BY-SA 4.0,KartikMistry,,S-GJ-11
Q62780957,Gujarat,21.357500,72.026667,"Jain temples, Talaja",,,,,,,,,"જૈન મંદિરો, તળાજા",http://commons.wikimedia.org/wiki/Special:FilePath/%22Gumbaj%22%20of%20Temple.JPG?width=640,,,,,,,Monument of National Importance,,"Jain temples, Talaja",,http://commons.wikimedia.org/wiki/Special:FilePath/%22Gumbaj%22%20of%20Temple.JPG?width=640,CC BY-SA 3.0,Mv.shah,,N-GJ-74
Q63323097,Gujarat,22.466944,73.515278,Pavagadh fort and temples,,,,,,,,,પાવાગઢનો કિલ્લો અને પાવાગઢ ડુંગર પરના ખંડેર હિન્દુ અને જૈન મંદિરો,http://commons.wikimedia.org/wiki/Special:FilePath/Shikhara%20of%20the%20Temple.jpg?width=640,,,,,,,Monument of National Importance,,Pavagadh Fort and Temples,,http://commons.wikimedia.org/wiki/Special:FilePath/Shikhara%20of%20the%20Temple.jpg?width=640,,,,N-GJ-114
Q63323186,Gujarat,22.350556,73.551945,"Rudra Mahalaya temple, Desar",,,,,,,,,"રુદ્ર મહાલય મંદિર, દેસર",http://commons.wikimedia.org/wiki/Special:FilePath/Dear%20shivalay.jpg?width=640,,,,,,,Monument of National Importance,,"Rudra Mahalaya temple, Desar",,http://commons.wikimedia.org/wiki/Special:FilePath/Dear%20shivalay.jpg?width=640,CC BY-SA 4.0,Harshit soni,,N-GJ-117
Q63343140,Gujarat,20.759444,70.661111,"Ranchhodrai Temple, Mul Dwarka",,,,,,,,,"રણછોડરાયજી મંદિર, મૂળ દ્વારકા",http://commons.wikimedia.org/wiki/Special:FilePath/Mul%20Dwarka%20Temple%20at%20Visavada%20Porbandar%20Gujarat%20India.jpg?width=640,,,,,,,Monument of National Importance,,"Ranchhodrai Temple, Mul Dwarka",,http://commons.wikimedia.org/wiki/Special:FilePath/Mul%20Dwarka%20Temple%20at%20Visavada%20Porbandar%20Gujarat%20India.jpg?width=640,CC BY-SA 3.0,The original uploader was Ashok modhvadia at Gujarati Wikipedia.,,N-GJ-141
Q63343276,Gujarat,23.641111,72.360556,"Malai Mata Temple, Palodar",,,,,,,,,"મલાઇ માતા મંદિર, પાલોદર",http://commons.wikimedia.org/wiki/Special:FilePath/Back%20view%20%28west%29%20of%20Malai%20Mata%20temple%2C%20Palodar%2C%20Gujarat%2C%20India.jpg?width=640,,,,,,,Monument of National Importance,,"Malai Mata Temple, Palodar",,http://commons.wikimedia.org/wiki/Special:FilePath/Back%20view%20%28west%29%20of%20Malai%20Mata%20temple%2C%20Palodar%2C%20Gujarat%2C%20India.jpg?width=640,CC BY-SA 4.0,Nizil Shah,,N-GJ-150
Q63344230,Gujarat,23.802944,72.318361,"Nilkantheshwar Mahadev temple, Sunak",,,,,,,,,નીલકંઠેશ્વર મહાદેવ મંદિર,http://commons.wikimedia.org/wiki/Special:FilePath/10th-century%20Nilakantha%20temple%2C%20Sunak%20Gujarat%20140.jpg?width=640,,,,,,,Monument of National Importance,,"Nilakantha Mahadeva Temple, Sunak",,http://commons.wikimedia.org/wiki/Special:FilePath/10th-century%20Nilakantha%20temple%2C%20Sunak%20Gujarat%20140.jpg?width=640,CC0,Ms Sarah Welch,,N-GJ-165
Q63344430,Gujarat,23.767778,72.259167,"Two small shrines near Sanderi Mata temple, Sander",,,,,,,,,સંડેરી માતાના મંદિર પાસેના બે નાના મંદિરો,http://commons.wikimedia.org/wiki/Special:FilePath/Ancient%20shrines%2Csander%2CDist.%20Patan.jpg?width=640,,,,,,,Monument of National Importance,,"Two small shrines near Sanderi Mata temple, Sander",,http://commons.wikimedia.org/wiki/Special:FilePath/Ancient%20shrines%2Csander%2CDist.%20Patan.jpg?width=640,CC BY-SA 4.0,Utsav502,,N-GJ-168
Q63344531,Gujarat,23.641972,71.993945,"Limboji Mata Temple, Delmal",,,,,,,,,"લિંબોજી માતા મંદિર, દેલમાલ",http://commons.wikimedia.org/wiki/Special:FilePath/1885%20photo%20of%20Hindu%20temple%20ruins%20at%20Dilmal%2C%20Gujarat%2C%20India.jpg?width=640,,,,,,,Monument of National Importance,,Delmal Group of Temples,,http://commons.wikimedia.org/wiki/Special:FilePath/1885%20photo%20of%20Hindu%20temple%20ruins%20at%20Dilmal%2C%20Gujarat%2C%20India.jpg?width=640,Public domain,Henry Cousens (1885),,N-GJ-171
Q63347592,Gujarat,22.713611,71.676111,Ranak Devi's Temple,,,,,,,,,રાણકદેવીનું મંદિર,http://commons.wikimedia.org/wiki/Special:FilePath/Ranak%20devi%201.jpg?width=640,Ranakadevi,,,,,,Monument of National Importance,,Ranakadevi Temple,https://upload.wikimedia.org/wikipedia/commons/1/11/Ranak_devi_1.jpg,https://upload.wikimedia.org/wikipedia/commons/1/11/Ranak_devi_1.jpg,,,https://en.wikipedia.org/wiki/Ranakdevi%27s_Temple,N-GJ-183
Q63347605,Gujarat,22.597222,71.214722,"Sun temple, Thangadh","सूर्यमंदिर, थानगढ",,,,,,,,"સૂર્યમંદિર, થાનગઢ",http://commons.wikimedia.org/wiki/Special:FilePath/Surya%20temple%2C%20Than%20Gujarat.jpg?width=640,,,,,,,Monument of National Importance,,,,http://commons.wikimedia.org/wiki/Special:FilePath/Surya%20temple%2C%20Than%20Gujarat.jpg?width=640,,,"https://en.wikipedia.org/wiki/Sun_Temple,_Thangadh",N-GJ-185
Q63347608,Gujarat,22.457222,71.412500,"Navlakha temple, Sejakpar",,,,,,,,,"નવલખા મંદિર, સેજકપર",http://commons.wikimedia.org/wiki/Special:FilePath/Sejakpur%20-%20Navlakha%20Temple.jpg?width=640,,,,,,,Monument of National Importance,,"Navlakha Temple, Sejakpur",,http://commons.wikimedia.org/wiki/Special:FilePath/Sejakpur%20-%20Navlakha%20Temple.jpg?width=640,,,,N-GJ-186
Q63484486,Gujarat,23.122038,72.043182,Munsar lake and shrines,,,,,,,,,મુનસર તળાવ અને મંદિરો,http://commons.wikimedia.org/wiki/Special:FilePath/Munsarlake.jpg?width=640,,,,,,,Monument of National Importance,,Munsar lake and shrines,https://upload.wikimedia.org/wikipedia/commons/b/bf/Munsarlake.jpg,https://upload.wikimedia.org/wikipedia/commons/b/bf/Munsarlake.jpg,CC BY-SA 4.0,Murtazap199,https://en.wikipedia.org/wiki/Munsar_Lake,N-GJ-65
Q6348580,Karnataka,14.575674,75.147387,"Kaitabheshvara Temple, Kubatur",,,"కైటభేశ్వర ఆలయం, కుబటూర్","ಕೈಟಭೇಶ್ವರ ದೇವಸ್ಥಾನ, ಕುಬಟೂರು",,"কৈটভেশ্বর মন্দির, কুতাবুর",କୈତଭେଶ୍ଵର ମନ୍ଦିର,,,http://commons.wikimedia.org/wiki/Special:FilePath/Rear%20view%20of%20Kaitabhesvara%20temple%20%281100%20AD%29%20at%20Kubatur.JPG?width=640,,,,,,,Monument of National Importance,,"Kaitabheshvara Temple, Kubatur",https://upload.wikimedia.org/wikipedia/commons/4/46/Rear_view_of_Kaitabhesvara_temple_%281100_AD%29_at_Kubatur.JPG,https://upload.wikimedia.org/wikipedia/commons/4/46/Rear_view_of_Kaitabhesvara_temple_%281100_AD%29_at_Kubatur.JPG,,,"https://en.wikipedia.org/wiki/Kaitabheshvara_Temple,_Kubatur",N-KA-B176
Q6353755,Karnataka,,,Kalleshvara temple,,,"కల్లేశ్వర ఆలయం, అంబాలి",,,,,,,http://commons.wikimedia.org/wiki/Special:FilePath/Kalleshvara%20temple%20%281083%20AD%29%20at%20Ambali.JPG?width=640,,,,,,,Monument of National Importance,,"Kalleshvara Temple, Ambali",https://upload.wikimedia.org/wikipedia/commons/a/a0/Kalleshvara_temple_%281083_AD%29_at_Ambali.JPG,https://upload.wikimedia.org/wikipedia/commons/a/a0/Kalleshvara_temple_%281083_AD%29_at_Ambali.JPG,CC BY-SA 3.0,Dineshkannambadi,"https://en.wikipedia.org/wiki/Kalleshvara_Temple,_Ambali",N-KA-B9
Q6353761,Karnataka,14.843889,75.982778,"Kalleshvara Temple, Bagali",,,కల్లేశ్వర దేవాలయం (కర్ణాటక),"ಕಲ್ಲೇಶ್ವರ ದೇವಸ್ಥಾನ, ಬಾಗಳಿ",,"কল্লেশ্বর মন্দির, বাগালি",,,,http://commons.wikimedia.org/wiki/Special:FilePath/View%20of%20Kalleshvara%20Temple%20at%20Bagali%20from%20an%20elevation.JPG?width=640,,,,,,,Monument of National Importance,,"Kalleshvara Temple, Bagali",https://upload.wikimedia.org/wikipedia/commons/0/09/View_of_Kalleshvara_Temple_at_Bagali_from_an_elevation.JPG,https://upload.wikimedia.org/wikipedia/commons/0/09/View_of_Kalleshvara_Temple_at_Bagali_from_an_elevation.JPG,,,"https://en.wikipedia.org/wiki/Kalleshvara_Temple,_Bagali",N-KA-B98
Q63609273,Madhya Pradesh,24.853119,79.919813,Mahadeva Temple,,,,,,,,,,http://commons.wikimedia.org/wiki/Special:FilePath/India-5696%20-%20Flickr%20-%20archer10%20%28Dennis%29.jpg?width=640,,,,,,,Monument of National Importance,,"Mahadeva Temple, Khajuraho",,http://commons.wikimedia.org/wiki/Special:FilePath/India-5696%20-%20Flickr%20-%20archer10%20%28Dennis%29.jpg?width=640,CC BY-SA 2.0,Dennis G. Jarvis,,N-MP-18
Q6366646,Odisha,20.682055,85.763092,Kapilash Temple,कपिलाश मंदिर,"சந்திரசேகர் கோவில் ,கபிலாஷ்",,,,কপিলাস মন্দির,କପିଳାସ ଶିବ ମନ୍ଦିର,,,http://commons.wikimedia.org/wiki/Special:FilePath/Kapilas%20Chandrasekhar%20mahadev%20temple%20from%20hilltop.JPG?width=640,Shiva,,,,,,Monument of National Importance,,Kapilash Temple,https://upload.wikimedia.org/wikipedia/commons/a/a4/Kapilasa_temple_Dhenkanal_Odisha4.jpg,https://upload.wikimedia.org/wikipedia/commons/a/a4/Kapilasa_temple_Dhenkanal_Odisha4.jpg,CC BY 3.0,Diptiman Panigrahi,https://en.wikipedia.org/wiki/Kapilash_Temple,N-OR-21
Q6374558,Karnataka,15.387583,75.717181,"Kasivisvesvara Temple, Lakkundi",,"காசிவிசுவேசுவரர் கோயில், இலக்குண்டி","కాశీవిశ్వేశ్వర ఆలయం, లక్కుండి","ಕಾಶಿವಿಶ್ವೇಶ್ವರ ದೇವಾಲಯ, ಲಕ್ಕುಂಡಿ",,"কাশীবিশ্বেশ্বর মন্দির, লক্কুণ্ডী",,,,http://commons.wikimedia.org/wiki/Special:FilePath/11th%20century%20Kasivisvesvara%20temple%2C%20Lakkundi%2C%20Karnataka%20India%20-%2003.jpg?width=640,Shiva,,,,,,Monument of National Importance,,"Kasivisvesvara Temple, Lakkundi",https://upload.wikimedia.org/wikipedia/commons/b/bf/11th_century_Kasivisvesvara_temple%2C_Lakkundi%2C_Karnataka_India_-_12.jpg,https://upload.wikimedia.org/wikipedia/commons/b/bf/11th_century_Kasivisvesvara_temple%2C_Lakkundi%2C_Karnataka_India_-_12.jpg,CC0,P. Madhusudan,"https://en.wikipedia.org/wiki/Kasivisvesvara_Temple,_Lakkundi",N-KA-D245
Q6382538,Karnataka,14.393927,75.244264,"Kedareshvara Temple, Balligavi",,,"కేదారేశ్వర ఆలయం, బల్లిగావి",ಕೇದಾರೇಶ್ವರ ದೇವಾಲಯ ಬಳ್ಳಿಗಾವಿ,,"কেদারেশ্বর মন্দির, বল্লিগাবি",,,,http://commons.wikimedia.org/wiki/Special:FilePath/Frontal%20view%20of%20Kedareshvara%20temple%20%28late%2011th%20century%29%20at%20Balligavi%201.JPG?width=640,Shiva,,,,,,Monument of National Importance,,"Kedareshvara Temple, Balligavi",https://upload.wikimedia.org/wikipedia/commons/1/16/Frontal_view_of_Kedareshvara_temple_%28late_11th_century%29_at_Balligavi_1.JPG,https://upload.wikimedia.org/wikipedia/commons/1/16/Frontal_view_of_Kedareshvara_temple_%28late_11th_century%29_at_Balligavi_1.JPG,CC BY-SA 3.0,Dineshkannambadi,"https://en.wikipedia.org/wiki/Kedareshvara_Temple,_Balligavi",N-KA-B168
Q6382540,Karnataka,13.209028,75.997667,"Kedareswara temple, Halebidu",,கேதாரேஸ்வரர் கோயில்,"కేదారేశ్వర ఆలయం, హళేబీడు","ಕೇದಾರೇಶ್ವರ ದೇವಸ್ಥಾನ, ಹಳೇಬೀಡು",,,,,,http://commons.wikimedia.org/wiki/Special:FilePath/Profile%20of%20Kedareshwara%20Temple%20in%20Halebidu1.jpg?width=640,Shiva,,,,,,Monument of National Importance,,"Kedareshwara Temple, Halebidu",https://upload.wikimedia.org/wikipedia/commons/d/d9/Profile_of_Kedareshwara_Temple_in_Halebidu1.jpg,https://upload.wikimedia.org/wikipedia/commons/d/d9/Profile_of_Kedareshwara_Temple_in_Halebidu1.jpg,,,"https://en.wikipedia.org/wiki/Kedareshwara_Temple,_Halebidu",N-KA-B113
Q6401720,Odisha,21.537722,86.879453,Khirachora Gopinatha Temple,खीराचोरा गोपीनाथ मन्दिर,,,ಖಿರಾಚಾರ ಗೋಪೀನಾಥ ದೇವಾಲಯ,,,କ୍ଷୀରଚୋରା ଗୋପୀନାଥ ମନ୍ଦିର,,,http://commons.wikimedia.org/wiki/Special:FilePath/Khirachora%20Gopinatha%20Temple.jpg?width=640,,,,,,,State Protected Monument,,Khirachora Gopinatha Temple,https://upload.wikimedia.org/wikipedia/commons/1/15/Khirachora_Gopinatha_Temple.jpg,https://upload.wikimedia.org/wikipedia/commons/1/15/Khirachora_Gopinatha_Temple.jpg,CC BY-SA 3.0,Ansuman,https://en.wikipedia.org/wiki/Khirachora_Gopinatha_Temple,S-OR-8
Q6404120,Odisha,21.553000,85.495000,Kichakeshwari Temple,,,కీచకేశ్వరి ఆలయం,,,কিচকেশ্বরী মন্দির,କୀଚକେଶ୍ଵରୀ ମନ୍ଦିର,,,http://commons.wikimedia.org/wiki/Special:FilePath/Maa%20Kichakeswari%20temple%2C%20Khiching%2C%20Mayurbhanj%2C%20Odisha.jpg?width=640,,,,,,,State Protected Monument,,Kichakeshwari Temple,https://upload.wikimedia.org/wikipedia/commons/5/51/Khiching_Temple.jpg,https://upload.wikimedia.org/wikipedia/commons/5/51/Khiching_Temple.jpg,CC BY-SA 4.0,Dishabhagat07,https://en.wikipedia.org/wiki/Kichakeshwari_Temple,S-OR-170
Q6427067,Karnataka,13.138428,78.138668,Kolaramma Temple,कोलारम्मा,கோலார் அம்மன் கோவில்,,kolaramma temple,,,,,,http://commons.wikimedia.org/wiki/Special:FilePath/Close%20up%20view%20of%20open%20entrance%20mantapa%20in%20the%20Kolaramma%20Temple%20at%20Kolar.jpg?width=640,,,,,,,Monument of National Importance,,"Kolaramma Temple, Kolar",https://upload.wikimedia.org/wikipedia/commons/1/17/Close_up_view_of_open_entrance_mantapa_in_the_Kolaramma_Temple_at_Kolar.jpg,https://upload.wikimedia.org/wikipedia/commons/1/17/Close_up_view_of_open_entrance_mantapa_in_the_Kolaramma_Temple_at_Kolar.jpg,CC BY-SA 3.0,Hariharan Arunachalam ( NIC ),https://en.wikipedia.org/wiki/Kolaramma,N-KA-B131
Q6431081,Maharashtra,16.700000,74.684722,Kopeshwar temple,कोपेश्वर मंदिर,கோபேசுவர் கோயில்,,,കോപേശ്വർ ക്ഷേത്രം,,,"कोपेश्वर मंदिर, खिद्रापूर",,http://commons.wikimedia.org/wiki/Special:FilePath/KhidrapurTemple.JPG?width=640,,,,,,,Monument of National Importance,,Kopeshwar temple,https://upload.wikimedia.org/wikipedia/commons/c/c5/KhidrapurTemple.JPG,https://upload.wikimedia.org/wikipedia/commons/c/c5/KhidrapurTemple.JPG,CC BY-SA 3.0,Shailesh.patil,https://en.wikipedia.org/wiki/Kopeshwar_Temple,N-MH-M1
Q6431407,Tamil Nadu,10.973333,78.362500,Koranganatha Temple,,,,,,,,,,http://commons.wikimedia.org/wiki/Special:FilePath/Kuranganathar%20temple%20-%20%28B%29old%20%281567726262%29.jpg?width=640,,,,,,,Monument of National Importance,,"Koranganathar temple, Srinivasanallur",https://upload.wikimedia.org/wikipedia/commons/5/53/Koranganthar_temple%2C_Srinivasanallur%2C_Trichy_district_%2817%29.jpg,https://upload.wikimedia.org/wikipedia/commons/5/53/Koranganthar_temple%2C_Srinivasanallur%2C_Trichy_district_%2817%29.jpg,CC BY-SA 4.0,Ssriram mt,https://en.wikipedia.org/wiki/Koranganatha_Temple,N-TN-T156
Q6434361,Kerala,8.889583,76.905167,Kottukal cave temple,,கோட்டுக்கல் குகைக்கோயில்,,,കോട്ടുക്കല് ഗുഹാക്ഷേത്രം,,,,,http://commons.wikimedia.org/wiki/Special:FilePath/Kottukkal%20Rock%20-cut-cave%20Temple%20kollam%2004.jpg?width=640,,,,,,,State Protected Monument,,Kottukal Cave Temple,https://upload.wikimedia.org/wikipedia/commons/1/1c/Kottukkal_Rock_-cut-cave_Temple_kollam_04.jpg,https://upload.wikimedia.org/wikipedia/commons/1/1c/Kottukkal_Rock_-cut-cave_Temple_kollam_04.jpg,CC BY-SA 4.0,Sugeesh,https://en.wikipedia.org/wiki/Kottukal_cave_Temple,S-KL-26
Q6440783,Andhra Pradesh,16.533300,81.733300,Ksheerarama,,,క్షీరారామం,ಕ್ಷೀರರಾಮ,,,,,,http://commons.wikimedia.org/wiki/Special:FilePath/CompleteTempleComplex.jpg?width=640,Shiva,,,,,,State Protected Monument,,Ksheera Ramalingeswara Swamy temple,https://upload.wikimedia.org/wikipedia/commons/d/d2/CompleteTempleComplex.jpg,https://upload.wikimedia.org/wikipedia/commons/d/d2/CompleteTempleComplex.jpg,Public domain,Gopal vemu at English Wikipedia,https://en.wikipedia.org/wiki/Ksheerarama,S-AP-495
Q6479889,Karnataka,13.848540,75.700350,"Lakshmi Narasimha Temple, Bhadravathi",,,,"ಲಕ್ಷ್ಮೀ ನರಸಿಂಹ ದೇವಸ್ಥಾನ, ಭದ್ರಾವತಿ",,,,,,http://commons.wikimedia.org/wiki/Special:FilePath/Stellate%20plan%20of%20the%20shrine%20in%20Lakshmi%20Narasimha%20temple%20at%20Bhadravati.JPG?width=640,,,,,,,State Protected Monument,,"Lakshmi Narasimha Temple, Bhadravati",https://upload.wikimedia.org/wikipedia/commons/d/d9/Stellate_plan_of_the_shrine_in_Lakshmi_Narasimha_temple_at_Bhadravati.JPG,https://upload.wikimedia.org/wikipedia/commons/d/d9/Stellate_plan_of_the_shrine_in_Lakshmi_Narasimha_temple_at_Bhadravati.JPG,,,"https://en.wikipedia.org/wiki/Lakshmi_Narasimha_Temple,_Bhadravati",S-KA-653
Q6479891,Karnataka,13.010944,76.475361,"Lakshmi Narasimha Temple, Nuggehalli",,,"లక్ష్మీనరసింహ ఆలయం, నుగ్గెహళ్ళి","ಲಕ್ಷ್ಮಿ ನರಸಿಂಹ ದೇವಾಸ್ಥಾನ, ನುಗ್ಗೇಹಳ್ಳಿ",,"লক্ষ্মী নৃসিংহ মন্দির, নুগেহাল্লি",,,,http://commons.wikimedia.org/wiki/Special:FilePath/Lakshmi%20Narasimha%20temple%20at%20Nuggehalli.JPG?width=640,,,,,,,Monument of National Importance,,"Lakshmi Narasimha Temple, Nuggehalli",https://upload.wikimedia.org/wikipedia/commons/1/16/Lakshmi_Narasimha_temple_at_Nuggehalli.JPG,https://upload.wikimedia.org/wikipedia/commons/1/16/Lakshmi_Narasimha_temple_at_Nuggehalli.JPG,CC BY-SA 3.0,Dineshkannambadi,"https://en.wikipedia.org/wiki/Lakshmi_Narasimha_Temple,_Nuggehalli",N-KA-B120
Q6479950,Karnataka,12.642278,76.479000,"Lakshminarayana Temple, Hosaholalu",,,"లక్ష్మీనారాయణ ఆలయం, హొసహొళలు",ಹೊಸಹೊಳಲು,,,,,,http://commons.wikimedia.org/wiki/Special:FilePath/LakshmiNarayana%20Temple%20%2C%20Hosaholalu.jpg?width=640,,,Hoysala architecture,,,,Monument of National Importance,,"Lakshminarayana Temple, Hosaholalu",https://upload.wikimedia.org/wikipedia/commons/a/af/Lakshminayarana_Temple_%2C_Hosaholalu%2C_South_West_View.jpg,https://upload.wikimedia.org/wikipedia/commons/a/af/Lakshminayarana_Temple_%2C_Hosaholalu%2C_South_West_View.jpg,CC BY-SA 4.0,Bikashrd,"https://en.wikipedia.org/wiki/Lakshminarayana_Temple,_Hosaholalu",N-KA-B139
Q648390,Madhya Pradesh,24.852972,79.919560,Kandariya Mahadeva Temple,कन्दारिया महादेव,கந்தாரிய மகாதேவர் கோயில்,కందారియ మహదేవ మందిరము,ಕಂದಾರಿಯಾ ಮಹಾದೇವ ದೇವಾಲಯ,"കന്ദരിയമഹാദേവക്ഷേത്രം, ഖജുരാഹോ",কন্দারিয়া মহাদেব মন্দির,,,,http://commons.wikimedia.org/wiki/Special:FilePath/A%20view%20from%20the%20southside%20of%20Kandariya%20temple%2001.jpg?width=640,Shiva,,,,,,Monument of National Importance,,Kandariya Mahadeva Temple,https://upload.wikimedia.org/wikipedia/commons/8/8c/Khajuraho.KandariyaMahadeva.jpg,https://upload.wikimedia.org/wikipedia/commons/8/8c/Khajuraho.KandariyaMahadeva.jpg,CC BY-SA 3.0,China Crisis,https://en.wikipedia.org/wiki/Kandariya_Mahadeva_Temple,N-MP-15
Q6507638,Odisha,20.238333,85.833611,Rajarani Temple,राजारानी मंदिर,ராஜாராணி கோயில்,రాజారాణి ఆలయం,ರಾಜರಾಣಿ ದೇವಾಲಯ,രാജരാണി ക്ഷേത്രം,রাজারাণী মন্দির,ରାଜାରାଣୀ ମନ୍ଦିର,राजाराणी मंदिर,,http://commons.wikimedia.org/wiki/Special:FilePath/RajaRani-Bhubaneswar-Odisha-Dsc001.jpg?width=640,Shiva,Hinduism,,,,,Monument of National Importance,,Rajarani Temple,https://upload.wikimedia.org/wikipedia/commons/9/9b/Rajarani_Temple_2.jpg,https://upload.wikimedia.org/wikipedia/commons/9/9b/Rajarani_Temple_2.jpg,,,https://en.wikipedia.org/wiki/Rajarani_Temple,N-OR-62
Q6507707,Odisha,20.250000,85.833333,Rameshwar Deula,,,రామేశ్వర దేవళం,ರಾಮೇಶ್ವರ್ ಡ್ಯೂಲಾ,രാമേശ്വരം ക്ഷേത്രം,রামেশ্বর দেউল,ରାମେଶ୍ଵର ମନ୍ଦିର,रामेश्वर मंदिर,,http://commons.wikimedia.org/wiki/Special:FilePath/Rameswar%20Deula%20%287%29.jpg?width=640,,,,,,,Monument of National Importance,,Rameswar temple,https://upload.wikimedia.org/wikipedia/commons/8/87/Rameshwar_lingaraja.jpg,https://upload.wikimedia.org/wikipedia/commons/8/87/Rameshwar_lingaraja.jpg,,,https://en.wikipedia.org/wiki/Rameshwar_Deula,N-OR-48
Q6512504,Assam,26.242700,91.526500,Hayagriva Madhava Temple,हयग्रीव माधव मंदिर,,హాయగ్రీవ మాధవ దేవాలయం,ಹಯಗ್ರೀವ ಮಾಧವ ದೇವಾಲಯ,,হয়গ্রীব মাধব মন্দির,ହୟଗ୍ରୀବ ମାଧବ ମନ୍ଦିର,,,http://commons.wikimedia.org/wiki/Special:FilePath/%E0%A6%B9%E0%A6%AF%E0%A6%BC%E0%A6%97%E0%A7%8D%E0%A7%B0%E0%A7%80%E0%A7%B1%20%E0%A6%AE%E0%A6%BE%E0%A6%A7%E0%A6%AC%20%E0%A6%AE%E0%A6%A8%E0%A7%8D%E0%A6%A6%E0%A6%BF%E0%A7%B0%2C%20%E0%A6%B9%E0%A6%BE%E0%A6%9C%E0%A7%8B.jpg?width=640,,,,,,,Monument of National Importance,,Hayagriva Madhava Temple,https://upload.wikimedia.org/wikipedia/commons/c/c7/Hagriva_Madhava_Temple_side_view2.jpg,https://upload.wikimedia.org/wikipedia/commons/c/c7/Hagriva_Madhava_Temple_side_view2.jpg,CC BY-SA 4.0,ComparingQuantities,https://en.wikipedia.org/wiki/Hayagriva_Madhava_Temple,N-AS-24
Q6523426,Maharashtra,19.242778,73.885556,Lenyadri,लेण्याद्री,லெண்யாத்திரி,లేన్యాద్రి,,ലെന്യാദ്രി,লেনিয়াদ্রি,,गिरिजात्मज (लेण्याद्री),,http://commons.wikimedia.org/wiki/Special:FilePath/Lenyadri%20interior.jpg?width=640,,,,,,,Monument of National Importance,,Lenyadri,https://upload.wikimedia.org/wikipedia/commons/1/10/Lenyadri.jpg,https://upload.wikimedia.org/wikipedia/commons/1/10/Lenyadri.jpg,CC BY 2.0,"Niemru from MUMBAI, INDIA",https://en.wikipedia.org/wiki/Lenyadri,N-MH-M25
Q66438531,West Bengal,25.767061,88.179761,Bhairabi temple,,,,,,,,,,http://commons.wikimedia.org/wiki/Special:FilePath/Temple%20of%20Bhairab%20at%20Bindole%20in%20Uttar%20Dinajpur%20district%2003.jpg?width=640,,,,,,,State Protected Monument,,"Bhairabi Temple, Bindole",,http://commons.wikimedia.org/wiki/Special:FilePath/Temple%20of%20Bhairab%20at%20Bindole%20in%20Uttar%20Dinajpur%20district%2003.jpg?width=640,,,,S-WB-105
Q66438919,West Bengal,,,Pakbirra Jain Shrine,,,,,,পাকবিড়রা জৈন মন্দির,,,,http://commons.wikimedia.org/wiki/Special:FilePath/Pakbirra%20Jain%20Shrine%20of%20Purulia%2003.jpg?width=640,,,,,,,State Protected Monument,,Temples in Pakbirra,https://upload.wikimedia.org/wikipedia/commons/5/56/Pakbirra_Jain_Shrine_of_Purulia_03_%28cropped%29.jpg,https://upload.wikimedia.org/wikipedia/commons/5/56/Pakbirra_Jain_Shrine_of_Purulia_03_%28cropped%29.jpg,,,https://en.wikipedia.org/wiki/Pakbirra_Jain_temples,S-WB-101
Q66439011,West Bengal,23.372414,86.749253,Krosjuri Siva Temple,क्रोसजुरी शिव मंदिर,,,,,ক্রোশজুড়ি শিব মন্দির,,,,http://commons.wikimedia.org/wiki/Special:FilePath/Krosjuri%20Siva%20Temple.jpg?width=640,,,,,,,State Protected Monument,,"Shiva temple, Kroshjuri",,http://commons.wikimedia.org/wiki/Special:FilePath/Krosjuri%20Siva%20Temple.jpg?width=640,CC BY-SA 4.0,Rangan Datta Wiki,,S-WB-100
Q66439037,West Bengal,23.616919,86.553013,Radha Gobindo Temple,राधा गोविंद मंदिर,,,,,রাধা গোবিন্দ মন্দির,,,,http://commons.wikimedia.org/wiki/Special:FilePath/Cheliyama%20-%20Radha%20Gobindo%20Temple%20%284%29.jpg?width=640,,,,,,,State Protected Monument,,"Radhabinod Temple, Cheliyama",,http://commons.wikimedia.org/wiki/Special:FilePath/Cheliyama%20-%20Radha%20Gobindo%20Temple%20%284%29.jpg?width=640,CC BY-SA 3.0,Sumitsurai,,S-WB-99
Q66439240,West Bengal,23.511525,86.509772,"Brick Deul, Para","ईंट देउल, पारा",,,,,"ইটের দেউল, পাড়া",,,,http://commons.wikimedia.org/wiki/Special:FilePath/Brick%20Deul%20in%20Para%20village%20at%20Purulia%20district.jpg?width=640,,,,,,,State Protected Monument,,"Brick Deul, Para",,http://commons.wikimedia.org/wiki/Special:FilePath/Brick%20Deul%20in%20Para%20village%20at%20Purulia%20district.jpg?width=640,CC BY 4.0,Amitabha Gupta,,S-WB-97
Q66439262,West Bengal,23.239703,88.441489,Shyamchand temple,श्यामचंद मंदिर,,,,,শ্যামচাঁদ মন্দির,,,,http://commons.wikimedia.org/wiki/Special:FilePath/Shyamchand%20temple%20at%20Shantipur%20in%20Nadia%20district%2001.jpg?width=640,,,At-chala,,,,State Protected Monument,,"Shyamchand temple, Santipur",,http://commons.wikimedia.org/wiki/Special:FilePath/Shyamchand%20temple%20at%20Shantipur%20in%20Nadia%20district%2001.jpg?width=640,,,,S-WB-96
Q66439283,West Bengal,23.322180,88.452870,Raghabeswar Siva temple,,,,,,রাঘবেশ্বর শিব মন্দির,,,,http://commons.wikimedia.org/wiki/Special:FilePath/Charchala%20Raghabeswar%20temple%20at%20Diknagar%20in%20Nadia%20district%2001.jpg?width=640,,,,,,,State Protected Monument,,Raghabeswar temple,,http://commons.wikimedia.org/wiki/Special:FilePath/Charchala%20Raghabeswar%20temple%20at%20Diknagar%20in%20Nadia%20district%2001.jpg?width=640,CC BY 4.0,Amitabha Gupta,,S-WB-95
Q66439500,West Bengal,22.507325,87.355239,Mahamaya temple,महामाया मंदिर,,,,,মহামায়ার মন্দির,,,,http://commons.wikimedia.org/wiki/Special:FilePath/Bhagabati%20Mahamaya%20Temple%20at%20Karnagarh%20at%20Paschim%20Medinipur%20district%20In%20West%20Bengal%2003.jpg?width=640,,,Deul,,,,State Protected Monument,,"Mahamaya temple, Karnagarh",,http://commons.wikimedia.org/wiki/Special:FilePath/Bhagabati%20Mahamaya%20Temple%20at%20Karnagarh%20at%20Paschim%20Medinipur%20district%20In%20West%20Bengal%2003.jpg?width=640,CC BY 4.0,Amitabha Gupta,,S-WB-88
Q66453883,West Bengal,22.507244,87.355203,Dandeshwar temple,,,,,,,,,,http://commons.wikimedia.org/wiki/Special:FilePath/Anadilinga%20Dandeshwar%20Temple%20at%20Karnagarh%20at%20Paschim%20Medinipur%20district%20In%20West%20Bengal.jpg?width=640,,,Deul,,,,State Protected Monument,,"Dandeshwar temple, Karnagarh",,http://commons.wikimedia.org/wiki/Special:FilePath/Anadilinga%20Dandeshwar%20Temple%20at%20Karnagarh%20at%20Paschim%20Medinipur%20district%20In%20West%20Bengal.jpg?width=640,CC BY 4.0,Amitabha Gupta,,S-WB-87
Q66454659,West Bengal,22.604722,87.725000,Gopinath temple,,,,,,,,,,http://commons.wikimedia.org/wiki/Special:FilePath/Ekratna%20Gopinath%20temple%20at%20Daspur%20under%20Paschim%20Medinipur%20district%20in%20West%20Bengal%2001.jpg?width=640,,,Ek-ratna,,,,State Protected Monument,,"Gopinath Temple, Daspur",,http://commons.wikimedia.org/wiki/Special:FilePath/Ekratna%20Gopinath%20temple%20at%20Daspur%20under%20Paschim%20Medinipur%20district%20in%20West%20Bengal%2001.jpg?width=640,CC BY 4.0,Amitabha Gupta,,S-WB-86
Q66455243,West Bengal,22.565711,87.729939,Gopinath temple,,,,,,,,,,http://commons.wikimedia.org/wiki/Special:FilePath/Ek%20Ratna%20Gopinath%20Temple%20at%20Radhakantapur%20under%20Daspur%20Police%20Station%20at%20Paschim%20Medinipur%20district%20in%20West%20Bengal%2028.jpg?width=640,,,Ek-ratna,,,,State Protected Monument,,"Gopinath temple, Radhakantapur",,http://commons.wikimedia.org/wiki/Special:FilePath/Ek%20Ratna%20Gopinath%20Temple%20at%20Radhakantapur%20under%20Daspur%20Police%20Station%20at%20Paschim%20Medinipur%20district%20in%20West%20Bengal%2028.jpg?width=640,CC BY 4.0,Amitabha Gupta,,S-WB-84
Q66456982,West Bengal,22.526389,87.738889,Radhagovinda - Radharaman temple,राधागोविंद - राधारमण मंदिर,,,,,রাধাগোবিন্দ - রাধারমণ মন্দির,,,,http://commons.wikimedia.org/wiki/Special:FilePath/Radha%20Govinda%20Temple%20%28Chechua%29%20Gobindanagar%20West%20Medinipore.jpg?width=640,,,,,,,State Protected Monument,,"Radha Gobinda temple, Gobindanagar",,http://commons.wikimedia.org/wiki/Special:FilePath/Radha%20Govinda%20Temple%20%28Chechua%29%20Gobindanagar%20West%20Medinipore.jpg?width=640,,,,S-WB-80
Q66456993,Maharashtra,20.864007,77.235009,Temple of Anandeshwar,,,,,,,,,,http://commons.wikimedia.org/wiki/Special:FilePath/Anandeshwar%20Temple%20Lasur.jpg?width=640,,,,,,,Monument of National Importance,,Temple of Anandeshwar,,http://commons.wikimedia.org/wiki/Special:FilePath/Anandeshwar%20Temple%20Lasur.jpg?width=640,CC BY-SA 4.0,Ganesh Dhamodkar,,N-MH-N17
Q66456995,West Bengal,22.738200,87.518900,Santinath Siva temple,,,,,,শান্তিনাথ শিব মন্দির,,,,http://commons.wikimedia.org/wiki/Special:FilePath/Santinath%20Siva%20temple%20at%20Mitrasenpur%20area%20of%20Chandrakona%20town%20in%20Ghatal%20subdivision%20of%20Paschim%20Medinipur%20district%20Of%20West%20Benga%2013.jpg?width=640,,,Navaratna,,,1828-01-01T00:00:00Z,State Protected Monument,,"Shantinath Shiva temple, Chandrakona",https://upload.wikimedia.org/wikipedia/commons/c/ce/Santinath_Siva_temple_at_Mitrasenpur_area_of_Chandrakona_town_in_Ghatal_subdivision_of_Paschim_Medinipur_district_Of_West_Benga_13.jpg,https://upload.wikimedia.org/wikipedia/commons/c/ce/Santinath_Siva_temple_at_Mitrasenpur_area_of_Chandrakona_town_in_Ghatal_subdivision_of_Paschim_Medinipur_district_Of_West_Benga_13.jpg,,,https://en.wikipedia.org/wiki/Shantinath_Shiva_Temple,S-WB-78
Q66457003,West Bengal,21.845381,87.780711,Jagannath temple,जगन्नाथ मंदिर,,,,,জগন্নাথ মন্দির,,,,http://commons.wikimedia.org/wiki/Special:FilePath/Jagannath%20Deul%20temple%20at%20Dihi%20Bahiri%20under%20Purba%20Medinipur%20district%20in%20West%20Bengal%2003.jpg?width=640,,,Deul,,,,State Protected Monument,,"Jagannath temple, Dihibahiri",,http://commons.wikimedia.org/wiki/Special:FilePath/Jagannath%20Deul%20temple%20at%20Dihi%20Bahiri%20under%20Purba%20Medinipur%20district%20in%20West%20Bengal%2003.jpg?width=640,CC BY 4.0,Amitabha Gupta,,S-WB-76
Q66457007,West Bengal,22.349169,87.275897,Dakshinakali temple,दक्षिणकाली मंदिर,,,,,দক্ষিণকালী মন্দির,,,,http://commons.wikimedia.org/wiki/Special:FilePath/Aatchala%20Dakshina%20Kali%20temple%20at%20Malancha%20at%20Paschim%20Medinipur%20district%20in%20West%20Bengal%2003.jpg?width=640,,,At-chala,,,,State Protected Monument,,"Dakshina Kali temple, Malancha",,http://commons.wikimedia.org/wiki/Special:FilePath/Aatchala%20Dakshina%20Kali%20temple%20at%20Malancha%20at%20Paschim%20Medinipur%20district%20in%20West%20Bengal%2003.jpg?width=640,CC BY 4.0,Amitabha Gupta,,S-WB-75
Q66493567,Maharashtra,18.507950,74.703926,Baleshwar Temple,,,,,,,,,,http://commons.wikimedia.org/wiki/Special:FilePath/Indien2012%201075%20Pedgaon%20Baleshwar.JPG?width=640,,,,,,,Monument of National Importance,,"Baleshwar temple at Ahmednagar, Maharashtra",,http://commons.wikimedia.org/wiki/Special:FilePath/Indien2012%201075%20Pedgaon%20Baleshwar.JPG?width=640,CC BY-SA 3.0,Glasreifen,,N-MH-A21
Q66598395,Karnataka,16.010583,75.879000,Galaganatha Temples Aihole -2,,,,,,,,,,http://commons.wikimedia.org/wiki/Special:FilePath/A%20temple%20of%20Galaganatha%20group%20%282%29.JPG?width=640,,,,,,,Monument of National Importance,,ASI Monument Karnataka,,http://commons.wikimedia.org/wiki/Special:FilePath/A%20temple%20of%20Galaganatha%20group%20%282%29.JPG?width=640,CC BY-SA 3.0,Naane.naanu,,N-KA-D44
Q66619211,Karnataka,16.020500,75.881083,Basavanna Temple Aihole,,,,,,,,,,http://commons.wikimedia.org/wiki/Special:FilePath/Temple%20at%20Aihole.jpg?width=640,,,,,,,Monument of National Importance,,ASI Monument Karnataka,,http://commons.wikimedia.org/wiki/Special:FilePath/Temple%20at%20Aihole.jpg?width=640,,,,N-KA-D49
Q66662123,Uttar Pradesh,25.264161,79.843033,Rahiliya temple,,,,,,,,,,http://commons.wikimedia.org/wiki/Special:FilePath/Rahiliya%20Sagar%20Sun%20temple.jpg?width=640,,,,,,,Monument of National Importance,,Rahiliya Temple,,http://commons.wikimedia.org/wiki/Special:FilePath/Rahiliya%20Sagar%20Sun%20temple.jpg?width=640,,,,N-UP-L338
Q6668599,Odisha,20.256111,85.838333,Bhaskareswar Temple,,,,ಭಸ್ಕರೆಶ್ವರ ದೇವಸ್ಥಾನ,,ভাস্করেশ্বর মন্দির,ଭାସ୍କରେଶ୍ୱର ମନ୍ଦିର,,,http://commons.wikimedia.org/wiki/Special:FilePath/Bhaskareswar%20Temple%20Bhubaneswar%20Odisha%20File2.jpg?width=640,Shiva,,,,,,Monument of National Importance,,Bhaskareswar temple,,http://commons.wikimedia.org/wiki/Special:FilePath/Bhaskareswar%20Temple%20Bhubaneswar%20Odisha%20File2.jpg?width=640,CC BY-SA 4.0,রবিরশ্মি রায়,,N-OR-45
Q66793721,West Bengal,26.543056,88.918611,Jatileswar Siva temple,,,,,,,,,,http://commons.wikimedia.org/wiki/Special:FilePath/Jatileswar%20Temple.jpg?width=640,,,,,,,State Protected Monument,,Jatileswar Temple,https://upload.wikimedia.org/wikipedia/commons/c/c1/Jatileswar_Temple.jpg,https://upload.wikimedia.org/wikipedia/commons/c/c1/Jatileswar_Temple.jpg,CC BY-SA 4.0,Hulksr51,https://en.wikipedia.org/wiki/Jatileswar_Temple,S-WB-68
Q66793735,West Bengal,22.840000,87.828333,Kanakeswar Shiva temple,,,,,,কনকেশ্বর শিব মন্দির,,,,http://commons.wikimedia.org/wiki/Special:FilePath/Kanakeshwar%20Shiva%20temple%20of%20Arambagh%20PS%20in%20the%20district%20of%20Hooghly.%2006.jpg?width=640,,,Ek-ratna,,,,State Protected Monument,,"Kanakeshwar Shiva Temple, Kanpur, Hooghly",,http://commons.wikimedia.org/wiki/Special:FilePath/Kanakeshwar%20Shiva%20temple%20of%20Arambagh%20PS%20in%20the%20district%20of%20Hooghly.%2006.jpg?width=640,CC BY-SA 4.0,SuvadipSanyal,,S-WB-65
Q66794124,West Bengal,23.033889,88.110556,Nandadulaljiu temple,,,,,,,,,,http://commons.wikimedia.org/wiki/Special:FilePath/Nandadulal%20Jew%20Temple%20at%20Gurap.jpg?width=640,,,At-chala,,,,State Protected Monument,,"Nandadulal Temple, Gurap",,http://commons.wikimedia.org/wiki/Special:FilePath/Nandadulal%20Jew%20Temple%20at%20Gurap.jpg?width=640,CC BY-SA 4.0,Amitabha Gupta,,S-WB-63
Q66794301,West Bengal,22.701389,88.087222,Raj Rajeshwar temple,,,,,,,,,,http://commons.wikimedia.org/wiki/Special:FilePath/20150501%20135312%20Raj%20Rajeswar%20temple%20at%20Kotalpur.jpg?width=640,,,Char-chala,,,,State Protected Monument,,"Raj Rajeshwar Temple, Kotalpur",,http://commons.wikimedia.org/wiki/Special:FilePath/20150501%20135312%20Raj%20Rajeswar%20temple%20at%20Kotalpur.jpg?width=640,CC BY-SA 3.0,Soumendudas1983,,S-WB-62
Q66794554,West Bengal,22.773611,88.046667,Antpur Radhagovindjiu Temple,,,,,,রাধাগোবিন্দজিউ মন্দির,,,,http://commons.wikimedia.org/wiki/Special:FilePath/Radha%20Gobind%20Jiu%20Temple%20Antpur%20West%20Bengal.jpg?width=640,,,At-chala,,,1786-01-01T00:00:00Z,State Protected Monument,,Antpur Radhagovindjiu Temple,,http://commons.wikimedia.org/wiki/Special:FilePath/Radha%20Gobind%20Jiu%20Temple%20Antpur%20West%20Bengal.jpg?width=640,,,,S-WB-60
Q66795006,West Bengal,22.806772,87.767653,Jorbangla Navaratna Durga temple,,,,,,জোড়বাংলা নবরত্ন দুর্গা মন্দির,,,,http://commons.wikimedia.org/wiki/Special:FilePath/Jor%20Bangla%20temple%20of%20Durga%20with%20Navaratna%20tower%20at%20Bally%20Dewangunj%20village%20in%20Hooghly%20District.jpg?width=640,Durga,,Navaratna,,,,State Protected Monument,,"Durga Temple, Bali Dewanganj",,http://commons.wikimedia.org/wiki/Special:FilePath/Jor%20Bangla%20temple%20of%20Durga%20with%20Navaratna%20tower%20at%20Bally%20Dewangunj%20village%20in%20Hooghly%20District.jpg?width=640,CC BY-SA 4.0,Amitabha Gupta,,S-WB-58
Q66809912,West Bengal,22.761111,88.335833,Gourchandra and Krishnachandra temples,,,,,,,,,,http://commons.wikimedia.org/wiki/Special:FilePath/Temple%20%28Gourchandra%20%26%20Krishnachandra%29.jpg?width=640,,,,,,,State Protected Monument,,Gourchandra and Krishnachandra temples,,http://commons.wikimedia.org/wiki/Special:FilePath/Temple%20%28Gourchandra%20%26%20Krishnachandra%29.jpg?width=640,,,,S-WB-55
Q66809941,West Bengal,22.793333,88.066667,Rajrajeshwar temple,,,,,,,,,,http://commons.wikimedia.org/wiki/Special:FilePath/Rajrajeshwar%20Temple%2C%20Dwarhatta%2C%20Hooghly%2002.jpg?width=640,,,At-chala,,,,State Protected Monument,,"Rajrajeshwar temple, Dwarhatta",,http://commons.wikimedia.org/wiki/Special:FilePath/Rajrajeshwar%20Temple%2C%20Dwarhatta%2C%20Hooghly%2002.jpg?width=640,,,,S-WB-52
Q66809965,West Bengal,22.746944,88.355556,Henry Martyn's Pagoda,,,,,,হেনরি মার্টিনের ভাঙা মন্দির,,,,http://commons.wikimedia.org/wiki/Special:FilePath/Henry%20Martin%27s%20Pagoda%20at%20Serampore%20in%20Hooghly%20district.jpg?width=640,,,,,,,State Protected Monument,,Henry Martyn's Pagoda,,http://commons.wikimedia.org/wiki/Special:FilePath/Henry%20Martin%27s%20Pagoda%20at%20Serampore%20in%20Hooghly%20district.jpg?width=640,CC BY-SA 4.0,Mukut Tapadar,,S-WB-51
Q66809979,West Bengal,26.399063,89.497535,Baneshwar Shiva temple,,,,,,,,,,http://commons.wikimedia.org/wiki/Special:FilePath/Baneshwar%20Shiva%20Temple%20at%20Cooch%20Behar%20District%20in%20West%20Bengal%2012.jpg?width=640,,,,,,,State Protected Monument,,"Baneshwar Shiva temple, Cooch Behar district",https://upload.wikimedia.org/wikipedia/commons/8/8a/Baneshwar_Shiva_Temple_at_Cooch_Behar_District_in_West_Bengal_05.jpg,https://upload.wikimedia.org/wikipedia/commons/8/8a/Baneshwar_Shiva_Temple_at_Cooch_Behar_District_in_West_Bengal_05.jpg,CC BY 4.0,Amitabha Gupta,https://en.wikipedia.org/wiki/Baneswar_Shiva_Temple,S-WB-50
Q66809983,West Bengal,26.135068,89.362244,Kamteswari temple,,,,,,,,,,http://commons.wikimedia.org/wiki/Special:FilePath/Kamteswari%20temple%20in%20Gosanimari%2003.jpg?width=640,,,,,,,State Protected Monument,,"Kamteshwari temple, Khalisa Gosanimari",https://upload.wikimedia.org/wikipedia/commons/1/14/Gosanimari_Kamteshwari_Temple_at_Cooch_Behar_District_In_West_Bengal_11.jpg,https://upload.wikimedia.org/wikipedia/commons/1/14/Gosanimari_Kamteshwari_Temple_at_Cooch_Behar_District_In_West_Bengal_11.jpg,CC BY 4.0,Amitabha Gupta,https://en.wikipedia.org/wiki/Kamteswari_Temple,S-WB-49
Q66809993,West Bengal,23.090292,88.118078,Madan Gopal temple,,,,,,,,,,http://commons.wikimedia.org/wiki/Special:FilePath/Deul%20of%20Madangopal%20with%20Char-chala%20octagonal%20porch%20of%20Adhikari%20family%20at%20Kulingarm%20of%20Purba%20Bardhaman%20district%20in%20West%20Bengal%2009.jpg?width=640,,,,,,,State Protected Monument,,"Madangopal temple, Kulingram",,http://commons.wikimedia.org/wiki/Special:FilePath/Deul%20of%20Madangopal%20with%20Char-chala%20octagonal%20porch%20of%20Adhikari%20family%20at%20Kulingarm%20of%20Purba%20Bardhaman%20district%20in%20West%20Bengal%2009.jpg?width=640,CC BY 4.0,Amitabha Gupta,,S-WB-45
Q66810001,West Bengal,23.140320,88.055767,Kashinath Siva temple,काशीनाथ शिव मंदिर,,,,,কাশীনাথ শিব মন্দির,,,,http://commons.wikimedia.org/wiki/Special:FilePath/Ajhapur%20Kashinath%20Shiva%20Aatchala%20Temple%20of%20Mitra%20family%20at%20Purba%20Bardhaman%20district%2016.jpg?width=640,,,At-chala,,,,State Protected Monument,,"Kashinath Shiva temple, Ajhapur",,http://commons.wikimedia.org/wiki/Special:FilePath/Ajhapur%20Kashinath%20Shiva%20Aatchala%20Temple%20of%20Mitra%20family%20at%20Purba%20Bardhaman%20district%2016.jpg?width=640,CC BY 4.0,Amitabha Gupta,,S-WB-44
Q66810022,West Bengal,23.385000,87.807500,Banpash Siva temple,,,,,,,,,,http://commons.wikimedia.org/wiki/Special:FilePath/Octogonal%20Shiva%20Temple%20Bonpas%20Kamarpara.JPG?width=640,,,,,,,State Protected Monument,,"Shiva temple, Bonpas",,http://commons.wikimedia.org/wiki/Special:FilePath/Octogonal%20Shiva%20Temple%20Bonpas%20Kamarpara.JPG?width=640,,,,S-WB-40
Q66810161,West Bengal,23.206667,88.087778,Gopal temple,,,,,,,,,,http://commons.wikimedia.org/wiki/Special:FilePath/Madan%20Gopal%20Temple%20at%20Amadpur%2C%20Purba%20Bardhaman%20district.jpg?width=640,,,,,,,State Protected Monument,,Madan Gopal Temple Amadpur,,http://commons.wikimedia.org/wiki/Special:FilePath/Madan%20Gopal%20Temple%20at%20Amadpur%2C%20Purba%20Bardhaman%20district.jpg?width=640,CC BY 4.0,Amitabha Gupta,,S-WB-34
Q66810174,West Bengal,23.674386,87.873261,Four Siva temples at Uchkaran,,,,,,,,,,http://commons.wikimedia.org/wiki/Special:FilePath/Four%20Shiva%20Temples%20at%20Uchkaran%20at%20Uchkaran%20at%20Birbhum%20district%20in%20West%20Bengal%2002.jpg?width=640,,,Char-chala,,,,State Protected Monument,,"Four Shiva temples, Uchkaran",,http://commons.wikimedia.org/wiki/Special:FilePath/Four%20Shiva%20Temples%20at%20Uchkaran%20at%20Uchkaran%20at%20Birbhum%20district%20in%20West%20Bengal%2002.jpg?width=640,CC BY-SA 4.0,Amitabha Gupta,,S-WB-32
Q66810177,West Bengal,,,Chand Roy temple,,,,,,,,,,http://commons.wikimedia.org/wiki/Special:FilePath/Chand%20Roy%20temple%20at%20Uchkaran.jpg?width=640,,,,,,,State Protected Monument,,,,http://commons.wikimedia.org/wiki/Special:FilePath/Chand%20Roy%20temple%20at%20Uchkaran.jpg?width=640,CC BY-SA 3.0,Amitabha Gupta,,S-WB-31
Q66810209,West Bengal,24.076589,87.701733,Malleswar Siva temple,,,,,,,,,,http://commons.wikimedia.org/wiki/Special:FilePath/Temple%20complex%20of%20Malleswara%20at%20Mallarpur%20in%20Birbhum%20district%2003.jpg?width=640,,,,,,,State Protected Monument,,"Malleshwar temple complex, Mallarpur",,http://commons.wikimedia.org/wiki/Special:FilePath/Temple%20complex%20of%20Malleswara%20at%20Mallarpur%20in%20Birbhum%20district%2003.jpg?width=640,,,,S-WB-29
Q66810213,West Bengal,23.658839,87.494289,Raghunathji temple,रघुनाथजी मंदिर,,,,,রঘুনাথজির মন্দির,,,,http://commons.wikimedia.org/wiki/Special:FilePath/Charchala%20temple%20of%20Raghunathjee%20at%20Ghurisha%20village%20in%20Birbhum%20district.%2003.jpg?width=640,,,Char-chala,,,,State Protected Monument,,"Raghunath temple, Ghurisha",,http://commons.wikimedia.org/wiki/Special:FilePath/Charchala%20temple%20of%20Raghunathjee%20at%20Ghurisha%20village%20in%20Birbhum%20district.%2003.jpg?width=640,CC BY 4.0,Amitabha Gupta,,S-WB-28
Q66810642,West Bengal,23.776389,87.398611,Chandranath Siva temple,,,,,,,,,,http://commons.wikimedia.org/wiki/Special:FilePath/Chandranath%20Shiva%20temple%20of%20Hetampur%20in%20Birbhum%20district%2048.jpg?width=640,,,,,,,State Protected Monument,,"Chandranath Shiva Temple, Hetampur",,http://commons.wikimedia.org/wiki/Special:FilePath/Chandranath%20Shiva%20temple%20of%20Hetampur%20in%20Birbhum%20district%2048.jpg?width=640,CC BY-SA 4.0,SuvadipSanyal,,S-WB-23
Q66810957,West Bengal,23.627108,87.538689,Gouranga temple,,,,,,,,,,http://commons.wikimedia.org/wiki/Special:FilePath/Hath-tala%20Mahaprabhu%20Temple%20at%20Illambazar%20at%20Birbum%20district%20in%20West%20Bengal%2003.jpg?width=640,,,,,,,State Protected Monument,,"Mahaprabhu temple, Ilambazar",,http://commons.wikimedia.org/wiki/Special:FilePath/Hath-tala%20Mahaprabhu%20Temple%20at%20Illambazar%20at%20Birbum%20district%20in%20West%20Bengal%2003.jpg?width=640,CC BY-SA 4.0,Amitabha Gupta,,S-WB-19
Q66811697,West Bengal,23.628894,87.686505,Octagonal Siva temple at Supur,सुपुर में अष्टकोणीय शिव मंदिर,,,,,সুপুরে অষ্টভুজা শিব মন্দির,,,,http://commons.wikimedia.org/wiki/Special:FilePath/Octogonal%20Shiva%20Temple%20at%20Supur.jpg?width=640,,,Deul,,,,State Protected Monument,,"Octagonal Shiva Mandir, Supur",,http://commons.wikimedia.org/wiki/Special:FilePath/Octogonal%20Shiva%20Temple%20at%20Supur.jpg?width=640,,,,S-WB-16
Q66812135,West Bengal,22.936931,88.414628,Nandakishore Temple,,,,,,নন্দকিশোর মন্দির,,,,http://commons.wikimedia.org/wiki/Special:FilePath/Nandakishore%20temple%20in%20Halisahar%20in%20North%2024%20Parganas%2C%20West%20Bengal%2000.jpg?width=640,,,At-chala,,,1743-01-01T00:00:00Z,State Protected Monument,,"Nandakishore temple, Halisahar",,http://commons.wikimedia.org/wiki/Special:FilePath/Nandakishore%20temple%20in%20Halisahar%20in%20North%2024%20Parganas%2C%20West%20Bengal%2000.jpg?width=640,,,,S-WB-1
Q66816501,Uttar Pradesh,25.294209,82.998601,Guradham Mandir,,,,,,,,,,http://commons.wikimedia.org/wiki/Special:FilePath/Guradham%20Mandir.jpg?width=640,,,,,,,State Protected Monument,,Gurudham Temple,,http://commons.wikimedia.org/wiki/Special:FilePath/Guradham%20Mandir.jpg?width=640,CC BY-SA 3.0,Semra Kikić,,S-UP-141
Q66816510,Uttar Pradesh,25.268383,82.958237,Kardmeshwar Mahadeva Mandir,,,,,,,,,,http://commons.wikimedia.org/wiki/Special:FilePath/Chaukhandi%20Stupa%202.jpg?width=640,Shiva,,,,,,State Protected Monument,,Kardameshwar Mahadev Temple,,http://commons.wikimedia.org/wiki/Special:FilePath/Chaukhandi%20Stupa%202.jpg?width=640,CC BY-SA 4.0,Sonalyadav1234,,S-UP-140
Q66817646,Rajasthan,,,Toda and Digambaro Ki Jain Chhatries,,,,,,,,,,http://commons.wikimedia.org/wiki/Special:FilePath/Inside%20View%20Toda%20and%20Digambaro%20Ki%20Jain%20Chhatries.jpg?width=640,,,,,,,State Protected Monument,,,,http://commons.wikimedia.org/wiki/Special:FilePath/Inside%20View%20Toda%20and%20Digambaro%20Ki%20Jain%20Chhatries.jpg?width=640,CC BY-SA 4.0,Adityavijayavargia,,S-RJ-3
Q6726461,West Bengal,22.465556,87.903333,Madangopal-jiu Temple,मदनगोपाल जीउ मन्दिर,,,,,মদনগোপাল জীউ মন্দির,,,,http://commons.wikimedia.org/wiki/Special:FilePath/Madangopal%20jiu%20temple%2C%20Mellak.jpg?width=640,,,At-chala,,,1651-01-01T00:00:00Z,State Protected Monument,,"Madangopaljiu temple, Mellock",https://upload.wikimedia.org/wikipedia/commons/b/b4/Madangopal_jiu_temple%2C_Mellak.jpg,https://upload.wikimedia.org/wikipedia/commons/b/b4/Madangopal_jiu_temple%2C_Mellak.jpg,CC BY-SA 4.0,Tamravidhir,https://en.wikipedia.org/wiki/Madangopal_Jiu_Temple,S-WB-67
Q67319416,West Bengal,23.525431,88.170839,Temple complex of Chanda family,,,,,,,,,,http://commons.wikimedia.org/wiki/Special:FilePath/Three%20temples%20of%20Chanda%20family%20at%20Sribati%20in%20Purba%20Bardhaman%20district%2001.jpg?width=640,,,,,,,State Protected Monument,,"Temple complex of Chanda family, Sribati",,http://commons.wikimedia.org/wiki/Special:FilePath/Three%20temples%20of%20Chanda%20family%20at%20Sribati%20in%20Purba%20Bardhaman%20district%2001.jpg?width=640,,,,S-WB-38
Q6732753,Goa,15.439072,74.252555,"Mahadev Temple, Tambdi Surla",,"மகாதேவன் கோயில், தம்ப்தி சுர்லா","మహాదేవ్ ఆలయం, తాంబ్డి సుర్లా",,,,"ମହାଦେବ ମନ୍ଦିର, ତାମ୍ବଡ଼ି ସୁରଲା",,,http://commons.wikimedia.org/wiki/Special:FilePath/Tambdi%20Surla%20Mahadev%20temple.JPG?width=640,Shiva,,,,Hemādri,,Monument of National Importance,,"Mahadev Temple, Tambdi Surla",https://upload.wikimedia.org/wikipedia/commons/7/78/Shri_Mahadev_Temple%2C_Tambdi_Surla%2C_Goa.jpg,https://upload.wikimedia.org/wikipedia/commons/7/78/Shri_Mahadev_Temple%2C_Tambdi_Surla%2C_Goa.jpg,,,"https://en.wikipedia.org/wiki/Mahadev_Temple,_Tambdi_Surla",N-GA-21
Q6732769,Karnataka,15.445361,75.967917,"Mahadeva Temple, Itagi","महादेव मंदिर, इतगी",குக்கனூர் கல்லேஸ்வரம்,"మహాదేవ ఆలయం, ఇటగి","ಮಹಾದೇವ ದೇವಸ್ಥಾನ, ಇಟಗಿ","മഹാദേവ ക്ഷേത്രം, ഇറ്റാഗി","মহাদেব মন্দির, ইতগী","ମହାଦେବ ମନ୍ଦିର, ଇତାଗି",,,http://commons.wikimedia.org/wiki/Special:FilePath/Rear%20view%20showing%20lateral%20entrances%20of%20the%20Mahadeva%20Temple%20at%20Itagi%20in%20the%20Koppal%20district.JPG?width=640,Shiva,,,,,,Monument of National Importance,,"Mahadeva Temple, Itagi",https://upload.wikimedia.org/wikipedia/commons/f/f2/Rear_view_showing_lateral_entrances_of_the_Mahadeva_Temple_at_Itagi_in_the_Koppal_district.JPG,https://upload.wikimedia.org/wikipedia/commons/f/f2/Rear_view_showing_lateral_entrances_of_the_Mahadeva_Temple_at_Itagi_in_the_Koppal_district.JPG,,,"https://en.wikipedia.org/wiki/Mahadeva_Temple,_Itagi",N-KA-D295
Q6733045,Chhattisgarh,22.883000,82.159000,"Mahamaya Temple, Ratanpur","महामाया मंदिर,रतनपुर,बिलासपुर",,మహామాయ ఆలయం,,,,ମହାମାୟା ମନ୍ଦିର,,,http://commons.wikimedia.org/wiki/Special:FilePath/0010722%2011th%20century%20Ratanpur%20Mahamaya%20Temple%20Chhattisgarh%20051.jpg?width=640,,,,,,,State Protected Monument,,"Mahamaya Temple, Ratanpur",https://upload.wikimedia.org/wikipedia/commons/a/a2/Ratanpur_Mahamaya_Temple.jpg,https://upload.wikimedia.org/wikipedia/commons/a/a2/Ratanpur_Mahamaya_Temple.jpg,,,https://en.wikipedia.org/wiki/Mahamaya_Temple,S-CT-7
Q6733462,Uttarakhand,30.971278,77.927778,"Mahasu Devta Temple, Hanol","महासू देवता मंदिर, हणोल",,,,,,,,,http://commons.wikimedia.org/wiki/Special:FilePath/Mahasu%20Devta%2C%20Hanol.%20Uttarakhand.jpg?width=640,,,,,,,Monument of National Importance,,Mahasu Devta Temple,https://upload.wikimedia.org/wikipedia/commons/3/36/Mahasu_Devta%2C_Hanol._Uttarakhand.jpg,https://upload.wikimedia.org/wikipedia/commons/3/36/Mahasu_Devta%2C_Hanol._Uttarakhand.jpg,CC BY-SA 4.0,Gagandeepsinghddn,https://en.wikipedia.org/wiki/Mahasu_Devta_Temple,N-UT-32
Q6744203,Karnataka,12.710225,76.816956,"Mallikarjuna Temple, Basaralu",,,,,,"মল্লিকার্জুন মন্দির, বাসরালু",,,,http://commons.wikimedia.org/wiki/Special:FilePath/Mallikarjuna%20Temple%20at%20Basaral.jpg?width=640,Shiva,,,,,,Monument of National Importance,,"Mallikarjuna Temple, Basaralu",https://upload.wikimedia.org/wikipedia/commons/8/82/Mallikarjuna_Temple_at_Basaral.jpg,https://upload.wikimedia.org/wikipedia/commons/8/82/Mallikarjuna_Temple_at_Basaral.jpg,CC BY-SA 3.0,Dineshkannambadi (talk),"https://en.wikipedia.org/wiki/Mallikarjuna_Temple,_Basaralu",N-KA-B137
Q67648120,Odisha,20.895796,82.827939,Nrusinghanath Temple,,,,,,,,,,http://commons.wikimedia.org/wiki/Special:FilePath/NrusinghnathShrine.JPG?width=640,,,,,,,State Protected Monument,,Nrusinghanath Temple,https://upload.wikimedia.org/wikipedia/commons/1/1b/Nrusinghanath_Temple.JPG,https://upload.wikimedia.org/wikipedia/commons/1/1b/Nrusinghanath_Temple.JPG,,,https://en.wikipedia.org/wiki/Nrusinghanath_Temple,S-OR-12
Q6774201,Jammu and Kashmir,33.745400,75.219990,Martand Sun Temple,मार्तंड (सूर्य) मंदिर,மார்தாண்ட சூரியன் கோயில்,మార్తాండ దేవాలయం,,മാർത്താണ്ഡ സൂര്യക്ഷേത്രം,মার্তণ্ড সূর্য মন্দির,,,,http://commons.wikimedia.org/wiki/Special:FilePath/Martand%20Sun%20Temple%20Central%20shrine%20%286133772365%29.jpg?width=640,Mārtanda,Hinduism,Greco-Buddhist art,,,,Monument of National Importance,,"Sun Temple, Martand",https://upload.wikimedia.org/wikipedia/commons/2/20/Martand_Sun_Temple_Central_shrine_%286133772365%29.jpg,https://upload.wikimedia.org/wikipedia/commons/2/20/Martand_Sun_Temple_Central_shrine_%286133772365%29.jpg,CC BY 2.0,"Varun Shiv Kapur from New Delhi, India",https://en.wikipedia.org/wiki/Martand_Sun_Temple,N-JK-2
Q6786058,Tamil Nadu,12.835664,79.708250,Madhangeeswarar Temple,,காஞ்சிபுரம் மதங்கீசுவரர் கோயில்,,ಮಾತಂಗೇಶ್ವರ  ದೇವಾಲಯ,,,,,,http://commons.wikimedia.org/wiki/Special:FilePath/Matangesvara%20Temple.JPG?width=640,,,,,,,Monument of National Importance,,"Madhangeeswarar Temple, Kanchipuram",https://upload.wikimedia.org/wikipedia/commons/2/2f/Matangesvara_Temple.JPG,https://upload.wikimedia.org/wikipedia/commons/2/2f/Matangesvara_Temple.JPG,CC BY-SA 3.0,Gautamoncloud9,https://en.wikipedia.org/wiki/Madhangeeswarar_Temple,N-TN-C149
Q68284409,Karnataka,15.332114,76.470156,Achyutaraya temple,,,,,,,,,,http://commons.wikimedia.org/wiki/Special:FilePath/Hampi%2C%20India%2C%20The%20main%20gate%20arch%20of%20Achyutaraya%20temple%20complex.jpg?width=640,,,,,,,Monument of National Importance,,Achyutaraya Temple,,http://commons.wikimedia.org/wiki/Special:FilePath/Hampi%2C%20India%2C%20The%20main%20gate%20arch%20of%20Achyutaraya%20temple%20complex.jpg?width=640,CC BY 4.0,Vyacheslav Argenberg,,N-KA-B68
Q68286065,Karnataka,15.317779,76.468803,Hazara Rama temple,,,,,,,,,,http://commons.wikimedia.org/wiki/Special:FilePath/Hampi%2C%20Hazararama%20Temple%20%286338545206%29.jpg?width=640,,,,,,,Monument of National Importance,,Hazara Rama Temple,,http://commons.wikimedia.org/wiki/Special:FilePath/Hampi%2C%20Hazararama%20Temple%20%286338545206%29.jpg?width=640,CC BY 2.0,Arian Zwegers,,N-KA-B31-a
Q6933613,Tamil Nadu,12.828145,79.707565,"Muktheshwarar Temple, Kanchipuram",,"முக்தேசுவரர் கோயில், காஞ்சிபுரம்",,,,,,,,http://commons.wikimedia.org/wiki/Special:FilePath/Muktheeswarer%20temple%2001.jpg?width=640,,,,,,,Monument of National Importance,,"Muktheshwarar Temple, Kanchipuram",https://upload.wikimedia.org/wikipedia/commons/1/1e/Muktheeswarer_temple_01.jpg,https://upload.wikimedia.org/wikipedia/commons/1/1e/Muktheeswarer_temple_01.jpg,CC BY-SA 4.0,Nandhinikandhasamy,"https://en.wikipedia.org/wiki/Muktheshwarar_Temple,_Kanchipuram",N-TN-C150
Q6935790,Bihar,24.983396,83.564694,Mundeshwari Temple,मुंडेश्वरी मंदिर,முந்தேசுசுவரி கோயில்,ముండేశ్వరి ఆలయం,ಮುಂಡೇಶ್ವರಿ ದೇವಾಲಯ,മുൻഡേശ്വരി ടെംപിൾ,মুন্ডেশ্বরী মন্দির,,,મુંડેશ્વરી દેવી મંદિર,http://commons.wikimedia.org/wiki/Special:FilePath/Maa%20Mundeshwari%20Devi.jpg?width=640,,,,,,,Monument of National Importance,,Mundeshwari Temple,https://upload.wikimedia.org/wikipedia/commons/6/6d/Maa_Mundeshwari_Devi.jpg,https://upload.wikimedia.org/wikipedia/commons/6/6d/Maa_Mundeshwari_Devi.jpg,CC BY-SA 3.0,Lakshya,https://en.wikipedia.org/wiki/Mundeshwari_Temple,N-BR-31
Q6982513,Gujarat,21.883611,69.761667,"Navlakha Temple, Ghumli",,நவ்லாகா கோவில்,,,"നാവ്ലഖ ക്ഷേത്രം, ഖുംളി",,"ନବଲକ୍ଷ ମନ୍ଦିର, ଘୁମଲି",,"નવલખા મંદિર, ઘુમલી",http://commons.wikimedia.org/wiki/Special:FilePath/Navlakha%20arial%20view%2002.jpg?width=640,,,,,,,State Protected Monument,,"Navlakha Temple, Ghumli",https://upload.wikimedia.org/wikipedia/commons/8/80/Navlakha_arial_view_03.jpg,https://upload.wikimedia.org/wikipedia/commons/8/80/Navlakha_arial_view_03.jpg,,,https://en.wikipedia.org/wiki/Navlakha_temple,S-GJ-87
Q6987338,Assam,26.710000,93.960000,Negheriting Shiva Doul,,,నేఘేరిటిన్ శివ దౌల్,,,নেঘেরিটিং শিবদৌল,ନେଘେରିଟିଂ ଶିବ ଦୌଲ,,,http://commons.wikimedia.org/wiki/Special:FilePath/%E0%A6%A8%E0%A7%87%E0%A6%98%E0%A7%87%E0%A7%B0%E0%A6%BF%E0%A6%9F%E0%A6%BF%E0%A6%82%20%E0%A6%A6%27%E0%A6%B2%E0%A7%B0%20%E0%A6%8F%E0%A6%95%20%E0%A6%A6%E0%A7%83%E0%A6%B6%E0%A7%8D%E0%A6%AF%20%E0%A6%B8%E0%A6%A8%E0%A7%8D%E0%A6%AE%E0%A7%81%E0%A6%96%E0%A7%B0%20%E0%A6%AA%E0%A7%B0%E0%A6%BE%2C%20A%20frontside%20view%20of%20Negheriting%20Dol%2C%20one%20of%20the%20most%20ancient%20temple%20of%20Lord%20Siva%20since%20pre%20ahom%20era.JPG?width=640,Shiva,,,,,,Monument of National Importance,,Negheriting Shiva Doul,https://upload.wikimedia.org/wikipedia/commons/5/55/%E0%A6%A8%E0%A7%87%E0%A6%98%E0%A7%87%E0%A7%B0%E0%A6%BF%E0%A6%9F%E0%A6%BF%E0%A6%82_%E0%A6%A6%27%E0%A6%B2%E0%A7%B0_%E0%A6%8F%E0%A6%95_%E0%A6%A6%E0%A7%83%E0%A6%B6%E0%A7%8D%E0%A6%AF_%E0%A6%B8%E0%A6%A8%E0%A7%8D%E0%A6%AE%E0%A7%81%E0%A6%96%E0%A7%B0_%E0%A6%AA%E0%A7%B0%E0%A6%BE%2C_A_frontside_view_of_Negheriting_Dol%2C_one_of_the_most_ancient_temple_of_Lord_Siva_since_pre_ahom_era.JPG,https://upload.wikimedia.org/wikipedia/commons/5/55/%E0%A6%A8%E0%A7%87%E0%A6%98%E0%A7%87%E0%A7%B0%E0%A6%BF%E0%A6%9F%E0%A6%BF%E0%A6%82_%E0%A6%A6%27%E0%A6%B2%E0%A7%B0_%E0%A6%8F%E0%A6%95_%E0%A6%A6%E0%A7%83%E0%A6%B6%E0%A7%8D%E0%A6%AF_%E0%A6%B8%E0%A6%A8%E0%A7%8D%E0%A6%AE%E0%A7%81%E0%A6%96%E0%A7%B0_%E0%A6%AA%E0%A7%B0%E0%A6%BE%2C_A_frontside_view_of_Negheriting_Dol%2C_one_of_the_most_ancient_temple_of_Lord_Siva_since_pre_ahom_era.JPG,,,https://en.wikipedia.org/wiki/Negheriting_Shiva_Doul,N-AS-22
Q70957775,Andhra Pradesh,16.792788,82.063471,Bhimeswara temple,भीमेश्वर मंदिर,,ద్రాక్షారామం,,,,,,,http://commons.wikimedia.org/wiki/Special:FilePath/Draksharama%20temple%20-%20Main%20entrance.jpg?width=640,,,,,,,Monument of National Importance,,"Bhimeswara temple, Draksharama",,http://commons.wikimedia.org/wiki/Special:FilePath/Draksharama%20temple%20-%20Main%20entrance.jpg?width=640,Public domain,Twooars,,N-AP-41
Q7130263,Karnataka,12.773889,76.391667,"Panchalingeshwara temple, Govindanahalli",,"பஞ்சலிங்கேசுவர கோவில், கோவிந்தனஹள்ளி","పంచలింగేశ్వర ఆలయం, గోవిందనహళ్లి",ಗೋವಿಂದನಹಳ್ಳಿ,,,,,,http://commons.wikimedia.org/wiki/Special:FilePath/Panchalingeshvara%20Temple%20at%20Govindanahalli.jpg?width=640,,,,,,,Monument of National Importance,,Panchlingesvara Temple,https://upload.wikimedia.org/wikipedia/commons/b/bd/Panchlingeshvara_temple_at_Govindanahalli_-_north_western_view.jpg,https://upload.wikimedia.org/wikipedia/commons/b/bd/Panchlingeshvara_temple_at_Govindanahalli_-_north_western_view.jpg,,,"https://en.wikipedia.org/wiki/Panchalingeshwara_Temple,_Govindanahalli",N-KA-B138
Q7140073,Odisha,20.233333,85.850000,Parsurameswara Temple,परशुरामेश्वर मंदिर,பரசுராமேசுவரர் கோவில்,పరశురామేశ్వర్ ఆలయం,ಪರಶುರಮೇಶ್ವರ ದೇವಾಲಯ,പരശുരാമേശ്വര ക്ഷേത്രം,পরশুরামেশ্বর মন্দির,ପର୍ଶୁରାମେଶ୍ଵର ମନ୍ଦିର,,,http://commons.wikimedia.org/wiki/Special:FilePath/Parasurameswar%20temple%20with%20linga.jpg?width=640,Shiva,,,,,,Monument of National Importance,,Parsurameswara Temple,https://upload.wikimedia.org/wikipedia/commons/4/4d/Parsurameswara_temple_complex.jpg,https://upload.wikimedia.org/wikipedia/commons/4/4d/Parsurameswara_temple_complex.jpg,,,https://en.wikipedia.org/wiki/Parsurameswara_Temple,N-OR-61
Q7144204,Maharashtra,18.526950,73.849725,Pataleshwar,pataleshwar,,"పాతాళేశ్వర గుహలు, పూణే",,പട്ടലേശ്വര ക്ഷേത്രം,,,"पाताळेश्वर, पुणे",,http://commons.wikimedia.org/wiki/Special:FilePath/Pataleshwar%20Caves%20Internal%20Temple%20Corridors%202.jpg?width=640,,,rock-cut architecture,,,,Monument of National Importance; PMC Heritage Grade I,,Pataleshwar,https://upload.wikimedia.org/wikipedia/commons/3/3e/Pataleshwar_cave_temple.JPG,https://upload.wikimedia.org/wikipedia/commons/3/3e/Pataleshwar_cave_temple.JPG,,,"https://en.wikipedia.org/wiki/Pataleshwar_Caves,_Pune",N-MH-M35
Q7292880,Assam,26.959973,94.622471,Rangnath Dol,,,,,,,,,,http://commons.wikimedia.org/wiki/Special:FilePath/Ranganath%20dol.jpg?width=640,Shiva,,,,,,State Protected Monument,,Rangnath Dol,https://upload.wikimedia.org/wikipedia/commons/c/c1/Ranganath_Dol.jpg,https://upload.wikimedia.org/wikipedia/commons/c/c1/Ranganath_Dol.jpg,,,https://en.wikipedia.org/wiki/Rangnath_Dol,S-AS-77
Q7295089,West Bengal,23.068235,87.322098,Rasmancha,रासमंच,,,,റസ്മൻചാ,রাসমঞ্চ,ରାସମଞ୍ଚ,,,http://commons.wikimedia.org/wiki/Special:FilePath/Rasa%20Mancha%20of%20Bishnupur%20%2813%29.jpg?width=640,,,,Bir Hambir,,1600-01-01T00:00:00Z,Monument of National Importance,,"Rasmancha, Bishnupur",https://upload.wikimedia.org/wikipedia/commons/9/9d/Rasmancha_Arnab_Dutta_2011.JPG,https://upload.wikimedia.org/wikipedia/commons/9/9d/Rasmancha_Arnab_Dutta_2011.JPG,,,https://en.wikipedia.org/wiki/Rasmancha,N-WB-24
Q7396764,Rajasthan,26.430000,72.550000,Sachiya Mata Temple,सच्चियाय माता मंदिर,,,,,,,,,http://commons.wikimedia.org/wiki/Special:FilePath/KITLV%2088219%20-%20Unknown%20-%20Sachiya%20Mata%20temple%20Osia%20in%20British%20India%20-%201897.tif?width=640,,,,,,,State Protected Monument,,Sachiya Mata Temple,https://upload.wikimedia.org/wikipedia/commons/d/db/Osiyan_Mata_Temple%2C_Osiyan%2C_Jodhpur_02.jpg,https://upload.wikimedia.org/wikipedia/commons/d/db/Osiyan_Mata_Temple%2C_Osiyan%2C_Jodhpur_02.jpg,,,https://en.wikipedia.org/wiki/Sachiya_Mata_Temple,S-RJ-165
Q7421143,Goa,15.554000,73.937000,Saptakoteshwar Temple,Saptakoteshwar Temple,,సప్తకోటేశ్వరాలయం,,,,,,,http://commons.wikimedia.org/wiki/Special:FilePath/Saptakoteshwar%20Temple-Front.jpg?width=640,Shiva,,,,,,State Protected Monument,,Saptakoteshwar Temple,https://upload.wikimedia.org/wikipedia/commons/0/06/Saptakoteshwar_Temple.JPG,https://upload.wikimedia.org/wikipedia/commons/0/06/Saptakoteshwar_Temple.JPG,,,https://en.wikipedia.org/wiki/Saptakoteshwar_Temple,S-GA-9
Q7424948,Madhya Pradesh,26.223944,78.170250,Sasbahu Temple,saas bahu temple in gwalior,சாஸ்பாகு கோயில்,"సాస్ బహు ఆలయం, గ్వాలియర్",,,,,,,http://commons.wikimedia.org/wiki/Special:FilePath/Saas%20Bahu%20Ka%20Mandir%2001%20%282%29.jpg?width=640,,,Hindu temple architecture,,,,Monument of National Importance,,"Sas Bahu Temple, Gwalior",https://upload.wikimedia.org/wikipedia/commons/9/96/Sas_Bahu_Temple.jpg,https://upload.wikimedia.org/wikipedia/commons/9/96/Sas_Bahu_Temple.jpg,,,"https://en.wikipedia.org/wiki/Sasbahu_Temple,_Gwalior",N-MP-146-h
Q7433162,Tamil Nadu,10.785555,79.131111,Schwartz Church,"स्वार्ट्ज गिरिजाघर, तंजौर",,,,,,,,,http://commons.wikimedia.org/wiki/Special:FilePath/Church%20-%20N-TN-C191%20-%20006.jpg?width=640,,,,,,,Monument of National Importance,,Schwartz Church,https://upload.wikimedia.org/wikipedia/commons/b/bf/Church_-_N-TN-C191_-_006.jpg,https://upload.wikimedia.org/wikipedia/commons/b/bf/Church_-_N-TN-C191_-_006.jpg,CC BY-SA 4.0,Nandhinikandhasamy,https://en.wikipedia.org/wiki/Schwartz_Church,N-TN-T145
Q7488715,Jammu and Kashmir,34.078889,74.843611,"Shankaracharya Temple, Srinagar",शंकराचार्य मंदिर,சங்கராச்சாரியார் கோயில்,శంకరాచార్య ఆలయం,ಶಂಕರಾಚಾರ್ಯ ದೇವಸ್ಥಾನ,ശങ്കരാചാര്യ ടെംപിൾ,শঙ্করাচার্য মন্দির,,,,http://commons.wikimedia.org/wiki/Special:FilePath/The%20Ancient%20Shankaracharya%20Temple%20%28Srinagar%2C%20Jammu%20and%20Kashmir%29.jpg?width=640,Shiva,,,,,,Monument of National Importance,,Shankaracharya Temple,https://upload.wikimedia.org/wikipedia/commons/9/9b/The_Ancient_Shankaracharya_Temple_%28Srinagar%2C_Jammu_and_Kashmir%29_%28cropped%29.jpg,https://upload.wikimedia.org/wikipedia/commons/9/9b/The_Ancient_Shankaracharya_Temple_%28Srinagar%2C_Jammu_and_Kashmir%29_%28cropped%29.jpg,,,https://en.wikipedia.org/wiki/Shankaracharya_Temple,N-JK-41
Q7488717,Jammu and Kashmir,34.157778,74.556917,"Shankaragaurishvara Temple, Pattan",शंकरगौरीश्वर मंदिर,சங்கர கௌரீசுவரர் கோயில்,,,,,,,,http://commons.wikimedia.org/wiki/Special:FilePath/A%20Side%20view%20of%20Sankaragaurisvara%20Temple.JPG?width=640,Shiva,,,,,,Monument of National Importance,,Shankaragaurishvara Temple,https://upload.wikimedia.org/wikipedia/commons/f/f8/Shankaragaurishvara_temple.jpg,https://upload.wikimedia.org/wikipedia/commons/f/f8/Shankaragaurishvara_temple.jpg,,,https://en.wikipedia.org/wiki/Shankaragaurishvara_Temple,N-JK-10
Q7499202,Maharashtra,19.198618,73.176643,"Shiv Mandir, Ambarnath","शिव मंदिर, अंबरनाथ",,,,"ശിവ മന്ദിർ, അംബർനാഥ്",,,,"શિવ મંદિર, અંબરનાથ",http://commons.wikimedia.org/wiki/Special:FilePath/Shiv%20Mandir%2C%20Ambarnath%20in%20January%202024%20%2811%29.jpg?width=640,Shiva,,,,,,Monument of National Importance,,"Shiv Mandir, Ambarnath",https://upload.wikimedia.org/wikipedia/commons/0/0a/Shiv_Mandir%2C_Ambarnath_in_January_2024_%2811%29.jpg,https://upload.wikimedia.org/wikipedia/commons/0/0a/Shiv_Mandir%2C_Ambarnath_in_January_2024_%2811%29.jpg,,,"https://en.wikipedia.org/wiki/Shiv_Mandir,_Ambarnath",N-MH-M116
Q7506933,Assam,26.988765,94.633120,Sivasagar Sivadol,शिवसागरर शिवदौल,,శివసాగర్ శివడోల్,,ശിവസാഗർ ശിവദോൾ,শিবদৌল,ଶିବସାଗର ଶିବଦୌଲ,,,http://commons.wikimedia.org/wiki/Special:FilePath/Shiv%20Temple%20-%20Assam.jpg?width=640,Shiva,,,,,1734-01-01T00:00:00Z,Monument of National Importance,,Sibasagar Shiva Doul,https://upload.wikimedia.org/wikipedia/commons/7/79/Siva_Dol.JPG,https://upload.wikimedia.org/wikipedia/commons/7/79/Siva_Dol.JPG,,,https://en.wikipedia.org/wiki/Sivasagar_Sivadol,N-AS-48
Q7508161,Karnataka,14.790556,75.410833,Siddhesvara Temple,,"சித்தேசுவரன் கோவில், கர்நாடகா",సిద్ధేశ్వర ఆలయం,,,সিদ্ধেশ্বর মন্দির,,,,http://commons.wikimedia.org/wiki/Special:FilePath/A%20profile%20of%20the%20Siddhesvara%20temple%20at%20Haveri.jpg?width=640,Shiva,,,,,,Monument of National Importance,,Siddhesvara Temple,https://upload.wikimedia.org/wikipedia/commons/f/f9/Vesara_style_shrine_and_vimana_%28tower%29_in_Siddhesvara_temple_at_Haveri.jpg,https://upload.wikimedia.org/wikipedia/commons/f/f9/Vesara_style_shrine_and_vimana_%28tower%29_in_Siddhesvara_temple_at_Haveri.jpg,,,https://en.wikipedia.org/wiki/Siddhesvara_Temple,N-KA-D242
Q752091,Odisha,19.887444,86.094596,Konark Sun Temple,कोणार्क सूर्य मंदिर,கொனார்க் சூரியன் கோயில்,కోణార్క సూర్య దేవాలయం,ಕಾಲ್ಕಾ-ಶಿಮ್ಲಾ ಪರ್ವತ ರೈಲುಮಾರ್ಗ,കൊണാർക്ക് സൂര്യക്ഷേത്രം,কোণার্ক সূর্য মন্দির,କୋଣାର୍କ ସୂର୍ଯ୍ୟ ମନ୍ଦିର,कोणार्क सूर्य मंदिर,કોણાર્ક સૂર્ય મંદિર,http://commons.wikimedia.org/wiki/Special:FilePath/Konark%20Sun%20Temple%20%2880031%29.jpg?width=640,solar deity,,Kalinga architecture,,,1201-01-01T00:00:00Z,World Heritage Site,,Konark Sun Temple,https://upload.wikimedia.org/wikipedia/commons/4/47/Konarka_Temple.jpg,https://upload.wikimedia.org/wikipedia/commons/4/47/Konarka_Temple.jpg,CC BY-SA 4.0,Subham9423,https://en.wikipedia.org/wiki/Konark_Sun_Temple,N-OR-78
Q7559215,Andhra Pradesh,16.541267,81.535086,Somarama,,பீமாராயமு,భీమారామము,ಸೋಮಾರಾಮ,,,,,,http://commons.wikimedia.org/wiki/Special:FilePath/SomeswaraSwamy-5.JPG?width=640,Shiva,,,,,,State Protected Monument,,Someswaraswamy temple,https://upload.wikimedia.org/wikipedia/commons/2/29/SomeswaraSwamy-5.JPG,https://upload.wikimedia.org/wikipedia/commons/2/29/SomeswaraSwamy-5.JPG,,,https://en.wikipedia.org/wiki/Somarama,S-AP-499
Q7559998,Karnataka,13.137467,78.138152,"Someshwara Temple, Kolar",,"சோமேஷ்வரர் கோயில், கோலார்",,ಸೋಮೇಶ್ವರ ದೇವಸ್ಥಾನ,,,,,,http://commons.wikimedia.org/wiki/Special:FilePath/A%20closer%20view%20of%20the%20sikhara%20over%20shrine%20in%20Someshwara%20Temple%20at%20Kolar.jpg?width=640,Shiva,,,,,,Monument of National Importance,,"Someshwara Temple, Kolar",https://upload.wikimedia.org/wikipedia/commons/d/de/Rear_view_of_shrine_with_ornate_sikhara%2C_mantapa_half_pillars_and_gopura_of_Someshwara_Temple_at_Kolar.jpg,https://upload.wikimedia.org/wikipedia/commons/d/de/Rear_view_of_shrine_with_ornate_sikhara%2C_mantapa_half_pillars_and_gopura_of_Someshwara_Temple_at_Kolar.jpg,,,"https://en.wikipedia.org/wiki/Someshwara_Temple,_Kolar",N-KA-B132
Q7586229,Andhra Pradesh,14.878847,79.297857,Sri Ranganathaswamy Temple,,"அரங்கநாதசுவாமி ஆலயம், நெல்லூர்","శ్రీ తల్పగిరి రంగనాథస్వామి దేవస్థానం, నెల్లూరు","ಶ್ರೀ ರಂಗನಾಥಸ್ವಾಮಿ ದೇವಸ್ಥಾನ, ನೆಲ್ಲೂರು","രംഗനാഥ ക്ഷേത്രം, നെല്ലൂർ",,,,,http://commons.wikimedia.org/wiki/Special:FilePath/Sri%20Ranganathaswamy%20Temple%2C%20Galigopuram%2C%20Nellore%20%287%29.jpg?width=640,,,,,,,Monument of National Importance,,"Sri Ranganathaswamy Temple, Nellore",,http://commons.wikimedia.org/wiki/Special:FilePath/Sri%20Ranganathaswamy%20Temple%2C%20Galigopuram%2C%20Nellore%20%287%29.jpg?width=640,,,,N-AP-118
Q7586384,Karnataka,12.118970,76.692453,"Srikanteshwara Temple, Nanjangud","श्रीकांतेश्वर मंदिर, नंजनगुड",,,"ನಂಜುಂಡೇಶ್ವರ ದೇವಸ್ಥಾನ, ನಂಜನಗೂಡು",,"শ্রীকান্তেশ্বরা মন্দির, নঞ্জনগুড়",,,,http://commons.wikimedia.org/wiki/Special:FilePath/Srikanteshvara%20Temple%2C%20Nanjangud.JPG?width=640,Shiva,,,,,,Monument of National Importance,,"Srikanteshwara Temple, Nanjangud",https://upload.wikimedia.org/wikipedia/commons/2/26/Srikanteshvara_Temple%2C_Nanjangud.JPG,https://upload.wikimedia.org/wikipedia/commons/2/26/Srikanteshvara_Temple%2C_Nanjangud.JPG,,,"https://en.wikipedia.org/wiki/Srikanteshwara_Temple,_Nanjangud",N-KA-B159
Q7591040,Dadra and Nagar Haveli and Daman and Diu,20.714544,70.990672,St. Paul's Church,,"புனித பவுல் தேவாலயம், தியூ",,,സെന്റ് പോൾസ് ചർച്ച്,,,,,http://commons.wikimedia.org/wiki/Special:FilePath/Eglise%20St%20Paul.jpg?width=640,Paul the Apostle,,baroque architecture,,,1807-01-01T00:00:00Z,Heritage of Portuguese Influence; Monument of National Importance,,"St. Paul's Church, Diu",https://upload.wikimedia.org/wikipedia/commons/5/54/Eglise_St_Paul.jpg,https://upload.wikimedia.org/wikipedia/commons/5/54/Eglise_St_Paul.jpg,CC BY-SA 3.0,Shakti,"https://en.wikipedia.org/wiki/St._Paul%27s_Church,_Diu",N-DD-5
Q7678796,Tamil Nadu,12.104167,79.378611,Thalagireeshwarar Temple,,தாளகிரீஸ்வரர் ஆலயம்,,,,,,,,http://commons.wikimedia.org/wiki/Special:FilePath/N-TN-C237%20Talagirisvarar%20Temple-Panamalai.jpg?width=640,,,,,,,Monument of National Importance,,Thalagireeshwarar Temple and Cave,https://upload.wikimedia.org/wikipedia/commons/1/11/Panamali_temple_view.JPG,https://upload.wikimedia.org/wikipedia/commons/1/11/Panamali_temple_view.JPG,,,https://en.wikipedia.org/wiki/Thalagireeshwarar_Temple,N-TN-C245
Q7785360,Tamil Nadu,10.246900,78.752000,Sathyamurthi Perumal Temple,,திருமயம் சத்திய மூர்த்தி பெருமாள் கோவில்,తిరుమెయ్యమ్,,,,,,,http://commons.wikimedia.org/wiki/Special:FilePath/N-TN-C173%20Rock%20cut%20Vishnu%20Ranganahar%20sathyamurthy%20Tirumayam.jpg?width=640,Vishnu,,rock-cut architecture in India; Dravidian architecture,,,,Monument of National Importance,,Sathyamurthi Perumal Temple,https://upload.wikimedia.org/wikipedia/commons/f/f7/Thirumayam5.jpg,https://upload.wikimedia.org/wikipedia/commons/f/f7/Thirumayam5.jpg,,,"https://en.wikipedia.org/wiki/Sathyamurthi_Perumal_Temple,_Thirumayam",N-TN-C173
Q7797068,Telangana,18.003755,79.574700,Thousand Pillar Temple,thousand pillar temple,ஆயிரம் தூண் ஆலயம்,వేయి స్తంభాల గుడి,,തൗസന്റ് പില്ലർ ക്ഷേത്രം,হাজার স্তম্ভ মন্দির,ହାଜାର ସ୍ତମ୍ଭ ମନ୍ଦିର,,,http://commons.wikimedia.org/wiki/Special:FilePath/Thousand%20Pillar%20Temple-Warangal.jpg?width=640,Vishnu; Surya; Shiva,,,,,,Monument of National Importance,,Thousand Pillar Temple,https://upload.wikimedia.org/wikipedia/commons/3/37/1000pillar_temple_warangal.jpg,https://upload.wikimedia.org/wikipedia/commons/3/37/1000pillar_temple_warangal.jpg,CC BY 3.0,Nikhil B,https://en.wikipedia.org/wiki/Thousand_Pillar_Temple,N-TG-7
Q7809341,Tamil Nadu,12.220000,79.070000,Tirumalai (Tamil Nadu),,திருமலை சமணர் கோயில் வளாகம்,తిరుమలై (తమిళనాడు),,,,,,,http://commons.wikimedia.org/wiki/Special:FilePath/Tirumalai%20Jain%20temple%20hill.JPG?width=640,,,,,,,Monument of National Importance,,Tirumalai (Tamil Nadu),https://upload.wikimedia.org/wikipedia/commons/4/4d/Tree_at_the_Peak_of_Tirumalai.jpg,https://upload.wikimedia.org/wikipedia/commons/4/4d/Tree_at_the_Peak_of_Tirumalai.jpg,,,https://en.wikipedia.org/wiki/Tirumalai_(Tamil_Nadu),N-TN-C210
Q7852108,Maharashtra,18.011400,76.125600,Tulja Bhavani Temple,"तुलजा भवानी मंदिर, धाराशिव",துளஜா பவானி கோயில்,తుల్జా భవాని దేవాలయం,,തുൾജ ഭവാനി ക്ഷേത്രം,,,तुळजा भवानी मंदिर,,http://commons.wikimedia.org/wiki/Special:FilePath/Tuljabhavani%20Mandir%20Mahadwar%20%28Main%20entrance%20gate%29.jpg?width=640,,,,,,,State Protected Monument,,Tulja Bhavani Temple,https://upload.wikimedia.org/wikipedia/commons/b/b1/Raje_Shahaji_Mahadwar_of_Tulja_Bhavani_Temple.jpg,https://upload.wikimedia.org/wikipedia/commons/b/b1/Raje_Shahaji_Mahadwar_of_Tulja_Bhavani_Temple.jpg,,,https://en.wikipedia.org/wiki/Tulja_Bhavani_Temple,S-MH-241
Q7911723,Tamil Nadu,8.739611,77.439889,Valisvara Temple,,வாலிசுவரா கோவில்,,,,,,,,http://commons.wikimedia.org/wiki/Special:FilePath/Thiruvaleeswarar%20Temple%2027.jpg?width=640,,,,,,,Monument of National Importance,,Valisvara Temple,https://upload.wikimedia.org/wikipedia/commons/b/b5/Thiruvaleeswarar_Temple_27.jpg,https://upload.wikimedia.org/wikipedia/commons/b/b5/Thiruvaleeswarar_Temple_27.jpg,,,https://en.wikipedia.org/wiki/Valisvara_Temple,N-TN-T149
Q7912912,Madhya Pradesh,24.851480,79.934980,"Vamana Temple, Khajuraho","वामन मंदिर, खजुराहो",,"వామన ఆలయం, ఖజురహో",,വാമന ക്ഷേത്രം,,,,"વામન મંદિર, ખજુરાહો",http://commons.wikimedia.org/wiki/Special:FilePath/Khajuraho%20Vaman%20Temple%202010.jpg?width=640,,,,,,,part of UNESCO World Heritage Site; Monument of National Importance,,Vamana Temple Khajuraho,https://upload.wikimedia.org/wikipedia/commons/a/a4/Khajuraho_Vaman_Temple_2010.jpg,https://upload.wikimedia.org/wikipedia/commons/a/a4/Khajuraho_Vaman_Temple_2010.jpg,CC BY-SA 4.0,Sfu,"https://en.wikipedia.org/wiki/Vamana_Temple,_Khajuraho",N-MP-31
Q7915405,Tamil Nadu,12.616700,80.025000,Varaha Cave Temple,,மாமல்லபுரம் வராக மண்டபம்,వరాహ గుహాలయం,ವರಾಹ ಗುಹಾ ದೇವಾಲಯ,,,,,,http://commons.wikimedia.org/wiki/Special:FilePath/Mahabalipuram%20P%20Pandava%201.jpg?width=640,,,,,,,Monument of National Importance,,Varaha Cave Temple,https://upload.wikimedia.org/wikipedia/commons/0/01/Vsvarahacave.jpg,https://upload.wikimedia.org/wikipedia/commons/0/01/Vsvarahacave.jpg,,,https://en.wikipedia.org/wiki/Varaha_Cave_Temple,N-TN-C51
Q7915406,Madhya Pradesh,24.852000,79.922200,Varaha Temple,,,"వరాహ ఆలయం, ఖజురహో",,,,,,,http://commons.wikimedia.org/wiki/Special:FilePath/India-5595%20-%20Flickr%20-%20archer10%20%28Dennis%29.jpg?width=640,,,,,,,Monument of National Importance,,Varaha Temple Khajuraho,https://upload.wikimedia.org/wikipedia/commons/a/a6/India-5595_-_Flickr_-_archer10_%28Dennis%29.jpg,https://upload.wikimedia.org/wikipedia/commons/a/a6/India-5595_-_Flickr_-_archer10_%28Dennis%29.jpg,CC BY-SA 2.0,Dennis G. Jarvis,"https://en.wikipedia.org/wiki/Varaha_Temple,_Khajuraho",N-MP-22
Q7915407,Odisha,20.858300,86.085600,Varahanatha Temple,,,,,,,ବରାହ ମନ୍ଦିର,,,http://commons.wikimedia.org/wiki/Special:FilePath/Varahanatha%20Temple%20Front%20View.JPG?width=640,,,,,,,Monument of National Importance,,Varahanatha Temple (Jajpur),https://upload.wikimedia.org/wikipedia/commons/f/f9/Varahanatha_Temple_Front_View.JPG,https://upload.wikimedia.org/wikipedia/commons/f/f9/Varahanatha_Temple_Front_View.JPG,,,https://en.wikipedia.org/wiki/Varahanatha_Temple,N-OR-31
Q7918143,Andhra Pradesh,13.801800,77.609600,Veerabhadra Temple,"वीरभद्र मंदिर, लेपाक्षी",வீரபத்திரன் கோவில்,లేపాక్షి వీరభద్రస్వామి ఆలయం,"ವೀರಭದ್ರ ದೇವಸ್ಥಾನ, ಲೇಪಾಕ್ಷಿ","വീരഭദ്ര ക്ഷേത്രം, ലേപാക്ഷി",,,,,http://commons.wikimedia.org/wiki/Special:FilePath/Veerabhadra%20Temple%20Tower.JPG?width=640,Virabhadra,,,,,,Monument of National Importance; Tentative World Heritage Site,,"Veerabhadra Temple, Lepakshi",https://upload.wikimedia.org/wikipedia/commons/b/bd/Veerabhadra_Temple_Tower.JPG,https://upload.wikimedia.org/wikipedia/commons/b/bd/Veerabhadra_Temple_Tower.JPG,,,"https://en.wikipedia.org/wiki/Veerabhadra_Temple,_Lepakshi",N-AP-8
Q7929272,Tamil Nadu,10.513056,78.601111,Vijayalaya Cholesvaram,,விஜயாலய சோழீஸ்வரம்,విజయాలయ చోళీశ్వరం (నర్తమలై),,,,,,,http://commons.wikimedia.org/wiki/Special:FilePath/Vijayalayacholisvaram%20And%20The%20Group%20Of%20Sub-Shrines.jpg?width=640,,,,,,,Monument of National Importance,,Vijayalaya Choleeswaram,https://upload.wikimedia.org/wikipedia/commons/3/36/Narthamalai_vijayalaya_choleeswaram_6.jpg,https://upload.wikimedia.org/wikipedia/commons/3/36/Narthamalai_vijayalaya_choleeswaram_6.jpg,,,https://en.wikipedia.org/wiki/Vijayalaya_Choleeswaram,N-TN-T90
Q7929290,Karnataka,11.808358,76.689403,"Vijayanarayana Temple, Gundlupet",,"விஜயநாராயணர் கோயில், குண்டுலுபேட்டை",,"ವಿಜಯನಾರಾಯಣ ದೇವಸ್ಥಾನ, ಗುಂಡ್ಲುಪೇಟೆ",,,,,,http://commons.wikimedia.org/wiki/Special:FilePath/Vijayanarayana%20temple%20at%20Gundlupet.JPG?width=640,,,,,,,Monument of National Importance,,"Vijayanarayana Temple, Gundlupet",https://upload.wikimedia.org/wikipedia/commons/d/d3/Vijayanarayana_temple_at_Gundlupet.JPG,https://upload.wikimedia.org/wikipedia/commons/d/d3/Vijayanarayana_temple_at_Gundlupet.JPG,,,"https://en.wikipedia.org/wiki/Vijayanarayana_Temple,_Gundlupet",N-KA-B80
Q7938011,Kerala,8.382403,76.991326,Vizhinjam rock caves,,விழிஞ்ஞம் குகைக் கோயில்,,,വിഴിഞ്ഞം ഗുഹാക്ഷേത്രം,,,,,http://commons.wikimedia.org/wiki/Special:FilePath/Rock%20cut%20cave%20-%20Vizhinjam%2C%20Kerala%2C%20India.jpg?width=640,,,,,,,Monument of National Importance,,Vizhinjam Cave Temple,https://upload.wikimedia.org/wikipedia/commons/0/08/Vizhinjam_rock_temple.JPG,https://upload.wikimedia.org/wikipedia/commons/0/08/Vizhinjam_rock_temple.JPG,,,https://en.wikipedia.org/wiki/Vizhinjam_Cave_Temple,N-KL-11
Q799695,Uttarakhand,30.744695,79.491175,Badrinath Temple,बद्रीनाथ मन्दिर,பத்ரிநாத் கோயில்,బద్రీనాథ్ ఆలయం,,ബദരിനാഥ് ക്ഷേത്രം,বদ্রীনাথ মন্দির,ବଦ୍ରୀନାଥ ମନ୍ଦିର,बद्रीनाथ मंदिर,,http://commons.wikimedia.org/wiki/Special:FilePath/%E0%A4%89%E0%A4%A4%E0%A5%8D%E0%A4%A4%E0%A4%B0%E0%A4%BE%E0%A4%96%E0%A4%82%E0%A4%A1%20%E0%A4%AE%E0%A5%87%E0%A4%82%20%E0%A4%AD%E0%A4%97%E0%A4%B5%E0%A4%BE%E0%A4%A8%20%E0%A4%AC%E0%A4%A6%E0%A5%8D%E0%A4%B0%E0%A5%80%E0%A4%A8%E0%A4%BE%E0%A4%A5%20%E0%A4%95%E0%A5%87%20%E0%A4%A6%E0%A4%B0%E0%A5%8D%E0%A4%B6%E0%A4%A8%20%E0%A4%95%E0%A4%B0%E0%A4%A4%E0%A5%87%20%E0%A4%B6%E0%A5%8D%E0%A4%B0%E0%A4%A6%E0%A5%8D%E0%A4%A7%E0%A4%BE%E0%A4%B2%E0%A5%81%20..%20%E0%A4%AC%E0%A4%A6%E0%A5%8D%E0%A4%B0%E0%A5%80%E0%A4%A8%E0%A4%BE%E0%A4%A5%20%E0%A4%A7%E0%A4%BE%E0%A4%AE%20%E0%A4%AE%E0%A5%87%E0%A4%82.jpg?width=640,Vishnu,,,,,,Monument of National Importance,,Badrinath Temple,https://upload.wikimedia.org/wikipedia/commons/f/f9/Badrinath_Temple_%2C_Uttarakhand.jpg,https://upload.wikimedia.org/wikipedia/commons/f/f9/Badrinath_Temple_%2C_Uttarakhand.jpg,CC BY-SA 4.0,Anubha khare,https://en.wikipedia.org/wiki/Badrinath_Temple,N-UT-1
Q8046685,Andhra Pradesh,15.350800,78.139400,Yaganti Temple,यागंटि,யாகந்தி கோயில்,యాగంటి,ಯಗಂತಿ,യാഗന്ധി ഉമാമഹേശ്വര ക്ഷേത്രം,,,,,http://commons.wikimedia.org/wiki/Special:FilePath/Yaganti%20Gopuram.JPG?width=640,Shiva,,,,,,Monument of National Importance,,Yaganti,https://upload.wikimedia.org/wikipedia/commons/8/84/Uma-Maheswaraswami_Temple.jpg,https://upload.wikimedia.org/wikipedia/commons/8/84/Uma-Maheswaraswami_Temple.jpg,,,https://en.wikipedia.org/wiki/Yaganti_temple,N-AP-106
Q80831086,Karnataka,12.861719,76.486772,Chavundaraya Basadi,,,,,,,,,,http://commons.wikimedia.org/wiki/Special:FilePath/Chavundaraya%20Basadi%20on%20Chandragiri%20hill%20at%20Shravanabelagola.jpg?width=640,,,,,,,Monument of National Importance,,Chavundaraya Basadi,https://upload.wikimedia.org/wikipedia/commons/d/d4/Chavundaraya_Basadi_on_Chandragiri_hill_at_Shravanabelagola.jpg,https://upload.wikimedia.org/wikipedia/commons/d/d4/Chavundaraya_Basadi_on_Chandragiri_hill_at_Shravanabelagola.jpg,CC BY-SA 3.0,"Dineshkannambadi (talk) 00:48, 21 May 2008 (UTC)",https://en.wikipedia.org/wiki/Chavundaraya_Basadi,N-KA-B124
Q84361886,Odisha,,,Baladevajiu Temple,,,,,,বলদেবজিউ মন্দির,,,,http://commons.wikimedia.org/wiki/Special:FilePath/Baladevajiu%20Temple%20-%202016-06-16%20-%20Copy.jpg?width=640,,,,,,,State Protected Monument,,,,http://commons.wikimedia.org/wiki/Special:FilePath/Baladevajiu%20Temple%20-%202016-06-16%20-%20Copy.jpg?width=640,CC BY-SA 4.0,Dillipwiki,,S-OR-14
Q84362054,Odisha,,,Paramahansa Temple,,,,,,পরমহংস মন্দির,,,,http://commons.wikimedia.org/wiki/Special:FilePath/Parama%20Hansanath%20Temple.jpg?width=640,,,,,,,State Protected Monument,,,,http://commons.wikimedia.org/wiki/Special:FilePath/Parama%20Hansanath%20Temple.jpg?width=640,,,,S-OR-49
Q84362157,Odisha,,,Nadara Ramachandi Temple,,,,,,নাদারা রামচন্ডী মন্দির,,,,http://commons.wikimedia.org/wiki/Special:FilePath/Nadara%20Ramachandi%20Temple.jpg?width=640,,,,,,,State Protected Monument,,,,http://commons.wikimedia.org/wiki/Special:FilePath/Nadara%20Ramachandi%20Temple.jpg?width=640,CC BY-SA 3.0,ସରୋଜ କୁମାର ବେହେରା,,S-OR-64
Q84362423,Odisha,,,Akhandalesvara Temple,,,,,,অখন্ডলেশ্বর মন্দির,,,,http://commons.wikimedia.org/wiki/Special:FilePath/Akhandaleswar%20Temple.jpg?width=640,,,,,,,State Protected Monument,,"Akhandaleswar Temple, Kakarudrapur",,http://commons.wikimedia.org/wiki/Special:FilePath/Akhandaleswar%20Temple.jpg?width=640,CC BY-SA 4.0,TaranisenPattnaik,,S-OR-117
Q84362499,Odisha,,,Laxmanesvar Group of Temples,,,,,,লক্ষণেশ্বর মন্দিরসমূহ,,,,http://commons.wikimedia.org/wiki/Special:FilePath/Lakshmaneshvar%20temple%20%283%29.jpg?width=640,,,,,,,State Protected Monument,,Lakshmanesvara temple,,http://commons.wikimedia.org/wiki/Special:FilePath/Lakshmaneshvar%20temple%20%283%29.jpg?width=640,CC BY-SA 4.0,Ssriram mt,,S-OR-143
Q84362528,Odisha,,,Svarnajalesvara Temple,,,,,,"স্বর্ণজলেশ্বর  মন্দির, খুরদা",,,,http://commons.wikimedia.org/wiki/Special:FilePath/Subarna%20Jaleswara%20temple.jpg?width=640,,,,,,,State Protected Monument,,Swarnajaleswara Temple,,http://commons.wikimedia.org/wiki/Special:FilePath/Subarna%20Jaleswara%20temple.jpg?width=640,,,,S-OR-159
Q84362575,Assam,27.282500,94.792800,Raidongia Doul,,,రైడోంగియా డౌల్,,,রাইদঙীয়া দৌল,,,,http://commons.wikimedia.org/wiki/Special:FilePath/Raidongia%20dol.jpg?width=640,,,,,,,State Protected Monument,,,https://upload.wikimedia.org/wikipedia/commons/f/fd/Raidongia_dol.jpg,https://upload.wikimedia.org/wikipedia/commons/f/fd/Raidongia_dol.jpg,,,https://en.wikipedia.org/wiki/Raidongia_Doul,S-AS-13
Q84362579,Assam,27.155673,94.773421,Bezar Doul,,,,,,বেজর দৌল,,,,http://commons.wikimedia.org/wiki/Special:FilePath/Bejdoul.jpg?width=640,,,,,,,State Protected Monument,,Bezor Doul,https://upload.wikimedia.org/wikipedia/commons/6/6e/Bejdoul.jpg,https://upload.wikimedia.org/wikipedia/commons/6/6e/Bejdoul.jpg,CC BY-SA 3.0,দিব্য দত্ত,https://en.wikipedia.org/wiki/Bezor_Doul,S-AS-15
Q84362853,Assam,26.952700,94.585500,Siva Doul,,,,,,,,,,http://commons.wikimedia.org/wiki/Special:FilePath/Shiva%20Doul%20Rudrasagar%20%28Napukhuri%29%2C%20Sivasagar%2003.jpg?width=640,,,,,,,State Protected Monument,,Rudrasagar Shiva Dol,https://upload.wikimedia.org/wikipedia/commons/6/6d/Rudrasagar_Siva_dol.jpg,https://upload.wikimedia.org/wikipedia/commons/6/6d/Rudrasagar_Siva_dol.jpg,,,https://en.wikipedia.org/wiki/Na-Pukhuri_Shiva_Dol,S-AS-74
Q84362871,Assam,26.959101,94.621792,Fakuwa Doul,,,,,,,,,,http://commons.wikimedia.org/wiki/Special:FilePath/Fakuwa%20doul.jpg?width=640,,,,,,,State Protected Monument,,Fakuwa Doul,,http://commons.wikimedia.org/wiki/Special:FilePath/Fakuwa%20doul.jpg?width=640,CC BY-SA 4.0,Skumar1429,,S-AS-78
Q84362878,Assam,26.960451,94.621326,Haragouri Doul,,,,,,,,,,http://commons.wikimedia.org/wiki/Special:FilePath/Hara-Gauri%20Doul%2002.jpg?width=640,,,,,,,State Protected Monument,,Hara Gauri Doul,,http://commons.wikimedia.org/wiki/Special:FilePath/Hara-Gauri%20Doul%2002.jpg?width=640,CC BY-SA 4.0,Nayan j Nath,,S-AS-79
Q84362884,Assam,26.933941,94.726716,Gorokhiya Doul,,,,,,,,,,http://commons.wikimedia.org/wiki/Special:FilePath/Gorokhiya%20Doul%20or%20Mai%20Doul%20or%20Maheswara%20Ghar%20%28IMG%207728%29.jpg?width=640,,,,,,,State Protected Monument,,Gorokhiya Doul,,http://commons.wikimedia.org/wiki/Special:FilePath/Gorokhiya%20Doul%20or%20Mai%20Doul%20or%20Maheswara%20Ghar%20%28IMG%207728%29.jpg?width=640,CC BY-SA 4.0,কুমুদ ঘোষ,,S-AS-80
Q84362886,Assam,26.813224,94.731252,Piyali Phukanar Doul,,,,,,,,,,http://commons.wikimedia.org/wiki/Special:FilePath/Piyali%20Phukanar%20Doul%20%28IMG%207756%29.jpg?width=640,,,,,,,State Protected Monument,,Piyali Phukanar Doul,,http://commons.wikimedia.org/wiki/Special:FilePath/Piyali%20Phukanar%20Doul%20%28IMG%207756%29.jpg?width=640,,,,S-AS-81
Q84362994,Assam,26.863000,93.754100,Vasudeva Doul,,,,,,বাসুদেব দৌল,,,,http://commons.wikimedia.org/wiki/Special:FilePath/%27Basudev%20Dol%27-%20Temple%20built%20by%20Ahom%20king%20Sulikpha%20%281679-1681%20AD%29%2C%20in%20Dologuri%2C%20Gohpur%2C%20Assam.jpg?width=640,,,,,,,State Protected Monument,,Vasudeva Doul,https://upload.wikimedia.org/wikipedia/commons/e/e9/Vasudeva_Doul.jpg,https://upload.wikimedia.org/wikipedia/commons/e/e9/Vasudeva_Doul.jpg,,,https://en.wikipedia.org/wiki/Vasudev_Doul,S-AS-94
Q85763398,Rajasthan,24.958056,75.593611,Ghateshwar Temple,,,,,,,,,,http://commons.wikimedia.org/wiki/Special:FilePath/Temple%20of%20Shiv.JPG?width=640,Shiva,,,,,0990-01-01T00:00:00Z,Monument of National Importance,,"Ghateshwar Temple, Baroli",https://upload.wikimedia.org/wikipedia/commons/9/9b/Baroli_temple.jpg,https://upload.wikimedia.org/wikipedia/commons/9/9b/Baroli_temple.jpg,CC BY-SA 3.0,Nvvchar,https://en.wikipedia.org/wiki/Ghateshwar_Temple,N-RJ-32
Q85783181,Chhattisgarh,21.218842,81.473469,"Mahadev Temple, Deobaloda",,,డియోబలోడ శివాలయం,,,,"ମହାଦେବ ମନ୍ଦିର, ଦେଓବାଲୋଦା",,,http://commons.wikimedia.org/wiki/Special:FilePath/Shiva%20Temple%2C%20Deobaloda%2004.jpg?width=640,Shiva,,,,,,Monument of National Importance,,"Mahadev Temple, Deobaloda",https://upload.wikimedia.org/wikipedia/commons/7/77/Shiva_Temple%2C_Deobaloda_04.jpg,https://upload.wikimedia.org/wikipedia/commons/7/77/Shiva_Temple%2C_Deobaloda_04.jpg,,,"https://en.wikipedia.org/wiki/Mahadev_Temple,_Deobaloda",N-CT-14
Q96982657,Andhra Pradesh,,,Sri Kona Ranganatha Swamy Temple,,,,,,,,,,http://commons.wikimedia.org/wiki/Special:FilePath/Sri%20Kona%20Ranganatha%20Swamy%20temple-Dr.%20Murali%20Mohan%20Gurram%20%284%29.jpg?width=640,,,,,,,State Protected Monument,,Sri Kona Ranganatha Swamy Temple,,http://commons.wikimedia.org/wiki/Special:FilePath/Sri%20Kona%20Ranganatha%20Swamy%20temple-Dr.%20Murali%20Mohan%20Gurram%20%284%29.jpg?width=640,,,,S-AP-40
Q96983245,Andhra Pradesh,14.109389,78.155750,"Laxminarsimha Swamy temple, Kadiri",,,,,,,,,,http://commons.wikimedia.org/wiki/Special:FilePath/Kadiri%20Temple%20North%20Gopuram.JPG?width=640,,,,,,,State Protected Monument,,"Lakshmi Narasimha Temple, Kadiri",,http://commons.wikimedia.org/wiki/Special:FilePath/Kadiri%20Temple%20North%20Gopuram.JPG?width=640,CC BY-SA 4.0,రహ్మానుద్దీన్,,S-AP-44
Q97012177,Andhra Pradesh,,,"Kodandeswara Swamy temple, Chittoor",,,,,,,,,,http://commons.wikimedia.org/wiki/Special:FilePath/Kodanda%20Ramaswamy%20Temple%20Tirupati.jpg?width=640,,,,,,,State Protected Monument,,Kodandeswara Swamy temple,,http://commons.wikimedia.org/wiki/Special:FilePath/Kodanda%20Ramaswamy%20Temple%20Tirupati.jpg?width=640,CC BY-SA 3.0,Adiseshkashyap,,S-AP-79
Q97012185,Andhra Pradesh,,,"Sri Kumara Rama Bheemeswaraswamy temple, East  Godavari",,,,,,,,,,http://commons.wikimedia.org/wiki/Special:FilePath/Draksharama.jpg?width=640,,,,,,,State Protected Monument,,,,http://commons.wikimedia.org/wiki/Special:FilePath/Draksharama.jpg?width=640,CC BY-SA 3.0,Ramachandra,,S-AP-98
Q97012187,Andhra Pradesh,,,"Sri Bhavanarayana swamy temple, East  Godavari",,,,,,,,,,http://commons.wikimedia.org/wiki/Special:FilePath/Gopuram%20of%20Sarpavaram%20temple.JPG?width=640,,,,,,,State Protected Monument,,,,http://commons.wikimedia.org/wiki/Special:FilePath/Gopuram%20of%20Sarpavaram%20temple.JPG?width=640,CC BY-SA 3.0,Adityamadhav83,,S-AP-100
Q97012188,Andhra Pradesh,,,"Sri Umakoppulinges-wara Swamy temple, East  Godavari",,,,,,,,,,http://commons.wikimedia.org/wiki/Special:FilePath/Sri%20Umakoppulingeswara%20Swamy%20temple.jpg?width=640,,,,,,,State Protected Monument,,,,http://commons.wikimedia.org/wiki/Special:FilePath/Sri%20Umakoppulingeswara%20Swamy%20temple.jpg?width=640,,,,S-AP-101
Q97062998,Uttarakhand,30.146306,78.705139,"Vaishnav Group of Temples, Deval",,,,,,,,,,http://commons.wikimedia.org/wiki/Special:FilePath/0052123%20Vaishnava%20Group%20of%20Temples%2C%20Deval%20Uttarakhand%20332.jpg?width=640,,,,,,,State Protected Monument,,"Vaishnava Group of Temples, Deval Uttarakhand",,http://commons.wikimedia.org/wiki/Special:FilePath/0052123%20Vaishnava%20Group%20of%20Temples%2C%20Deval%20Uttarakhand%20332.jpg?width=640,CC0,Ms Sarah Welch,,S-UT-1
Q97062999,Uttarakhand,30.220278,78.860278,"Devalgarh Group of Temples, Uttarakhand",,,,,,,,,,http://commons.wikimedia.org/wiki/Special:FilePath/0052223%20Devalgarh%20group%20of%20temples%2C%20Uttarakhand%20018.jpg?width=640,,,,,,,State Protected Monument,,"Devalgarh Group of Temples, Uttarakhand",,http://commons.wikimedia.org/wiki/Special:FilePath/0052223%20Devalgarh%20group%20of%20temples%2C%20Uttarakhand%20018.jpg?width=640,CC0,Ms Sarah Welch,,S-UT-2
Q97063001,Uttarakhand,30.148111,78.986917,"Shiv Temple Group, Paithani",,,,,,,,,,http://commons.wikimedia.org/wiki/Special:FilePath/Paithani%20Shiv%20Mandir.jpg?width=640,,,,,,,State Protected Monument,,"Shiv Temple Group, Paithani",,http://commons.wikimedia.org/wiki/Special:FilePath/Paithani%20Shiv%20Mandir.jpg?width=640,,,,S-UT-3
Q97063002,Uttarakhand,30.193772,78.745152,Shivalaya,,,,,,,,,,http://commons.wikimedia.org/wiki/Special:FilePath/Shivalya%20Kukhurgaon.jpg?width=640,,,,,,,State Protected Monument,,"Shivalaya, Kukhar Gaon",,http://commons.wikimedia.org/wiki/Special:FilePath/Shivalya%20Kukhurgaon.jpg?width=640,,,,S-UT-4
Q97063004,Uttarakhand,30.544194,79.072833,"Narayankoti Group of Temples, Uttarakhand",,,,,,,,,,http://commons.wikimedia.org/wiki/Special:FilePath/0052323%20Narayankoti%20group%20of%20Hindu%20temples%2C%20Uttarakhand%20101.jpg?width=640,,,,,,,State Protected Monument,,"Narayankoti Group of Temples, Uttarakhand",,http://commons.wikimedia.org/wiki/Special:FilePath/0052323%20Narayankoti%20group%20of%20Hindu%20temples%2C%20Uttarakhand%20101.jpg?width=640,CC0,Ms Sarah Welch,,S-UT-6
Q97063006,Uttarakhand,30.539278,79.081722,"Damyanti Temple, Hyun",,,,,,,,,,http://commons.wikimedia.org/wiki/Special:FilePath/A%20distant%20view%20of%20Damyanti%20Temple%2C%20Hyun%20Uttarakhand.jpg?width=640,,,,,,,State Protected Monument,,,,http://commons.wikimedia.org/wiki/Special:FilePath/A%20distant%20view%20of%20Damyanti%20Temple%2C%20Hyun%20Uttarakhand.jpg?width=640,CC0,Ms Sarah Welch,,S-UT-8
Q97063008,Uttarakhand,30.201195,78.813556,"Lakshmi Narayan Group of Temples, Sumari",,,,,,,,,,http://commons.wikimedia.org/wiki/Special:FilePath/0052223%20Lakshminarayana%20group%20of%20temples%2C%20Sumari%20Uttarakhand%20024.jpg?width=640,,,,,,,State Protected Monument,,"Lakshminarayan Group of Temples, Sumari",,http://commons.wikimedia.org/wiki/Special:FilePath/0052223%20Lakshminarayana%20group%20of%20temples%2C%20Sumari%20Uttarakhand%20024.jpg?width=640,CC0,Ms Sarah Welch,,S-UT-9
Q97063010,Uttarakhand,30.233000,79.257778,"Govind Group of Temples, Simli",,,,,,,,,,http://commons.wikimedia.org/wiki/Special:FilePath/0052423%20Govind%20group%20of%20temples%2C%20Simli%20Uttarakhand%20021.jpg?width=640,,,,,,,State Protected Monument,,"Govind Group of Temples, Simli",,http://commons.wikimedia.org/wiki/Special:FilePath/0052423%20Govind%20group%20of%20temples%2C%20Simli%20Uttarakhand%20021.jpg?width=640,CC0,Ms Sarah Welch,,S-UT-11
Q97063011,Uttarakhand,30.090613,79.458960,Kulsari Temple,,,,,,,,,,http://commons.wikimedia.org/wiki/Special:FilePath/Kulsari%20Temple%20In%20Chamoli%20Uttarakhand.jpg?width=640,Kālī,,,,,,State Protected Monument,,Kulsari Temple,,http://commons.wikimedia.org/wiki/Special:FilePath/Kulsari%20Temple%20In%20Chamoli%20Uttarakhand.jpg?width=640,CC BY-SA 4.0,Doonedin,,S-UT-12
Q97063014,Uttarakhand,30.227778,78.769167,"Raj Rajeshwari Temple, Ranihat Uttarakhand",,,,,,,,,,http://commons.wikimedia.org/wiki/Special:FilePath/0052223%20Raj%20Rajeshwari%20Group%20of%20Temples%2C%20Ranihat%20Uttarakhand%20009.jpg?width=640,,,,,,,State Protected Monument,,"Raj Rajeshwari Temple Group, Ranihat",,http://commons.wikimedia.org/wiki/Special:FilePath/0052223%20Raj%20Rajeshwari%20Group%20of%20Temples%2C%20Ranihat%20Uttarakhand%20009.jpg?width=640,CC0,Ms Sarah Welch,,S-UT-15
Q97063017,Uttarakhand,30.841250,78.260000,"Jamdagni Temple, Thaan",,,,,,,,,,http://commons.wikimedia.org/wiki/Special:FilePath/0052023%20Jamadagni%20group%20of%20temples%2C%20Thaan%20Uttarakhand%20010.jpg?width=640,,,,,,,State Protected Monument,,"Jamadagni Group of Temples, Than Uttarakhand",,http://commons.wikimedia.org/wiki/Special:FilePath/0052023%20Jamadagni%20group%20of%20temples%2C%20Thaan%20Uttarakhand%20010.jpg?width=640,CC0,Ms Sarah Welch,,S-UT-18
Q97063019,Uttarakhand,30.861750,78.200528,"Mahasu Temple, Pujeli",,,,,,,,,,http://commons.wikimedia.org/wiki/Special:FilePath/0052023%20Mahasu%20temple%2C%20Pujeli%20Banal%20Uttarakhand%20083.jpg?width=640,,,,,,,State Protected Monument,,"Mahasu Temple, Pujeli",,http://commons.wikimedia.org/wiki/Special:FilePath/0052023%20Mahasu%20temple%2C%20Pujeli%20Banal%20Uttarakhand%20083.jpg?width=640,CC0,Ms Sarah Welch,,S-UT-20
Q97068207,Andhra Pradesh,,,Kalyana Venkateswara Swamy temple,,,,,,,,,,http://commons.wikimedia.org/wiki/Special:FilePath/KALYANA%20VENKATESHWARA%20SWAMY%20TEMPLE.jpg?width=640,,,,,,,State Protected Monument,,Kalyana Venkateswara Swamy temple,,http://commons.wikimedia.org/wiki/Special:FilePath/KALYANA%20VENKATESHWARA%20SWAMY%20TEMPLE.jpg?width=640,CC BY-SA 4.0,Ramya Srivastav,,S-AP-70
Q97095994,Karnataka,,,"Arettina Bavi With Inscription, Rajana Bavi in town with inscriptions, pond and Siddeshwara Temple",,,,,,,,,,http://commons.wikimedia.org/wiki/Special:FilePath/Siddeshwara%20Temple%2C%20Pattadakal.jpg?width=640,,,,,,,State Protected Monument,,,,http://commons.wikimedia.org/wiki/Special:FilePath/Siddeshwara%20Temple%2C%20Pattadakal.jpg?width=640,,,,S-KA-3
Q97096012,Karnataka,,,Cave temples of Gangadhareshwara and Honnadevi,,,,,,,,,,http://commons.wikimedia.org/wiki/Special:FilePath/Inner%20mantapa%20in%20a%20natural%20cave%20leading%20to%20the%20sanctum%20in%20the%20Gavi%20Gangadhareshwara%20temple%20at%20Shivagange%20near%20Bangalore.jpg?width=640,,,,,,,State Protected Monument,,Cave temples of Gangadhareshwara and Honnadevi,,http://commons.wikimedia.org/wiki/Special:FilePath/Inner%20mantapa%20in%20a%20natural%20cave%20leading%20to%20the%20sanctum%20in%20the%20Gavi%20Gangadhareshwara%20temple%20at%20Shivagange%20near%20Bangalore.jpg?width=640,CC BY-SA 4.0,Dineshkannambadi,,S-KA-21
Q97096042,Karnataka,15.858056,74.521389,Kamal Basadi,,கமல் பசதி,,ಕಮಲ ಬಸದಿ,,,,,,http://commons.wikimedia.org/wiki/Special:FilePath/Old%20jain%20temple%20belgaum%20%281%29.jpg?width=640,,,,,,,State Protected Monument,,Kamal Basadi,https://upload.wikimedia.org/wikipedia/commons/f/fa/Old_jain_temple_belgaum_%281%29.jpg,https://upload.wikimedia.org/wikipedia/commons/f/fa/Old_jain_temple_belgaum_%281%29.jpg,,,https://en.wikipedia.org/wiki/Kamal_Basadi,S-KA-51
Q97096155,Karnataka,,,fort and temples in Bijapur,,,,,,,,,,http://commons.wikimedia.org/wiki/Special:FilePath/TAJ%20BAWDI%2C%20BIJAPUR%2005.jpg?width=640,,,,,,,State Protected Monument,,,,http://commons.wikimedia.org/wiki/Special:FilePath/TAJ%20BAWDI%2C%20BIJAPUR%2005.jpg?width=640,,,,S-KA-139
Q97096200,Karnataka,,,"Channakeshwara Temple, Chikkamagaluru",,,,,,,,,,http://commons.wikimedia.org/wiki/Special:FilePath/Main%20Temple%20of%20Chennakeswara%20Temple.jpg?width=640,,,,,,,State Protected Monument,,"Chennakeshava Temple, Chikmagalur",,http://commons.wikimedia.org/wiki/Special:FilePath/Main%20Temple%20of%20Chennakeswara%20Temple.jpg?width=640,CC BY-SA 4.0,Jishnu PK,,S-KA-166
Q97096227,Karnataka,,,Durga Parameshwara temple,,,,,,,,,,http://commons.wikimedia.org/wiki/Special:FilePath/Trishulini%20Durga%20Parameshwara%20-%20Balpa%20-%20Karnataka%20-%20002.jpg?width=640,,,,,,,State Protected Monument,,Durga Parameshwara temple,,http://commons.wikimedia.org/wiki/Special:FilePath/Trishulini%20Durga%20Parameshwara%20-%20Balpa%20-%20Karnataka%20-%20002.jpg?width=640,,,,S-KA-182
Q97096731,Karnataka,12.666314,76.652021,"Narasimhaswamy Temple, Mandya",,,,,,,,,,http://commons.wikimedia.org/wiki/Special:FilePath/Sri%20YogaNarasimha%20Temple%20%2C%20Melkote.jpg?width=640,,,,,,,State Protected Monument,,Yoganarasimha Swamy Temple,,http://commons.wikimedia.org/wiki/Special:FilePath/Sri%20YogaNarasimha%20Temple%20%2C%20Melkote.jpg?width=640,,,,S-KA-551
Q97096738,Karnataka,,,"Venugopalaswamy Temple, Mandya",,,,,,,,,,http://commons.wikimedia.org/wiki/Special:FilePath/Venugoplaswamy%20Temple.jpg?width=640,,,,,,,State Protected Monument,,Venugoplaswamy Temple,,http://commons.wikimedia.org/wiki/Special:FilePath/Venugoplaswamy%20Temple.jpg?width=640,,,,S-KA-557
Q97096754,Karnataka,,,"Shwetavarahaswamy Temple, Mysore",,,,,,,,,,http://commons.wikimedia.org/wiki/Special:FilePath/Shwetavarahaswamy%20Temple-Mysore-Karnataka-S-KA-561-01.jpg?width=640,,,,,,,State Protected Monument,,"Shwetavarahaswamy Temple, Mysore",,http://commons.wikimedia.org/wiki/Special:FilePath/Shwetavarahaswamy%20Temple-Mysore-Karnataka-S-KA-561-01.jpg?width=640,,,,S-KA-561
Q97096755,Karnataka,,,"Lakshmiramana Temple, Mysore",,,,,,,,,,http://commons.wikimedia.org/wiki/Special:FilePath/Laxminarayana%20Teemple%2C%20Mandya%20dist%2C%20Karnataka.jpg?width=640,,,,,,,State Protected Monument,,,,http://commons.wikimedia.org/wiki/Special:FilePath/Laxminarayana%20Teemple%2C%20Mandya%20dist%2C%20Karnataka.jpg?width=640,CC BY-SA 4.0,Ravivet,,S-KA-562
Q97096762,Karnataka,,,"Mahalingeshwara Temple, Mysore",,,,,,,,,,http://commons.wikimedia.org/wiki/Special:FilePath/Mahalingeshwara%20Temple-B.See.Halli-Mysore-Karnataka-S-KA-568-15.jpg?width=640,,,,,,,State Protected Monument,,,,http://commons.wikimedia.org/wiki/Special:FilePath/Mahalingeshwara%20Temple-B.See.Halli-Mysore-Karnataka-S-KA-568-15.jpg?width=640,CC BY-SA 4.0,Mallikarjunasj,,S-KA-568
Q97096778,Karnataka,,,"Amrutheshwara Temple, Mysore",,,,,,,,,,http://commons.wikimedia.org/wiki/Special:FilePath/Amrutheswara%20Temple%20Dewans%20Road%20Mysuru.jpg?width=640,,,,,,,State Protected Monument,,,,http://commons.wikimedia.org/wiki/Special:FilePath/Amrutheswara%20Temple%20Dewans%20Road%20Mysuru.jpg?width=640,CC BY-SA 4.0,Basavaraj M,,S-KA-584
Q97096782,Karnataka,12.327071,76.612152,"Yoganarasimhaswamy Temple, Mysore",,,,,,,,,,http://commons.wikimedia.org/wiki/Special:FilePath/Yoganarasimhaswamy%20Temple.jpg?width=640,,,,,,,State Protected Monument,,,,http://commons.wikimedia.org/wiki/Special:FilePath/Yoganarasimhaswamy%20Temple.jpg?width=640,,,,S-KA-587
Q97096876,Karnataka,,,Bheemeshwara Swamy Temple,,,,,,,,,,http://commons.wikimedia.org/wiki/Special:FilePath/Bheemeshwara%20Temple%2C%20Kote%20road%2C%20Shimoga.jpg?width=640,,,,,,,State Protected Monument,,"Bheemeshwara Temple, Shimoga",,http://commons.wikimedia.org/wiki/Special:FilePath/Bheemeshwara%20Temple%2C%20Kote%20road%2C%20Shimoga.jpg?width=640,CC BY-SA 3.0,Chidambara,,S-KA-660
Q97096880,Karnataka,13.167340,76.663675,"Gangadhareshwara Temple, Tumkur",,,,,,,,,,http://commons.wikimedia.org/wiki/Special:FilePath/Gangadeshvara%20Temple%20at%20Turvekere.JPG?width=640,,,,,,,State Protected Monument,,"Gangadeshvara temple, Turuvekere",,http://commons.wikimedia.org/wiki/Special:FilePath/Gangadeshvara%20Temple%20at%20Turvekere.JPG?width=640,CC BY-SA 3.0,Dineshkannambadi,,S-KA-664
Q97096896,Karnataka,,,"Balalingeshwara Temple, Tumkur",,,,,,,,,,http://commons.wikimedia.org/wiki/Special:FilePath/View%20from%20Entrance%20to%20Temple.jpg?width=640,,,,,,,State Protected Monument,,Balalingeshwara Temple,,http://commons.wikimedia.org/wiki/Special:FilePath/View%20from%20Entrance%20to%20Temple.jpg?width=640,,,,S-KA-675
Q97100889,Madhya Pradesh,,,Chausath Yogini Temple,,,,,,,,,,http://commons.wikimedia.org/wiki/Special:FilePath/Chausath%20Yogini%20Temple-Chhatarpur%20district-Madhya%20Pradesh-IMG%2020190210%20152427.jpg?width=640,,,,,,,State Protected Monument,,"Chausath Yogini Temple, Chhatarpur",,http://commons.wikimedia.org/wiki/Special:FilePath/Chausath%20Yogini%20Temple-Chhatarpur%20district-Madhya%20Pradesh-IMG%2020190210%20152427.jpg?width=640,CC BY-SA 4.0,User unknownperson,,S-MP-46
Q97101178,Madhya Pradesh,,,Pachmatha Temple,,,,,,,,,,http://commons.wikimedia.org/wiki/Special:FilePath/Pachmatha%20Temple.jpg?width=640,,,,,,,State Protected Monument,,,,http://commons.wikimedia.org/wiki/Special:FilePath/Pachmatha%20Temple.jpg?width=640,,,,S-MP-123
Q97101186,Madhya Pradesh,22.250445,76.148083,"Gauri Somnath Temple, Omkareshwar",,,,,,,,,,http://commons.wikimedia.org/wiki/Special:FilePath/0102621%20Gauri%20Somnath%20temple%2C%20Omkareswar%20Madhya%20Pradesh%20018.jpg?width=640,,,,,,,State Protected Monument,,"Gauri Somnath Temple, Omkareshwar",,http://commons.wikimedia.org/wiki/Special:FilePath/0102621%20Gauri%20Somnath%20temple%2C%20Omkareswar%20Madhya%20Pradesh%20018.jpg?width=640,CC0,Ms Sarah Welch,,S-MP-131
Q97101363,Madhya Pradesh,,,Bilpakeshwar Temple,,,,,,,,,,http://commons.wikimedia.org/wiki/Special:FilePath/Bilpakeshwar%20Temple.%20jpg.jpg?width=640,,,,,,,State Protected Monument,,,,http://commons.wikimedia.org/wiki/Special:FilePath/Bilpakeshwar%20Temple.%20jpg.jpg?width=640,CC BY-SA 4.0,Shekhar Pandit,,S-MP-196
Q97101375,Madhya Pradesh,,,Kudhiya Temple,,,,,,,,,,http://commons.wikimedia.org/wiki/Special:FilePath/Kudhiya%20Temple.jpg?width=640,,,,,,,State Protected Monument,,,,http://commons.wikimedia.org/wiki/Special:FilePath/Kudhiya%20Temple.jpg?width=640,CC BY-SA 3.0,Blessedapples,,S-MP-202
Q97101418,Madhya Pradesh,,,Harsiddhi Devi Temple,,,,,,,,,,http://commons.wikimedia.org/wiki/Special:FilePath/Harsidhi%20Devi%20Sagar.jpg?width=640,,,,,,,State Protected Monument,,,,http://commons.wikimedia.org/wiki/Special:FilePath/Harsidhi%20Devi%20Sagar.jpg?width=640,CC BY-SA 4.0,Vijay Tiwari09,,S-MP-229
Q97101452,Madhya Pradesh,25.352778,78.630833,Lakshmi Temple,,,,,,,,,,http://commons.wikimedia.org/wiki/Special:FilePath/Laxmi%20Mandir%20at%20Orchha.jpg?width=640,,,,,,,State Protected Monument,,Lakshmi temple (Orchha),,http://commons.wikimedia.org/wiki/Special:FilePath/Laxmi%20Mandir%20at%20Orchha.jpg?width=640,CC BY-SA 4.0,Rajasekaran Ramakrishnan,,S-MP-256
Q97101560,Madhya Pradesh,,,Chamunda Temple,,,,,,,,,,http://commons.wikimedia.org/wiki/Special:FilePath/CHAMUDA%20MATA.jpg?width=640,,,,,,,State Protected Monument,,,,http://commons.wikimedia.org/wiki/Special:FilePath/CHAMUDA%20MATA.jpg?width=640,CC BY-SA 4.0,Sunil Ujjain,,S-MP-307
Q97101561,Madhya Pradesh,,,Kalka Mata Temple,,,,,,,,,,http://commons.wikimedia.org/wiki/Special:FilePath/GARH%20KALIKA%20OVERVIEW.jpg?width=640,,,,,,,State Protected Monument,,"Garh Kalika temple, Ujjain",,http://commons.wikimedia.org/wiki/Special:FilePath/GARH%20KALIKA%20OVERVIEW.jpg?width=640,CC BY-SA 4.0,Sunil Ujjain,,S-MP-308
Q97101562,Madhya Pradesh,,,Tilakeshwar Mahadeva Temple,,,,,,,,,,http://commons.wikimedia.org/wiki/Special:FilePath/TILAKESHWAR.jpg?width=640,,,,,,,State Protected Monument,,,,http://commons.wikimedia.org/wiki/Special:FilePath/TILAKESHWAR.jpg?width=640,,,,S-MP-309
Q97101563,Madhya Pradesh,,,Ramjanardan Temple,,,,,,,,,,http://commons.wikimedia.org/wiki/Special:FilePath/Inside%20the%20temple.jpg?width=640,,,,,,,State Protected Monument,,Ram Janardan temple,,http://commons.wikimedia.org/wiki/Special:FilePath/Inside%20the%20temple.jpg?width=640,CC BY-SA 3.0,Yogesh2607,,S-MP-310
Q97101579,Madhya Pradesh,,,Chhoti Madagan,,,,,,,,,,http://commons.wikimedia.org/wiki/Special:FilePath/Neelkantheshwar%20Mahadev%20udaypur%20Vidisha.jpg?width=640,,,,,,,State Protected Monument,,"Neelkantheshwar Temple, Vidisha",,http://commons.wikimedia.org/wiki/Special:FilePath/Neelkantheshwar%20Mahadev%20udaypur%20Vidisha.jpg?width=640,,,,S-MP-325
Q97101581,Madhya Pradesh,,,Kaladeva (Kalyanrao Temple),,,,,,,,,,http://commons.wikimedia.org/wiki/Special:FilePath/Outer%20view%20of%20Siddh%20baba%20Gufa.jpg?width=640,,,,,,,State Protected Monument,,,,http://commons.wikimedia.org/wiki/Special:FilePath/Outer%20view%20of%20Siddh%20baba%20Gufa.jpg?width=640,,,,S-MP-326
Q97119230,Chhattisgarh,19.212310,81.932757,"Shiva Temple, Bastar",,,,,,,,,,http://commons.wikimedia.org/wiki/Special:FilePath/0011122%20Bastar%20Shiv%20Temple%20Chhattisgarh%20027.jpg?width=640,,,,,,,State Protected Monument,,"Mahadev temple, Bastar",,http://commons.wikimedia.org/wiki/Special:FilePath/0011122%20Bastar%20Shiv%20Temple%20Chhattisgarh%20027.jpg?width=640,CC0,Ms Sarah Welch,,S-CT-2
Q97119238,Chhattisgarh,21.901222,81.975528,Dhumnath Temple,,,,,,,,,,http://commons.wikimedia.org/wiki/Special:FilePath/Sargaon%20Dhoomnath%20Dhumeswari%20temple%20Chhattisgarh%20-%2070.jpg?width=640,,,,,,,State Protected Monument,,"Dhumnath Dhumeshwari temple, Sargaon",https://upload.wikimedia.org/wikipedia/commons/6/6f/Sargaon_Dhoomnath_Dhumeswari_temple_Chhattisgarh_-_1.jpg,https://upload.wikimedia.org/wikipedia/commons/6/6f/Sargaon_Dhoomnath_Dhumeswari_temple_Chhattisgarh_-_1.jpg,,,https://en.wikipedia.org/wiki/Dhumnath_Temple,S-CT-10
Q97119248,Chhattisgarh,21.568378,81.317348,Ghughusraja Temple,"घुघुसराजा मंदिर,देवकर,दुर्ग",,,,,,,,,http://commons.wikimedia.org/wiki/Special:FilePath/Ghughusraja.jpg?width=640,,,,,,,State Protected Monument,,Ghughusraja Temple,,http://commons.wikimedia.org/wiki/Special:FilePath/Ghughusraja.jpg?width=640,CC BY-SA 4.0,Laxminarayan yadav,,S-CT-20
Q97119251,Chhattisgarh,20.737530,81.210840,Kapileswar Temple Group and Baori,,,,,,,,,,http://commons.wikimedia.org/wiki/Special:FilePath/Kapileswar%20Shiva%20Temple%20Group%20and%20Baori-BALOD-CHHATTISGARH-DSC001.jpg?width=640,,,,,,,State Protected Monument,,Kapileswar Shiva Temple Group,,http://commons.wikimedia.org/wiki/Special:FilePath/Kapileswar%20Shiva%20Temple%20Group%20and%20Baori-BALOD-CHHATTISGARH-DSC001.jpg?width=640,CC BY-SA 4.0,Tanvirkhan89,,S-CT-22
Q97119253,Chhattisgarh,20.765430,81.148800,Kukurdev Temple,,,,,,,,,,http://commons.wikimedia.org/wiki/Special:FilePath/KUKURDEV%20TEMPLE-DUDHALI-CHHATTISGARH-DSC001.jpg?width=640,,,,,,,State Protected Monument,,Kukurdev temple,,http://commons.wikimedia.org/wiki/Special:FilePath/KUKURDEV%20TEMPLE-DUDHALI-CHHATTISGARH-DSC001.jpg?width=640,CC BY-SA 4.0,Tanvirkhan89,,S-CT-24
Q97119258,Chhattisgarh,,,Shiva Temple Chaturbhuji Temple,,,,,,,,,,http://commons.wikimedia.org/wiki/Special:FilePath/Shiva%20Temple%20Chaturbhuji%20Temple-SANKRA-CHHATTISGARH-DSC003.jpg?width=640,,,,,,,State Protected Monument,,"Shiva temple, Chaturbhuji temple, Sankra",,http://commons.wikimedia.org/wiki/Special:FilePath/Shiva%20Temple%20Chaturbhuji%20Temple-SANKRA-CHHATTISGARH-DSC003.jpg?width=640,,,,S-CT-28
Q97119498,Rajasthan,26.952850,75.826840,Charan Mandir,,,,,,,,,,http://commons.wikimedia.org/wiki/Special:FilePath/Charan%20Mandir.jpg?width=640,,,,,,,State Protected Monument,,Charan Mandir,,http://commons.wikimedia.org/wiki/Special:FilePath/Charan%20Mandir.jpg?width=640,CC BY-SA 4.0,Manojmeena,,S-RJ-101
Q97119504,Rajasthan,26.917111,75.852306,Sun Temple,,,,,,,,,,http://commons.wikimedia.org/wiki/Special:FilePath/Sun%20Temple%20Galta%20ji.JPG?width=640,Surya,,,,,,State Protected Monument,,"Sun Temple, Galta Hill",,http://commons.wikimedia.org/wiki/Special:FilePath/Sun%20Temple%20Galta%20ji.JPG?width=640,,,,S-RJ-107
Q97119518,Rajasthan,26.989821,75.849879,Sun Temple,,,,,,,,,,http://commons.wikimedia.org/wiki/Special:FilePath/Amber.-%20Sun%20Temple%20complex.jpg?width=640,,,,,,0954-01-01T00:00:00Z,Monument of National Importance,,"Sun Temple, Amber",,http://commons.wikimedia.org/wiki/Special:FilePath/Amber.-%20Sun%20Temple%20complex.jpg?width=640,CC BY-SA 4.0,Pierre André Leclercq,,N-RJ-79
Q97119629,Rajasthan,,,"Meera Temple, Ahar",,,,,,,,,,http://commons.wikimedia.org/wiki/Special:FilePath/Meera%20Temple%20Ahar%20Udaipur.jpg?width=640,,,,,,,State Protected Monument,,,,http://commons.wikimedia.org/wiki/Special:FilePath/Meera%20Temple%20Ahar%20Udaipur.jpg?width=640,CC BY-SA 4.0,AnkitM12,,S-RJ-214
Q97119730,Manipur,,,Temple of Sanamahi,,,,,,,,,,http://commons.wikimedia.org/wiki/Special:FilePath/Sanamahi%20Temple%20Imphal.jpg?width=640,,,,,,,State Protected Monument,,,,http://commons.wikimedia.org/wiki/Special:FilePath/Sanamahi%20Temple%20Imphal.jpg?width=640,,,,S-MN-18
Q97123971,Goa,,,Shri Nagesh Temple,,,,,,,,,,http://commons.wikimedia.org/wiki/Special:FilePath/Shri%20Nagesh%20Temple.jpg?width=640,,,,,,,State Protected Monument,,Shri Nagesh Temple,,http://commons.wikimedia.org/wiki/Special:FilePath/Shri%20Nagesh%20Temple.jpg?width=640,,,,S-GA-26
Q97123972,Goa,,,Shri Kamakshi Temple,,,,,,,,,,http://commons.wikimedia.org/wiki/Special:FilePath/Kamakshi%20Temple%2CPonda.jpg?width=640,,,,,,,State Protected Monument,,Shri Kamakshi Temple,,http://commons.wikimedia.org/wiki/Special:FilePath/Kamakshi%20Temple%2CPonda.jpg?width=640,CC BY-SA 4.0,Gaurav.gawand,,S-GA-27
Q97123974,Goa,,,"Shri Chandreshwar Bhoothnath Temple, Paroda",,,,,,,,,,http://commons.wikimedia.org/wiki/Special:FilePath/Shree%20Chandreshwar%20Bhootnath%20Temple.jpg?width=640,,,,,,,State Protected Monument,,"Shri Chandreshwar Bhoothnath Temple, Paroda",,http://commons.wikimedia.org/wiki/Special:FilePath/Shree%20Chandreshwar%20Bhootnath%20Temple.jpg?width=640,,,,S-GA-28
Q97124018,Goa,15.500368,73.897335,Church of St. Peter,,,,,,,,,,http://commons.wikimedia.org/wiki/Special:FilePath/St.%20peter.JPG?width=640,,,,,,,State Protected Monument,,"Church of St. Peter, Tiswadi",,http://commons.wikimedia.org/wiki/Special:FilePath/St.%20peter.JPG?width=640,,,,S-GA-45
Q97124023,Goa,,,Chapel of St. Jeronimus,,,,,,,,,,http://commons.wikimedia.org/wiki/Special:FilePath/Ermida%20de%20S%C3%A3o%20Jer%C3%B3nimo%20%28Hermitage%20of%20St.%20Jerome%29%2C%20also%20known%20as%20the%20Chapel%20of%20St.%20Jerome%2C%20and%20popularly%20known%20as%20Compro%20by%20Chor%C3%A3o%20islanders%2C%20is%20a%20historic%20Roman%20Catholic%20chapel%20built%20in%201761%20on%20the%20island%20of%20Chor%C3%A3o.jpg?width=640,,,,,,,State Protected Monument,,,,http://commons.wikimedia.org/wiki/Special:FilePath/Ermida%20de%20S%C3%A3o%20Jer%C3%B3nimo%20%28Hermitage%20of%20St.%20Jerome%29%2C%20also%20known%20as%20the%20Chapel%20of%20St.%20Jerome%2C%20and%20popularly%20known%20as%20Compro%20by%20Chor%C3%A3o%20islanders%2C%20is%20a%20historic%20Roman%20Catholic%20chapel%20built%20in%201761%20on%20the%20island%20of%20Chor%C3%A3o.jpg?width=640,CC BY-SA 4.0,Derekdsouza11 goa,,S-GA-49
Q97124105,Uttar Pradesh,26.934597,78.542382,Bateshwarnath Temple,,,,,,,,,,http://commons.wikimedia.org/wiki/Special:FilePath/UP%20monuments%20and%20temples.jpg?width=640,Shiva,,,,,,State Protected Monument,,Bateshwarnath Temple,,http://commons.wikimedia.org/wiki/Special:FilePath/UP%20monuments%20and%20temples.jpg?width=640,,,,S-UP-1
Q97124166,Uttar Pradesh,25.592678,80.070881,Rani Lakshmibai Temple,,,,,,,,,,http://commons.wikimedia.org/wiki/Special:FilePath/Rani%20Lakshmibai%20Temple%2001.jpg?width=640,,,,,,,State Protected Monument,,Rani Lakshmibai Temple,,http://commons.wikimedia.org/wiki/Special:FilePath/Rani%20Lakshmibai%20Temple%2001.jpg?width=640,,,,S-UP-26
Q97124181,Uttar Pradesh,27.331260,78.191018,Shiva Temple at Tikaitrai,,,,,,,,,,http://commons.wikimedia.org/wiki/Special:FilePath/Temple%20near%20bithoor%20ghat.jpg?width=640,Shiva,,,,,,State Protected Monument,,,,http://commons.wikimedia.org/wiki/Special:FilePath/Temple%20near%20bithoor%20ghat.jpg?width=640,,,,S-UP-32
Q97124518,Uttar Pradesh,,,Sarnath Temple,,,,,,,,,,http://commons.wikimedia.org/wiki/Special:FilePath/Sarnath%20temple%20varanasi.jpg?width=640,,,,,,,State Protected Monument,,,,http://commons.wikimedia.org/wiki/Special:FilePath/Sarnath%20temple%20varanasi.jpg?width=640,,,,S-UP-102
Q97142772,Maharashtra,18.987662,75.768161,Kankaleshwar Temple,,,,,,,,,,http://commons.wikimedia.org/wiki/Special:FilePath/Kankaleshwar%20Temple.jpg?width=640,Shiva,,,,,,State Protected Monument,,Kankaleshwar Temple,https://upload.wikimedia.org/wikipedia/commons/a/a6/Kankaleshwar_temple_beed.jpg,https://upload.wikimedia.org/wikipedia/commons/a/a6/Kankaleshwar_temple_beed.jpg,Public domain,Atozxyz at English Wikipedia,https://en.wikipedia.org/wiki/Kankaleshwar_Temple,S-MH-50
Q97142878,Maharashtra,20.008151,73.789969,"Sundar Narayan Temple, Nashik",,,,,,,,,,http://commons.wikimedia.org/wiki/Special:FilePath/Sundar%20Narayan%20Temple.jpg?width=640,,,,,,,State Protected Monument,,"Sundar Narayan Temple, Nashik",,http://commons.wikimedia.org/wiki/Special:FilePath/Sundar%20Narayan%20Temple.jpg?width=640,,,,S-MH-166
Q97142879,Maharashtra,20.006389,73.792222,Neelkantheshwar Mahadeva temple,,,,,,,,,,http://commons.wikimedia.org/wiki/Special:FilePath/Neelkantheswar%20Temple%2C%20Nasik.jpg?width=640,,,,,,,State Protected Monument,,Neelkantheswar Temple,,http://commons.wikimedia.org/wiki/Special:FilePath/Neelkantheswar%20Temple%2C%20Nasik.jpg?width=640,,,,S-MH-167
Q97142883,Maharashtra,20.345556,74.250278,Renuka Temple,,,,,,,,,,http://commons.wikimedia.org/wiki/Special:FilePath/Renuka%20Temple%20Chandwad.jpg?width=640,,,,,,,State Protected Monument,,"Renuka Mata Temple, Chandwad",,http://commons.wikimedia.org/wiki/Special:FilePath/Renuka%20Temple%20Chandwad.jpg?width=640,,,,S-MH-171
Q97142913,Maharashtra,18.521180,73.863323,Nageshwar Temple,,,,,,,,,,http://commons.wikimedia.org/wiki/Special:FilePath/Nageshwar%20Temple%2C%20Pune.jpg?width=640,Shiva,,,,,,PMC Heritage Grade I; State Protected Monument,,"Nageshwar Temple, Pune",,http://commons.wikimedia.org/wiki/Special:FilePath/Nageshwar%20Temple%2C%20Pune.jpg?width=640,CC BY-SA 4.0,DesiBoy101,,S-MH-204
Q97142914,Maharashtra,19.240484,73.721752,Kukadeshwar Temple,,,,,,,,,,http://commons.wikimedia.org/wiki/Special:FilePath/Kukadeshwar%20Temple%2001.jpg?width=640,Shiva,,,,,,State Protected Monument,,Kukadeshwar Temple,https://upload.wikimedia.org/wikipedia/commons/9/9d/Kukadeshwar_Temple_01.jpg,https://upload.wikimedia.org/wikipedia/commons/9/9d/Kukadeshwar_Temple_01.jpg,CC BY-SA 4.0,Mangesh Borse,https://en.wikipedia.org/wiki/Kukdeshwar_Temple,S-MH-205
Q97142945,Maharashtra,18.321915,76.141966,Uttaraeshwar temple,,,,,,,,,,http://commons.wikimedia.org/wiki/Special:FilePath/Uttareshwar%20Temple.%20Ter.Maharashtra.jpg?width=640,,,,,,,State Protected Monument,,Uttareshwar Temple,,http://commons.wikimedia.org/wiki/Special:FilePath/Uttareshwar%20Temple.%20Ter.Maharashtra.jpg?width=640,,,,S-MH-239
Q97143350,Telangana,18.311444,79.876261,Reddygudi temple,,,,,,,,,,http://commons.wikimedia.org/wiki/Special:FilePath/REDDY%20GUDI%2003.jpg?width=640,,,,,,,State Protected Monument,,Reddygudi temple,,http://commons.wikimedia.org/wiki/Special:FilePath/REDDY%20GUDI%2003.jpg?width=640,,,,S-AP-488
Q97144441,Tamil Nadu,10.904622,78.670823,Pachil Amaleeswarar  Sivankoil,,,,,,,,,,http://commons.wikimedia.org/wiki/Special:FilePath/S-TN-55%20Pachil%20Amaleeswarar%20Gopurapatti%20Trichy.jpg?width=640,,,,,,,State Protected Monument,,Amaleeswarar temple,,http://commons.wikimedia.org/wiki/Special:FilePath/S-TN-55%20Pachil%20Amaleeswarar%20Gopurapatti%20Trichy.jpg?width=640,,,,S-TN-55
Q97144443,Tamil Nadu,10.823659,78.637434,Agastheeswarar koil,,,,,,,,,,http://commons.wikimedia.org/wiki/Special:FilePath/S-TN-56%20Agastheesvarar%20Perungudi%20Trichy.jpg?width=640,,,,,,,State Protected Monument,,"Agastheeswarar koil, Tiruchirappalli",,http://commons.wikimedia.org/wiki/Special:FilePath/S-TN-56%20Agastheesvarar%20Perungudi%20Trichy.jpg?width=640,,,,S-TN-56
Q97144535,Tamil Nadu,10.763275,78.771043,Kailayamudaiyar Koil,,,,,,,,,,http://commons.wikimedia.org/wiki/Special:FilePath/S-TN-58%20Kailayamudaiyar%20Cholamadevi%20Trichy.jpg?width=640,,,,,,,State Protected Monument,,,,http://commons.wikimedia.org/wiki/Special:FilePath/S-TN-58%20Kailayamudaiyar%20Cholamadevi%20Trichy.jpg?width=640,,,,S-TN-58
Q97144574,Tamil Nadu,11.917288,79.685133,Sivankoil (Thirunareeswarar Temple),,,,,,,,,,http://commons.wikimedia.org/wiki/Special:FilePath/Kandamangalam%20Thirunareeswarar%20Temple.jpg?width=640,,,,,,,State Protected Monument,,,,http://commons.wikimedia.org/wiki/Special:FilePath/Kandamangalam%20Thirunareeswarar%20Temple.jpg?width=640,CC BY 4.0,Gowtham Sampath,,S-TN-77
Q97144580,Tamil Nadu,11.862423,79.439337,Tirumoolanathar Temple,,,,,,,,,,http://commons.wikimedia.org/wiki/Special:FilePath/S-TN-80%20Tirumoolanathar%20Perangiyur%20Villupuram.jpg?width=640,,,,,,,State Protected Monument,,"Tirumoolanathar Temple, Villupuram",,http://commons.wikimedia.org/wiki/Special:FilePath/S-TN-80%20Tirumoolanathar%20Perangiyur%20Villupuram.jpg?width=640,,,,S-TN-80
Q97147335,Dadra and Nagar Haveli and Daman and Diu,20.407458,72.830775,Ruined Church,,,,,,,,,,http://commons.wikimedia.org/wiki/Special:FilePath/Dominican%20Monastery%201.jpg?width=640,,,,,,,Monument of National Importance,,"Dominican Monastery, Daman",,http://commons.wikimedia.org/wiki/Special:FilePath/Dominican%20Monastery%201.jpg?width=640,CC BY-SA 4.0,Sunil Jose,,N-DD-8
Q97147338,Dadra and Nagar Haveli and Daman and Diu,20.402856,72.832006,The Church of Our Lady of Remedios,,,,,,,,,,http://commons.wikimedia.org/wiki/Special:FilePath/The%20Church%20of%20Our%20Lady%20of%20Remedios%20Exterior%20in%20Daman.jpg?width=640,,,,,,,Monument of National Importance,,Church of Our Lady of Remedios,,http://commons.wikimedia.org/wiki/Special:FilePath/The%20Church%20of%20Our%20Lady%20of%20Remedios%20Exterior%20in%20Daman.jpg?width=640,,,,N-DD-10
Q97147580,Odisha,20.566667,86.016667,Pancha Pandava temple,,,,,,,,,,http://commons.wikimedia.org/wiki/Special:FilePath/Pancha%20Pandava%20temple.jpg?width=640,,,,,,,Monument of National Importance,,Pancha Pandava temple,,http://commons.wikimedia.org/wiki/Special:FilePath/Pancha%20Pandava%20temple.jpg?width=640,,,,N-OR-13
Q97147582,Odisha,20.333333,85.400000,Durga temple,,,,,,,,,,http://commons.wikimedia.org/wiki/Special:FilePath/Durga%20temple%20Baideswsr.%20jpg.jpg?width=640,,,,,,,Monument of National Importance,,"Durga temple, Baideswar",,http://commons.wikimedia.org/wiki/Special:FilePath/Durga%20temple%20Baideswsr.%20jpg.jpg?width=640,CC BY-SA 4.0,Anup525,,N-OR-17
Q97147586,Odisha,20.352585,85.518814,Mahimamani Temple,,,,,,,,,,http://commons.wikimedia.org/wiki/Special:FilePath/Mahimamani%20Temple.jpg?width=640,,,,,,,Monument of National Importance,,Mahimamani Temple,,http://commons.wikimedia.org/wiki/Special:FilePath/Mahimamani%20Temple.jpg?width=640,CC BY-SA 4.0,Anup525,,N-OR-16
Q97147604,Odisha,20.866667,84.300000,Temple of Nilamadhava and Sidheswara,,,,,,,,,,http://commons.wikimedia.org/wiki/Special:FilePath/Charisambhu.jpg?width=640,,,,,,,Monument of National Importance,,Temple of Nilamadhava and Sidheswara,,http://commons.wikimedia.org/wiki/Special:FilePath/Charisambhu.jpg?width=640,CC BY-SA 4.0,Anup525,,N-OR-6
Q97147606,Odisha,20.800000,84.333333,"Paschima Somnatha, Bhubanesvara and Kapilesvara temples",,,,,,,,,,http://commons.wikimedia.org/wiki/Special:FilePath/Paschima%20Somanath.jpg?width=640,,,,,,,Monument of National Importance,,"Paschima Somnatha, Bhubanesvara and Kapilesvara temples",,http://commons.wikimedia.org/wiki/Special:FilePath/Paschima%20Somanath.jpg?width=640,,,,N-OR-5
Q97147616,Odisha,,,Bakeswar temple,,,,,,,,,,http://commons.wikimedia.org/wiki/Special:FilePath/Bhaskeswar%20Temple.JPG?width=640,,,,,,,Monument of National Importance,,Bakeswar temple,,http://commons.wikimedia.org/wiki/Special:FilePath/Bhaskeswar%20Temple.JPG?width=640,CC BY-SA 3.0,Radeeh,,N-OR-51
Q97147638,Odisha,20.250000,85.833333,Sisiresvara temple,,,,,,,,,,http://commons.wikimedia.org/wiki/Special:FilePath/Vaitala%20n%20sisireswara.jpg?width=640,,,,,,,Monument of National Importance,,Sisiresvara Temple,,http://commons.wikimedia.org/wiki/Special:FilePath/Vaitala%20n%20sisireswara.jpg?width=640,,,,N-OR-65
Q97147703,Odisha,,,Daksha Prajapati temple,,,,,,,ଦକ୍ଷ ପ୍ରଜାପତି ମନ୍ଦିର,,,http://commons.wikimedia.org/wiki/Special:FilePath/Daksha%20Prajapati%20Temple.jpg?width=640,,,,,,,Monument of National Importance,,"Daksha Prajapati Temple, Banapur",,http://commons.wikimedia.org/wiki/Special:FilePath/Daksha%20Prajapati%20Temple.jpg?width=640,CC BY-SA 4.0,Anup525,,N-OR-44
Q97147711,Odisha,20.828993,86.339760,Trilochaneswar Temple,,,,,,,,,,http://commons.wikimedia.org/wiki/Special:FilePath/Trilochaneswar%20Temple.jpg?width=640,,,,,,,Monument of National Importance,,Trilochaneswar Temple,,http://commons.wikimedia.org/wiki/Special:FilePath/Trilochaneswar%20Temple.jpg?width=640,,,,N-OR-40
Q97147717,Odisha,20.900000,85.633333,Kapileswar Mahadev Temple,,,,,,,,,,http://commons.wikimedia.org/wiki/Special:FilePath/Kapileswar%20Mahadev%20Temple.jpg?width=640,,,,,,,Monument of National Importance,,Kapileswar Mahadev Temple,,http://commons.wikimedia.org/wiki/Special:FilePath/Kapileswar%20Mahadev%20Temple.jpg?width=640,CC BY-SA 4.0,Anup525,,N-OR-20
Q97147721,Odisha,20.800000,85.666667,Annakoteswar Temple,,,,,,,,,,http://commons.wikimedia.org/wiki/Special:FilePath/Annakoteswar%20Temple.jpg?width=640,,,,,,,Monument of National Importance,,Annakoteswar Temple,,http://commons.wikimedia.org/wiki/Special:FilePath/Annakoteswar%20Temple.jpg?width=640,CC BY-SA 4.0,Anup525,,N-OR-23
Q97147740,Maharashtra,19.400178,75.291270,Jain Temple,,,,,,,,,,http://commons.wikimedia.org/wiki/Special:FilePath/Jain%20Temple%2C%20Ghotan%2C%20Ahmednagar.jpg?width=640,,,,,,,Monument of National Importance,,"Jain Temple, Ghotan",,http://commons.wikimedia.org/wiki/Special:FilePath/Jain%20Temple%2C%20Ghotan%2C%20Ahmednagar.jpg?width=640,CC BY-SA 4.0,RebuildIndia,,N-MH-A10
Q97147741,Maharashtra,19.400605,75.292292,Temple of Malikarjuna,,,,,,,,,,http://commons.wikimedia.org/wiki/Special:FilePath/Mallikarjuna%20Temple%2C%20Ghotan.jpg?width=640,,,,,,,Monument of National Importance,,"Mallikarjuna Temple, Ghotan",,http://commons.wikimedia.org/wiki/Special:FilePath/Mallikarjuna%20Temple%2C%20Ghotan.jpg?width=640,CC BY-SA 4.0,Kaushikkshinde,,N-MH-A11
Q97147742,Maharashtra,19.392984,73.793521,Harishchandragad Cave & Temple,,,,,,,,,,http://commons.wikimedia.org/wiki/Special:FilePath/Harishchandra%20Gad7%20by%20Bajirao%20Nawale.jpg?width=640,,,,,,,Monument of National Importance,,Shiva temple in Harishchandragad,,http://commons.wikimedia.org/wiki/Special:FilePath/Harishchandra%20Gad7%20by%20Bajirao%20Nawale.jpg?width=640,CC BY-SA 3.0,Bajirao,,N-MH-A12
Q97147749,Maharashtra,20.463301,79.981196,"Shiv Temple, Armori",,,,,,,,,,http://commons.wikimedia.org/wiki/Special:FilePath/ARMORI%20HEMANDPATI%20MANDHIR.jpg?width=640,,,,,,,Monument of National Importance,,Armori Temple,,http://commons.wikimedia.org/wiki/Special:FilePath/ARMORI%20HEMANDPATI%20MANDHIR.jpg?width=640,CC BY-SA 4.0,Sunildada25,,N-MH-N60
Q97147757,Maharashtra,18.507836,74.704368,Temple of Laxmi Narayan,,,,,,,,,,http://commons.wikimedia.org/wiki/Special:FilePath/Indien2012%201080%20Pedgaon%20Laxmi%20Narayan.JPG?width=640,,,,,,,Monument of National Importance,,"Lakshmi Narayan Temple, Pedagaon",,http://commons.wikimedia.org/wiki/Special:FilePath/Indien2012%201080%20Pedgaon%20Laxmi%20Narayan.JPG?width=640,CC BY-SA 3.0,Glasreifen,,N-MH-A22
Q97147761,Maharashtra,19.647074,73.935070,Triple shrined temple of Bhavani,,,,,,,,,,http://commons.wikimedia.org/wiki/Special:FilePath/View%20of%20the%20Temple.JPG?width=640,,,,,,,Monument of National Importance,,Triple Shrined Bhavani Temple,,http://commons.wikimedia.org/wiki/Special:FilePath/View%20of%20the%20Temple.JPG?width=640,,,,N-MH-A25
Q97147766,Maharashtra,19.622372,75.015011,Temple of Siddheshwar Mahadev,,,,,,,,,,http://commons.wikimedia.org/wiki/Special:FilePath/Temple%20at%20Toka-19.JPG?width=640,,,,,,,Monument of National Importance,,"Siddheshwar Temple, Toka",,http://commons.wikimedia.org/wiki/Special:FilePath/Temple%20at%20Toka-19.JPG?width=640,,,,N-MH-A28
Q97147893,Maharashtra,19.985675,76.514389,Gaimukha Temple & Tank,,,,,,,,,,http://commons.wikimedia.org/wiki/Special:FilePath/Indien2012%201365%20Lonar%20Dhara%20Mandir%20Lonar%20Gaurmukh.jpg?width=640,,,,,,,Monument of National Importance,,"Gomukh Temple, Lonar",,http://commons.wikimedia.org/wiki/Special:FilePath/Indien2012%201365%20Lonar%20Dhara%20Mandir%20Lonar%20Gaurmukh.jpg?width=640,CC BY-SA 4.0,Glasreifen,,N-MH-N28
Q97147920,Maharashtra,19.945833,79.303278,"Anchaleshwar temple group, Chandrapur",,,,,,,,,,http://commons.wikimedia.org/wiki/Special:FilePath/0101421%20Anchaleswar%20Mahadev%20Temple%2C%20Chandrapur%20Fort%2C%20Maharashtra%20081.jpg?width=640,,,,,,,Monument of National Importance,,"Anchaleshwar Temple Group, Chandrapur",,http://commons.wikimedia.org/wiki/Special:FilePath/0101421%20Anchaleswar%20Mahadev%20Temple%2C%20Chandrapur%20Fort%2C%20Maharashtra%20081.jpg?width=640,CC0,Ms Sarah Welch,,N-MH-N43
Q97147996,Maharashtra,20.468055,79.444686,"Temple of Mahadev, Neri",,,,,,,,,,http://commons.wikimedia.org/wiki/Special:FilePath/Mahadeva%20temple%2C%20Neri%20Chandrapur%20Maharashtra%20018.jpg?width=640,,,,,,,Monument of National Importance,,"Mahadeva Temple, Neri",,http://commons.wikimedia.org/wiki/Special:FilePath/Mahadeva%20temple%2C%20Neri%20Chandrapur%20Maharashtra%20018.jpg?width=640,CC0,Ms Sarah Welch,,N-MH-N56
Q97148008,Maharashtra,21.167919,74.492128,Temple of Shiva,,,,,,,,,,http://commons.wikimedia.org/wiki/Special:FilePath/Mahadev%20Mandir%20.jpg?width=640,,,,,,,Monument of National Importance,,Temple of Shiva,,http://commons.wikimedia.org/wiki/Special:FilePath/Mahadev%20Mandir%20.jpg?width=640,CC BY-SA 4.0,Parimal R. Patil,,N-MH-A44
Q97148032,Maharashtra,20.421198,79.997589,Two temples (one small and one large) which are closely situated,,,,,,,,,,http://commons.wikimedia.org/wiki/Special:FilePath/0101923%20Shiva%20temple%20group%2C%20Thanegaon%20Gadchiroli%20Maharashtra%20014.jpg?width=640,,,,,,,Monument of National Importance,,,,http://commons.wikimedia.org/wiki/Special:FilePath/0101923%20Shiva%20temple%20group%2C%20Thanegaon%20Gadchiroli%20Maharashtra%20014.jpg?width=640,CC0,Ms Sarah Welch,,N-MH-N66
Q97148035,Maharashtra,20.426064,80.085149,"Bhandareshwar temple, Vairagad",,,,,,,,,,http://commons.wikimedia.org/wiki/Special:FilePath/0101621%20Bhandareshwar%20Temple%2C%20Wairagarh%20Vairagad%20Maharashtra%20070.jpg?width=640,,,,,,,Monument of National Importance,,Bhandareshwar temple,,http://commons.wikimedia.org/wiki/Special:FilePath/0101621%20Bhandareshwar%20Temple%2C%20Wairagarh%20Vairagad%20Maharashtra%20070.jpg?width=640,CC0,Ms Sarah Welch,,N-MH-N68
Q97148041,Maharashtra,20.334186,74.974336,Maheswara Temple,,,,,,,,,,http://commons.wikimedia.org/wiki/Special:FilePath/Maheswara%20Temple%20-%20Patan%20-Maharashtra%20-SGR%20002.jpg?width=640,,,,,,,Monument of National Importance,,"Maheswara Temple, Patan",,http://commons.wikimedia.org/wiki/Special:FilePath/Maheswara%20Temple%20-%20Patan%20-Maharashtra%20-SGR%20002.jpg?width=640,CC BY-SA 4.0,Shubham Ganesh Rathod,,N-MH-A54
Q97148043,Maharashtra,20.323911,74.980753,"Chandika Devi Temple, Patan",,,,,,,,,,http://commons.wikimedia.org/wiki/Special:FilePath/Temple%20of%20Chandika%20Devi%20-%20Patan%20-Maharashtra%20-SGR%20001.jpg?width=640,,,,,,,Monument of National Importance,,"Chandika Devi Temple, Patan",,http://commons.wikimedia.org/wiki/Special:FilePath/Temple%20of%20Chandika%20Devi%20-%20Patan%20-Maharashtra%20-SGR%20001.jpg?width=640,,,,N-MH-A55
Q97148067,Maharashtra,21.406259,79.328086,"Kali Mata Temple, Ramtek",,,,,,,,,,http://commons.wikimedia.org/wiki/Special:FilePath/Kalimata%27s%20Temple%20Ramtek.jpg?width=640,,,,,,,Monument of National Importance,,"Kali Mata Temple, Ramtek",,http://commons.wikimedia.org/wiki/Special:FilePath/Kalimata%27s%20Temple%20Ramtek.jpg?width=640,CC BY-SA 4.0,Kmohankar,,N-MH-N83
Q97149679,Maharashtra,19.734994,73.540646,Jaina Cave,,,,,,,,,,http://commons.wikimedia.org/wiki/Special:FilePath/Whole%20structure%20of%20jain%20temple.jpg?width=640,,,,,,,Monument of National Importance,,"Jain temple, Tringalwadi Fort",,http://commons.wikimedia.org/wiki/Special:FilePath/Whole%20structure%20of%20jain%20temple.jpg?width=640,,,,N-MH-A74
Q97159334,Goa,,,Church of Reis  Magos,,,,,,,,,,http://commons.wikimedia.org/wiki/Special:FilePath/Reis%20magos%20church.JPG?width=640,,,,,,,Heritage of Portuguese Influence; State Protected Monument,,Church of Reis Magos,,http://commons.wikimedia.org/wiki/Special:FilePath/Reis%20magos%20church.JPG?width=640,,,,S-GA-4
Q97186245,Maharashtra,19.983573,76.519787,Daitya Sudan temple,,,,,,,,,,http://commons.wikimedia.org/wiki/Special:FilePath/Back%20view%20of%20the%20Temple%20of%20Daitya%20Sudana.JPG?width=640,,,,,,,Monument of National Importance,,Daitya Sudan temple,https://upload.wikimedia.org/wikipedia/commons/d/d8/Temple_of_Daitya_Sudana-Lonar-Maharashtra.jpg,https://upload.wikimedia.org/wikipedia/commons/d/d8/Temple_of_Daitya_Sudana-Lonar-Maharashtra.jpg,,,https://en.wikipedia.org/wiki/Daitya_Sudan_Temple,N-MH-N31
Q97308683,Maharashtra,19.243033,72.852852,"Portuguese churches, Mandapeshwar",,,,,,,,,,http://commons.wikimedia.org/wiki/Special:FilePath/Mandapeshwar%20caves%20%26%20Portuguese%20churches%2005.jpg?width=640,,,,,,,Monument of National Importance,,"Portuguese churches, Mandapeshwar",,http://commons.wikimedia.org/wiki/Special:FilePath/Mandapeshwar%20caves%20%26%20Portuguese%20churches%2005.jpg?width=640,CC BY-SA 3.0,Grv rtd490,,N-MH-M10
Q97308736,Maharashtra,18.633889,72.864167,The Temple of Ganpati-Panchyatan,,,,,,,,,,http://commons.wikimedia.org/wiki/Special:FilePath/Kolaba%20fort%20central%20temple.jpg?width=640,,,,,,,Monument of National Importance,,"Siddhivinayak Temple, Kolaba Fort",,http://commons.wikimedia.org/wiki/Special:FilePath/Kolaba%20fort%20central%20temple.jpg?width=640,CC BY-SA 2.0,Abhiram Katta,,N-MH-M53-l
Q97309144,Maharashtra,17.964309,73.665389,Old Temple of the River Krishna,,,,,,,,,,http://commons.wikimedia.org/wiki/Special:FilePath/Old%20Temple%20of%20the%20River%20Krishna.jpg?width=640,,,,,,,Monument of National Importance,,Krishnabai Temple,,http://commons.wikimedia.org/wiki/Special:FilePath/Old%20Temple%20of%20the%20River%20Krishna.jpg?width=640,,,,N-MH-M98
Q97309145,Maharashtra,17.990161,74.430334,Jhabreshwar Mahadev Temple,,,,,,,,,,http://commons.wikimedia.org/wiki/Special:FilePath/Jabreshwar%20Mandir%2CPhaltan.jpg?width=640,,,,,,,Monument of National Importance,,,,http://commons.wikimedia.org/wiki/Special:FilePath/Jabreshwar%20Mandir%2CPhaltan.jpg?width=640,CC BY-SA 3.0,Kmanoj999,,N-MH-M99
Q97309149,Maharashtra,17.564636,75.559270,Old Temple of Sri Siddeshwar,,,,,,,,,,http://commons.wikimedia.org/wiki/Special:FilePath/Siddheshwar%20Mandir%2C%20Machnur%2C%20Solapur.%20Original%20photo%20by%20Amar%20D.%20Raut%20on%204%20September%202021.jpg?width=640,,,,,,,Monument of National Importance,,Temple of Siddheshwar,,http://commons.wikimedia.org/wiki/Special:FilePath/Siddheshwar%20Mandir%2C%20Machnur%2C%20Solapur.%20Original%20photo%20by%20Amar%20D.%20Raut%20on%204%20September%202021.jpg?width=640,,,,N-MH-M102
Q97309157,Maharashtra,17.790878,75.058992,Gateway and old Maruti temple with Viragal stones on either side,,,,,,,,,,http://commons.wikimedia.org/wiki/Special:FilePath/Old%20Maruti%20temple.jpg?width=640,,,,,,,Monument of National Importance,,"Hanuman Temple, Velapur",,http://commons.wikimedia.org/wiki/Special:FilePath/Old%20Maruti%20temple.jpg?width=640,,,,N-MH-M110
Q97309161,Maharashtra,17.791703,75.053594,"Temple of Haranareshwar & Ardhanarinateshwar, one Hemadpanthi tank (small square kunda) & Viragal stones kept in the compound",,,,,,,,"अर्धनारीनटेश्वर मंदिर, वेळापूर",,http://commons.wikimedia.org/wiki/Special:FilePath/Temple%20of%20Ardhanarinateshwar.jpg?width=640,,,,,,,Monument of National Importance,,"Ardhanari Nateshwar Temple, Velapur",,http://commons.wikimedia.org/wiki/Special:FilePath/Temple%20of%20Ardhanarinateshwar.jpg?width=640,,,,N-MH-M114
Q97309282,Maharashtra,19.864343,74.521385,Old temple,,,,,,,,,,http://commons.wikimedia.org/wiki/Special:FilePath/Kokamthan%20Temple.jpeg?width=640,,,,,,,Monument of National Importance,,Kokamthan Temple,,http://commons.wikimedia.org/wiki/Special:FilePath/Kokamthan%20Temple.jpeg?width=640,CC BY-SA 3.0,Pankajzarekar,,N-MH-A16
Q97309885,Maharashtra,19.937880,73.581238,Old temple,,,,,,,,,,http://commons.wikimedia.org/wiki/Special:FilePath/Carved%20temple%2C%20Old%20Jain%20Temple%20of%20Anjaneri%2C%20Nashik%2C%20Maharashtra%2C%20India%20%282014%29.jpg?width=640,,,,,,,Monument of National Importance,,Old Temple of Anjaneri,,http://commons.wikimedia.org/wiki/Special:FilePath/Carved%20temple%2C%20Old%20Jain%20Temple%20of%20Anjaneri%2C%20Nashik%2C%20Maharashtra%2C%20India%20%282014%29.jpg?width=640,CC BY-SA 4.0,Satishkulkarniwtn,,N-MH-A66
Q97440319,Karnataka,,,Panchalingesvara temple,,,,,,,,,,http://commons.wikimedia.org/wiki/Special:FilePath/Hooli%20Panchalingesavara%20Gudi.JPG?width=640,,,,,,,Monument of National Importance,,Hooli Panchalingeshwara temple,,http://commons.wikimedia.org/wiki/Special:FilePath/Hooli%20Panchalingesavara%20Gudi.JPG?width=640,CC BY-SA 3.0,Ktnkiran,,N-KA-D13
Q97440340,Karnataka,15.762910,74.895445,Jaina temple of Muktesvara,,,,,,,,,,http://commons.wikimedia.org/wiki/Special:FilePath/Jain%20Temples%20in%20Wakkund.JPG?width=640,,,,,,,Monument of National Importance,,"Jain Temple, Wakkund",,http://commons.wikimedia.org/wiki/Special:FilePath/Jain%20Temples%20in%20Wakkund.JPG?width=640,CC BY-SA 3.0,Bchipre,,N-KA-D34
Q97440349,Karnataka,,,A temple of Galaganatha group (3),,,,,,,,,,http://commons.wikimedia.org/wiki/Special:FilePath/Temple%20of%20Galaganath%2C%20Badami.jpg?width=640,,,,,,,Monument of National Importance,,A temple of Galaganatha group (3),,http://commons.wikimedia.org/wiki/Special:FilePath/Temple%20of%20Galaganath%2C%20Badami.jpg?width=640,,,,N-KA-D45
Q97440351,Karnataka,,,A temple of Galaganatha group (5),,,,,,,,,,http://commons.wikimedia.org/wiki/Special:FilePath/Temple%20of%20Galaganath.jpg?width=640,,,,,,,Monument of National Importance,,A temple of Galaganatha group (5),,http://commons.wikimedia.org/wiki/Special:FilePath/Temple%20of%20Galaganath.jpg?width=640,,,,N-KA-D47
Q97440383,Karnataka,16.017265,75.883968,Meguti Jaina temple,,,,,,,,,,http://commons.wikimedia.org/wiki/Special:FilePath/Aihole%20si05-1400.jpg?width=640,,,,,,,Monument of National Importance,,Meguti Jain Temple,,http://commons.wikimedia.org/wiki/Special:FilePath/Aihole%20si05-1400.jpg?width=640,CC BY-SA 4.0,G41rn8,,N-KA-D68
Q97440394,Karnataka,,,No name but forms part of Veniyargudi.,,,,,,,,,,http://commons.wikimedia.org/wiki/Special:FilePath/Veniyargudi%20Temples%2C%20Aihole%20%282%29.JPG?width=640,,,,,,,Monument of National Importance,,Veniyargudi Temples,,http://commons.wikimedia.org/wiki/Special:FilePath/Veniyargudi%20Temples%2C%20Aihole%20%282%29.JPG?width=640,,,,N-KA-D77
Q97440411,Karnataka,16.017748,75.884219,Two storeyed Jaina temple and cave at Meguti hill,,,,,,,,,,http://commons.wikimedia.org/wiki/Special:FilePath/Aihole%20si05-1397.jpg?width=640,,,,,,,Monument of National Importance,,Two storeyed Buddhist monument and cave at Meguti hill,,http://commons.wikimedia.org/wiki/Special:FilePath/Aihole%20si05-1397.jpg?width=640,CC BY-SA 4.0,G41rn8,,N-KA-D94
Q97440427,Karnataka,15.920937,75.685441,Group of temples on the north side of the Lake towards east end,,,,,,,,,,http://commons.wikimedia.org/wiki/Special:FilePath/11th%20to%2012th%20century%20Northern%20Bhutanatha%20group%2C%20Mallikarjuna%20temples%2C%20Badami%20Karnataka.jpg?width=640,,,,,,,Monument of National Importance,,"Mallikarjuna Temples, Badami",,http://commons.wikimedia.org/wiki/Special:FilePath/11th%20to%2012th%20century%20Northern%20Bhutanatha%20group%2C%20Mallikarjuna%20temples%2C%20Badami%20Karnataka.jpg?width=640,CC BY-SA 4.0,Ms Sarah Welch,,N-KA-D106
Q97440537,Karnataka,,,Old Temple (partly buried ) to the right side of the main entrance to the modern Banashankari temple,,,,,,,,,,http://commons.wikimedia.org/wiki/Special:FilePath/Old%20Temple%20near%20Banashankari%20temple.JPG?width=640,,,,,,,Monument of National Importance,,Old temple at the modern Banashankari temple,,http://commons.wikimedia.org/wiki/Special:FilePath/Old%20Temple%20near%20Banashankari%20temple.JPG?width=640,,,,N-KA-D192
Q97440563,Karnataka,,,Galaganatha temple,,,,,,,,,,http://commons.wikimedia.org/wiki/Special:FilePath/Pattadkallu04%20%28cropped%29.jpg?width=640,,,,,Chalukya dynasty,,Monument of National Importance,,"Galaganatha Temple, Pattadakal",,http://commons.wikimedia.org/wiki/Special:FilePath/Pattadkallu04%20%28cropped%29.jpg?width=640,,,,N-KA-D211
Q97440564,Karnataka,15.949148,75.816134,Virupaksha temple,,,,,,,,,,http://commons.wikimedia.org/wiki/Special:FilePath/Virupaksha%20Temple-Pattadakal-Karnataka-01.jpg?width=640,,,,,Chalukya dynasty,0740-01-01T00:00:00Z,Monument of National Importance,,"Virupaksha Temple, Pattadakal",,http://commons.wikimedia.org/wiki/Special:FilePath/Virupaksha%20Temple-Pattadakal-Karnataka-01.jpg?width=640,,,,N-KA-D212
Q97440566,Karnataka,15.950112,75.815976,Jambulinga temple,,,,,,,,,,http://commons.wikimedia.org/wiki/Special:FilePath/General%20View%20of%20Jambulinga%20Temple.jpg?width=640,,,,,,,Monument of National Importance,,"Jambulinga Temple, Pattadakal",,http://commons.wikimedia.org/wiki/Special:FilePath/General%20View%20of%20Jambulinga%20Temple.jpg?width=640,CC BY-SA 4.0,Itsmalay~commonswiki,,N-KA-D214
Q97440567,Karnataka,15.950390,75.816031,Kadasiddesvara temple,,,,,,,,,,http://commons.wikimedia.org/wiki/Special:FilePath/7th%20century%20Kadasiddheswara%20temple%2C%20Pattadakal%20monuments%20Karnataka.jpg?width=640,,,,,Chalukya dynasty,,Monument of National Importance,,"Kadasiddheshvara Temple, Pattadakal",,http://commons.wikimedia.org/wiki/Special:FilePath/7th%20century%20Kadasiddheswara%20temple%2C%20Pattadakal%20monuments%20Karnataka.jpg?width=640,CC BY-SA 4.0,Ms Sarah Welch,,N-KA-D215
Q97440568,Karnataka,,,Kasivisvesvara Temple,,,,,,,,,,http://commons.wikimedia.org/wiki/Special:FilePath/Kasivisvanatha%20temple%20at%20Pattadakal.jpg?width=640,,,,,,,Monument of National Importance,,"Kashivishveshvara Temple, Pattadakal",,http://commons.wikimedia.org/wiki/Special:FilePath/Kasivisvanatha%20temple%20at%20Pattadakal.jpg?width=640,CC BY-SA 3.0,"Dineshkannambadi (talk) 23:13, 30 July 2008 (UTC)",,N-KA-D216
Q97440570,Karnataka,,,Mallikarjuna temple,,,,,,,,,,http://commons.wikimedia.org/wiki/Special:FilePath/Pattadakal%20view.jpg?width=640,,,,,,,Monument of National Importance,,"Mallikarjuna Temple, Pattadakal",,http://commons.wikimedia.org/wiki/Special:FilePath/Pattadakal%20view.jpg?width=640,,,,N-KA-D218
Q97440571,Karnataka,15.947539,75.816346,Papanatha temple,,,,,,,,,,http://commons.wikimedia.org/wiki/Special:FilePath/Papanatha%20temple%20at%20Pattadakal.jpg?width=640,,,,,,,Monument of National Importance,,Papanatha Temple at Pattadakal,,http://commons.wikimedia.org/wiki/Special:FilePath/Papanatha%20temple%20at%20Pattadakal.jpg?width=640,,,,N-KA-D219
Q97440572,Karnataka,15.949828,75.816198,Sangamesvara temple,,,,,,,,,,http://commons.wikimedia.org/wiki/Special:FilePath/2017%20Pattadakal%2C%20Hindu%20Temple%20with%20dancing%20reliefs.jpg?width=640,,,,,,,Monument of National Importance,,Sangameshvara Temple,,http://commons.wikimedia.org/wiki/Special:FilePath/2017%20Pattadakal%2C%20Hindu%20Temple%20with%20dancing%20reliefs.jpg?width=640,CC BY 2.0,Nicolas Vollmer from Munich [Allemagne],,N-KA-D220
Q97440577,Karnataka,15.423444,75.432305,Amritesvara temple,,,,,,,,,,http://commons.wikimedia.org/wiki/Special:FilePath/Amritesvara%20temple%20at%20Annigeri%2C%20Dharwad%20district%2C%20Karnataka.jpg?width=640,,,,,,,Monument of National Importance,,"Amritesvara Temple, Annigeri",,http://commons.wikimedia.org/wiki/Special:FilePath/Amritesvara%20temple%20at%20Annigeri%2C%20Dharwad%20district%2C%20Karnataka.jpg?width=640,CC BY-SA 3.0,Sudeep m,,N-KA-D226
Q97440585,Karnataka,,,Saraswati temple,,,,,,,,,,http://commons.wikimedia.org/wiki/Special:FilePath/1100%20CE%20Saraswati%20temple%2C%20Gadag%2C%20Karnataka%20India%20-%2001.jpg?width=640,,,,,,,Monument of National Importance,,"Saraswati Temple, Gadag",,http://commons.wikimedia.org/wiki/Special:FilePath/1100%20CE%20Saraswati%20temple%2C%20Gadag%2C%20Karnataka%20India%20-%2001.jpg?width=640,CC0,P. Madhusudan,,N-KA-D234
Q97440587,Karnataka,14.921599,75.683371,Galagesvara temple,,,,,,,,,,http://commons.wikimedia.org/wiki/Special:FilePath/Galageshvara%20temple%20at%20Galaganatha%2C%20Haveri%20district%2C%20Karnataka.JPG?width=640,,,,,,,Monument of National Importance,,Galageshwara Shiva Temple,,http://commons.wikimedia.org/wiki/Special:FilePath/Galageshvara%20temple%20at%20Galaganatha%2C%20Haveri%20district%2C%20Karnataka.JPG?width=640,CC BY-SA 4.0,Dineshkannambadi,,N-KA-D236
Q97440596,Karnataka,15.393046,75.720234,Manikesvara temple at Muskinbhavi,,,,,,,,,,http://commons.wikimedia.org/wiki/Special:FilePath/11th%2012th%20century%20Manikeshwara%20temple%2C%20Lakkundi%2C%20Karnataka%20India%20-%2002.jpg?width=640,,,,,,,Monument of National Importance,,"Manikeshwara Temple, Lakkundi",,http://commons.wikimedia.org/wiki/Special:FilePath/11th%2012th%20century%20Manikeshwara%20temple%2C%20Lakkundi%2C%20Karnataka%20India%20-%2002.jpg?width=640,CC0,P. Madhusudan,,N-KA-D247
Q97440616,Karnataka,14.535171,75.017090,Madhukesvara temple,,பனவாசி மதுகேசுவரா கோயில்,,,,,,,,http://commons.wikimedia.org/wiki/Special:FilePath/Madhukeshwara%20temple%20at%20Banavasi%20sirsi.JPG?width=640,,,,,,,Monument of National Importance,,"Madhukesvara Temple, Banavasi",https://upload.wikimedia.org/wikipedia/commons/c/c2/Madhukeshwara_Temple%2C_Banavasi.jpg,https://upload.wikimedia.org/wikipedia/commons/c/c2/Madhukeshwara_Temple%2C_Banavasi.jpg,CC BY-SA 4.0,Ramya R Joshi,https://en.wikipedia.org/wiki/Banavasi_Madhukeshwara_Temple,N-KA-D264
Q97440620,Karnataka,14.031241,74.637009,Jattappa Naykana Chandranathesvara Basti temple,,,,,,,,,,http://commons.wikimedia.org/wiki/Special:FilePath/Jettappa%20Naikana%20Chandranathesvara%20Basti%20glowing%20in%20the%20evening%20sun.jpg?width=640,,,,,,,Monument of National Importance,,Jettappa Naikana Chandranathesvara Basti,,http://commons.wikimedia.org/wiki/Special:FilePath/Jettappa%20Naikana%20Chandranathesvara%20Basti%20glowing%20in%20the%20evening%20sun.jpg?width=640,CC BY-SA 3.0,Aafaaque,,N-KA-D268
Q97440717,Karnataka,15.332590,76.459557,Group of Jain Temples on the Hemakuta hill,,,,,,,,,,http://commons.wikimedia.org/wiki/Special:FilePath/Jain%20Temples%20Hemakuta%20Hill.jpg?width=640,,,,,,,Monument of National Importance,,Hemakuta temple hill complex,,http://commons.wikimedia.org/wiki/Special:FilePath/Jain%20Temples%20Hemakuta%20Hill.jpg?width=640,CC BY-SA 4.0,Suraj S Rao,,N-KA-B13
Q97440720,Karnataka,,,Kadalekalu Ganesa Temple,,,,,,,,,,http://commons.wikimedia.org/wiki/Special:FilePath/Ganesha%20temple%2C%20Hampi%2C%20Karnataka.jpg?width=640,,,,,,,Monument of National Importance,,Kadalekalu Ganesha Temple,,http://commons.wikimedia.org/wiki/Special:FilePath/Ganesha%20temple%2C%20Hampi%2C%20Karnataka.jpg?width=640,CC BY-SA 4.0,Ram Nagesh Thota,,N-KA-B14
Q97440724,Karnataka,,,Sasvikal Ganesa Temple,,,,,,,,,,http://commons.wikimedia.org/wiki/Special:FilePath/Monolithic%20Ganesha%20statue%20in%20Hampi.jpg?width=640,,,,,,,Monument of National Importance,,Sasivekalu Ganesha Temple,,http://commons.wikimedia.org/wiki/Special:FilePath/Monolithic%20Ganesha%20statue%20in%20Hampi.jpg?width=640,CC BY-SA 4.0,IM3847,,N-KA-B16
Q97440734,Karnataka,,,Saraswati Temple,,,,,,,,,,http://commons.wikimedia.org/wiki/Special:FilePath/SARASVATHI%20TEMPLE-Dr%20Murali%20Mohan%20Gurram%20%283%29.jpg?width=640,,,,,,,Monument of National Importance,,"Sarasvathi Temple, Hampi",,http://commons.wikimedia.org/wiki/Special:FilePath/SARASVATHI%20TEMPLE-Dr%20Murali%20Mohan%20Gurram%20%283%29.jpg?width=640,,,,N-KA-B21
Q97440750,Karnataka,15.313900,76.474398,Chanderasekara Temple,,,,,,,,,,http://commons.wikimedia.org/wiki/Special:FilePath/Chanderasekara%20Temple%2C%20hampi.jpg?width=640,,,,,,,Monument of National Importance,,Chanderasekara Temple,,http://commons.wikimedia.org/wiki/Special:FilePath/Chanderasekara%20Temple%2C%20hampi.jpg?width=640,CC BY-SA 3.0,Srikar.agnihotram,,N-KA-B28
Q97440768,Karnataka,15.313687,76.478235,Gnanagitte Jaina Temple,,,,,,,,,,http://commons.wikimedia.org/wiki/Special:FilePath/GANIGITTI%20TEMPLE-Dr.%20Murali%20Mohan%20Gurram%20%281%29.jpg?width=640,,,,,,,Monument of National Importance,,Ganagitti Jaina Temple,,http://commons.wikimedia.org/wiki/Special:FilePath/GANIGITTI%20TEMPLE-Dr.%20Murali%20Mohan%20Gurram%20%281%29.jpg?width=640,CC BY-SA 3.0,Dr Murali Mohan Gurram,,N-KA-B33
Q97440778,Karnataka,15.318079,76.464104,Prasanna Virupaksha Temple,,,,,,,,,,http://commons.wikimedia.org/wiki/Special:FilePath/Hampi%2C%20underground%20Shiva%20Temple.jpg?width=640,,,,,,,Monument of National Importance,,Prasanna Virupaksha Temple,,http://commons.wikimedia.org/wiki/Special:FilePath/Hampi%2C%20underground%20Shiva%20Temple.jpg?width=640,CC BY-SA 4.0,Clarenicholls80,,N-KA-B36
Q97440804,Karnataka,15.305917,76.482780,Pattabhirama Temple,,,,,,,,,,http://commons.wikimedia.org/wiki/Special:FilePath/16th%20century%20Pattabhirama%20temple%2C%20a%20gopuram%2C%20Hampi%20Hindu%20monuments%20Karnataka.jpg?width=640,,,,,,,Monument of National Importance,,"Pattabhirama temple, Hampi",,http://commons.wikimedia.org/wiki/Special:FilePath/16th%20century%20Pattabhirama%20temple%2C%20a%20gopuram%2C%20Hampi%20Hindu%20monuments%20Karnataka.jpg?width=640,CC BY-SA 4.0,Ms Sarah Welch,,N-KA-B45
Q97440826,Karnataka,15.319656,76.471951,i)Water Pavilion in Zenana Enclosureii) Guards House in Zenana Enclosure iii) Walls and Gateways of the Zenana Enclosure iv) Ranga Temple,,,,,,,,,,http://commons.wikimedia.org/wiki/Special:FilePath/RANGA%20TEMPLE-Dr.%20Murali%20Mohan%20Gurram%20%282%29.jpg?width=640,,,,,,,Monument of National Importance,,,,http://commons.wikimedia.org/wiki/Special:FilePath/RANGA%20TEMPLE-Dr.%20Murali%20Mohan%20Gurram%20%282%29.jpg?width=640,,,,N-KA-B53
Q97440830,Karnataka,15.330471,76.460438,Krishna Temple,,,,,,,,,,http://commons.wikimedia.org/wiki/Special:FilePath/16th-century%20Bala%20Krishna%20temple%2C%20Kamalapura%20Hampi%20Hindu%20monuments%20Karnataka.jpg?width=640,,,,,,,Monument of National Importance,,Bala Krishna Temple (Hampi),,http://commons.wikimedia.org/wiki/Special:FilePath/16th-century%20Bala%20Krishna%20temple%2C%20Kamalapura%20Hampi%20Hindu%20monuments%20Karnataka.jpg?width=640,CC BY-SA 4.0,Ms Sarah Welch,,N-KA-B55
Q97440832,Karnataka,15.329517,76.459114,Linga Temple near Narsimha Statue Badavilinga Temple,,,,,,,,,,http://commons.wikimedia.org/wiki/Special:FilePath/Badaviling%20Shivaling%20%40%20Hampi%2C%20Hampi%2C%20Karnataka.jpg?width=640,,,,,,,Monument of National Importance,,Badavilinga Temple,,http://commons.wikimedia.org/wiki/Special:FilePath/Badaviling%20Shivaling%20%40%20Hampi%2C%20Hampi%2C%20Karnataka.jpg?width=640,CC BY-SA 4.0,Ram Nagesh Thota,,N-KA-B56
Q97440892,Karnataka,15.310605,76.429467,Saraswathy Temple,,,,,,,,,,http://commons.wikimedia.org/wiki/Special:FilePath/Saraswathi%20Temple%201%2C%20Hampi%2004.jpg?width=640,,,,,,,Monument of National Importance,,"Saraswati Temple, Hampi (1)",,http://commons.wikimedia.org/wiki/Special:FilePath/Saraswathi%20Temple%201%2C%20Hampi%2004.jpg?width=640,,,,N-KA-B64
Q97440893,Karnataka,,,Gopala Krishnaswami Temple,,,,,,,,,,http://commons.wikimedia.org/wiki/Special:FilePath/A%20profile%20of%20the%20Gopala%20Krishnaswamy%20temple%20at%20Timmalapura.JPG?width=640,,,,,,,Monument of National Importance,,,,http://commons.wikimedia.org/wiki/Special:FilePath/A%20profile%20of%20the%20Gopala%20Krishnaswamy%20temple%20at%20Timmalapura.JPG?width=640,CC BY-SA 3.0,Dineshkannambadi,,N-KA-B65
Q97440894,Karnataka,,,Siva's Temple,,,,,,,,,,http://commons.wikimedia.org/wiki/Special:FilePath/Shiva%20temple%20%281539%20AD%29%20at%20Timmalapura.jpg?width=640,,,,,,,Monument of National Importance,,Timmalapura,,http://commons.wikimedia.org/wiki/Special:FilePath/Shiva%20temple%20%281539%20AD%29%20at%20Timmalapura.jpg?width=640,,,,N-KA-B66
Q97440906,Karnataka,15.341488,76.475506,Vishnu Temple No.III facing South Gateway of Vittala Temple,,,,,,,,,,http://commons.wikimedia.org/wiki/Special:FilePath/VISHNU%20TEMPLE-Dr.%20Murali%20Mohan%20Gurram%20%282%29.jpg?width=640,,,,,,,Monument of National Importance,,Vishnu Temple No.III facing South Gateway of Vittala Temple,,http://commons.wikimedia.org/wiki/Special:FilePath/VISHNU%20TEMPLE-Dr.%20Murali%20Mohan%20Gurram%20%282%29.jpg?width=640,,,,N-KA-B78
Q97440907,Karnataka,15.342488,76.475469,"Vitthala Temple, Hampi",,"விட்டலர் கோயில், அம்பி",,"ವಿಜಯ ವಿಠಲ ದೇವಸ್ಥಾನ, ಹಂಪಿ",,,,,,http://commons.wikimedia.org/wiki/Special:FilePath/15th-16th%20century%20Vitthala%20temple%20exterior%20view%2C%20Hampi%20Hindu%20monuments%20Karnataka.jpg?width=640,,,,,,,Monument of National Importance,,Vittala Temple,,http://commons.wikimedia.org/wiki/Special:FilePath/15th-16th%20century%20Vitthala%20temple%20exterior%20view%2C%20Hampi%20Hindu%20monuments%20Karnataka.jpg?width=640,CC BY-SA 4.0,Ms Sarah Welch,,N-KA-B79-a
Q97440914,Karnataka,11.803342,76.859362,"Ramesvara Temple, Narasamangala",,,,,,,,,,http://commons.wikimedia.org/wiki/Special:FilePath/Rameshvara%20temple%20%289th%20century%29%20at%20Narasamangala.JPG?width=640,,,,,,,Monument of National Importance,,"Rameshvara temple, Narasamangala",,http://commons.wikimedia.org/wiki/Special:FilePath/Rameshvara%20temple%20%289th%20century%29%20at%20Narasamangala.JPG?width=640,,,,N-KA-B82
Q97440920,Karnataka,13.415773,75.251429,Vidyasankara Temple,,வித்யாசங்கரா கோயில்,,,,,,,,http://commons.wikimedia.org/wiki/Special:FilePath/Vidyasankara%20Temple-Chikkamagaluru%20district-Karnataka.jpg?width=640,,,,,,,Monument of National Importance,,"Vidyashankara Temple, Shringeri",,http://commons.wikimedia.org/wiki/Special:FilePath/Vidyasankara%20Temple-Chikkamagaluru%20district-Karnataka.jpg?width=640,,,,N-KA-B86
Q97440924,Karnataka,14.215840,76.395919,Chitradurga hill fortress & temples,,,,,,,,,,http://commons.wikimedia.org/wiki/Special:FilePath/GALIMANTAPA.jpg?width=640,,,,,,,Monument of National Importance,,Chitradurga Fort temples,,http://commons.wikimedia.org/wiki/Special:FilePath/GALIMANTAPA.jpg?width=640,CC BY-SA 4.0,Basavarajmin21,,N-KA-B90
Q97440951,Karnataka,13.208657,75.994834,Parsvanatha Basti,,,,,,,,,,http://commons.wikimedia.org/wiki/Special:FilePath/Parsavanatha%20Basadi%20in%20Halebidu.jpg?width=640,,,,,,,Monument of National Importance,,"Parsvanatha Basadi, Halebidu",,http://commons.wikimedia.org/wiki/Special:FilePath/Parsavanatha%20Basadi%20in%20Halebidu.jpg?width=640,,,,N-KA-B114
Q97440965,Karnataka,12.861648,76.486988,Parshvanatha Basadi,,,,,,,,,,http://commons.wikimedia.org/wiki/Special:FilePath/North%20eastern%20view%20of%20Parsvanatha%20Basadi%20at%20Shravanabelgola.jpg?width=640,,,,,,,Monument of National Importance,,"Parshvanatha Basti, Shravanabelagola",https://upload.wikimedia.org/wikipedia/commons/c/cb/North_eastern_view_of_Parsvanatha_Basadi_at_Shravanabelgola.jpg,https://upload.wikimedia.org/wikipedia/commons/c/cb/North_eastern_view_of_Parsvanatha_Basadi_at_Shravanabelgola.jpg,,,"https://en.wikipedia.org/wiki/Parshvanatha_basadi,_Shravanabelgola",N-KA-B127
Q97440977,Karnataka,12.364974,77.062294,Lakshminarasihmaswamy Temple,,இலட்சுமி நரசிம்மர் கோயில்,,,,,,,,http://commons.wikimedia.org/wiki/Special:FilePath/Front%20View%2C%20Lakshminarasihmaswamy%20Temple.JPG?width=640,,,,,,,Monument of National Importance,,"Lakshminarasihmaswamy Temple, Marehalli",,http://commons.wikimedia.org/wiki/Special:FilePath/Front%20View%2C%20Lakshminarasihmaswamy%20Temple.JPG?width=640,CC BY-SA 3.0,Pavithrah,,N-KA-B141
Q97440990,Karnataka,12.557031,76.641833,Nambi Narayana Temple,,,,,,,,,,http://commons.wikimedia.org/wiki/Special:FilePath/Nambi%20Narayana%20Temple.JPG?width=640,,,,,,,Monument of National Importance,,Nambi Narayana Temple,,http://commons.wikimedia.org/wiki/Special:FilePath/Nambi%20Narayana%20Temple.JPG?width=640,CC BY-SA 3.0,Pavithrah,,N-KA-B155
Q97441066,Karnataka,12.179635,77.024410,Kirtinarayana Temple,,,,,,,,,,http://commons.wikimedia.org/wiki/Special:FilePath/Keerthinarayana%20Temple%2C%20Talakadu%20-%20panoramio.jpg?width=640,,,,,,,Monument of National Importance,,Kirtinarayana Temple,,http://commons.wikimedia.org/wiki/Special:FilePath/Keerthinarayana%20Temple%2C%20Talakadu%20-%20panoramio.jpg?width=640,CC BY-SA 3.0,Likhith N.P,,N-KA-B161
Q97441067,Karnataka,12.179305,77.026482,Vaidyeshwara Temple,,,,,,,,,,http://commons.wikimedia.org/wiki/Special:FilePath/Vaidyanatheshwara%20Temple%20%287727168374%29.jpg?width=640,,,,,,,Monument of National Importance,,"Vaidyeshwara Temple, Talakadu",,http://commons.wikimedia.org/wiki/Special:FilePath/Vaidyanatheshwara%20Temple%20%287727168374%29.jpg?width=640,,,,N-KA-B162
Q97441072,Karnataka,14.399894,75.239600,Bherundeshvara Temple,,,,,,,,,,http://commons.wikimedia.org/wiki/Special:FilePath/BHERUNDESHVARA%20TPR%2003.jpg?width=640,,,,,,,Monument of National Importance,,Bherundeshvara temple,,http://commons.wikimedia.org/wiki/Special:FilePath/BHERUNDESHVARA%20TPR%2003.jpg?width=640,CC BY-SA 4.0,TP RADHAKRISHNAN,,N-KA-B167
Q97441078,Karnataka,14.135250,75.022681,"Aghoreshvara Temple, Ikkeri",,,,,,,,,,http://commons.wikimedia.org/wiki/Special:FilePath/Aghoreshwara%20Temple%20at%20Ikkeri%2C%20Shimoga%2C%20Karnataka.jpg?width=640,,,,,,,Monument of National Importance,,"Aghoreshwara Temple, Ikkeri",,http://commons.wikimedia.org/wiki/Special:FilePath/Aghoreshwara%20Temple%20at%20Ikkeri%2C%20Shimoga%2C%20Karnataka.jpg?width=640,CC BY-SA 4.0,Amitra123,,N-KA-B173
Q97441082,Karnataka,14.224241,75.016480,Rameswara Temple,,,,,,,,,,http://commons.wikimedia.org/wiki/Special:FilePath/Rameshwara%20Temple%20in%20Keladi.jpg?width=640,,,,,,,Monument of National Importance,,"Rameshwara Temple, Keladi",,http://commons.wikimedia.org/wiki/Special:FilePath/Rameshwara%20Temple%20in%20Keladi.jpg?width=640,,,,N-KA-B175
Q97441095,Karnataka,14.422565,75.253240,Pranavesvara Temple,,,,,,,,,,http://commons.wikimedia.org/wiki/Special:FilePath/Praneshwara%20Temple%20Talagunda.JPG?width=640,,,,,,,Monument of National Importance,,"Pranaveshvara Temple, Talagunda",,http://commons.wikimedia.org/wiki/Special:FilePath/Praneshwara%20Temple%20Talagunda.JPG?width=640,,,,N-KA-B187
Q97459288,Rajasthan,27.750925,73.540589,Jain Temple of Suswani Goddess,,,,,,,,,,http://commons.wikimedia.org/wiki/Special:FilePath/Suswani%20Mata%20Mandir%20Morkhana%204.jpg?width=640,,,,,,,Monument of National Importance,,"Suswani Mata Jain temple, Morkhana",,http://commons.wikimedia.org/wiki/Special:FilePath/Suswani%20Mata%20Mandir%20Morkhana%204.jpg?width=640,,,,N-RJ-23
Q97459290,Rajasthan,23.493122,74.100294,Siva temple and ruins,,,,,,,,,,http://commons.wikimedia.org/wiki/Special:FilePath/Arthuna.png?width=640,,,,,,,Monument of National Importance,,Arthuna group of temples,,http://commons.wikimedia.org/wiki/Special:FilePath/Arthuna.png?width=640,CC BY-SA 4.0,Pradeepjaiswalpraja,,N-RJ-24
Q97459291,Rajasthan,25.156658,75.328020,Mahakal and two other temples,,,,,,,,,,http://commons.wikimedia.org/wiki/Special:FilePath/THIS%20GROUP%200F%20TEMPLES%20COMPRISE%20MAHAKAL%2C%20HAZARESHVAR%20AND%20UNDESHVAR%20TEMPLES%20BESIDES%20THE%20MANDAKINI%20KUND.jpg?width=640,,,,,,,Monument of National Importance,,Temples in Bijolia,,http://commons.wikimedia.org/wiki/Special:FilePath/THIS%20GROUP%200F%20TEMPLES%20COMPRISE%20MAHAKAL%2C%20HAZARESHVAR%20AND%20UNDESHVAR%20TEMPLES%20BESIDES%20THE%20MANDAKINI%20KUND.jpg?width=640,,,,N-RJ-25
Q97459306,Rajasthan,24.958474,75.593175,Ashtamata Temple,,,,,,,,,,http://commons.wikimedia.org/wiki/Special:FilePath/Baroli%20temple%202.jpg?width=640,Durga,,,,,0990-01-01T00:00:00Z,Monument of National Importance,,"Ashtamata Temple, Baroli",,http://commons.wikimedia.org/wiki/Special:FilePath/Baroli%20temple%202.jpg?width=640,CC BY-SA 3.0,Nvvchar,,N-RJ-35
Q97459308,Rajasthan,24.958758,75.593306,Ganesha Temple,,,,,ഗണേശ ക്ഷേത്രം,,,,,http://commons.wikimedia.org/wiki/Special:FilePath/GANESH%20TEMPLE%20BADOLI%2CRAWATBHATA..JPG?width=640,Ganesha,,,,,0990-01-01T00:00:00Z,Monument of National Importance,,"Ganesha Temple, Baroli",,http://commons.wikimedia.org/wiki/Special:FilePath/GANESH%20TEMPLE%20BADOLI%2CRAWATBHATA..JPG?width=640,CC BY-SA 3.0,Vinitahada,,N-RJ-36
Q97459311,Rajasthan,24.958134,75.592400,Shiva Temple in the tank,,,,,,,,,,http://commons.wikimedia.org/wiki/Special:FilePath/Shiva%20Temple%20in%20the%20tank%200361.jpg?width=640,Shiva,,,,,0990-01-01T00:00:00Z,Monument of National Importance,,"Shiva Temple in the tank, Baroli",,http://commons.wikimedia.org/wiki/Special:FilePath/Shiva%20Temple%20in%20the%20tank%200361.jpg?width=640,,,,N-RJ-38
Q97459312,Rajasthan,24.958359,75.593303,Trimurti Temple,,,,,,,,,,http://commons.wikimedia.org/wiki/Special:FilePath/Badoli%20mandir.jpg?width=640,Trimurti,,,,,0990-01-01T00:00:00Z,Monument of National Importance,,"Trimurti Temple, Baroli",,http://commons.wikimedia.org/wiki/Special:FilePath/Badoli%20mandir.jpg?width=640,CC BY-SA 4.0,Avni Kantoo,,N-RJ-39
Q97459316,Rajasthan,24.958472,75.593231,Vamanavatar Temple,,,,,,,,,,http://commons.wikimedia.org/wiki/Special:FilePath/Group%20of%20Temples%2C%20Badoli.jpg?width=640,Vamana,,,,,0990-01-01T00:00:00Z,Monument of National Importance,,"Vamanavatar Temple, Baroli",,http://commons.wikimedia.org/wiki/Special:FilePath/Group%20of%20Temples%2C%20Badoli.jpg?width=640,CC BY-SA 4.0,Sushmaahuja17,,N-RJ-40
Q97459318,Rajasthan,25.093078,75.172233,Mahanal Temples and Math,,,,,,,,,,http://commons.wikimedia.org/wiki/Special:FilePath/Menal%201.jpg?width=640,,,,,,,Monument of National Importance,,Mahanal Temples and Math,,http://commons.wikimedia.org/wiki/Special:FilePath/Menal%201.jpg?width=640,CC BY-SA 4.0,Shyamsunder joshi,,N-RJ-42
Q97459420,Rajasthan,23.940608,73.861475,Somnath Temple,,,,,,,,,,http://commons.wikimedia.org/wiki/Special:FilePath/Dev%20Somnath%20Temple%2C%20Dungarpur.%20by%20Hritik%20Sharma.jpg?width=640,,,,,,,Monument of National Importance,,"Somnath temple, Dungarpur",,http://commons.wikimedia.org/wiki/Special:FilePath/Dev%20Somnath%20Temple%2C%20Dungarpur.%20by%20Hritik%20Sharma.jpg?width=640,CC BY-SA 4.0,Hritiksharma,,N-RJ-64
Q97459431,Rajasthan,24.529528,76.177564,Old Temples near the Chandrabhaga,,,,,,,,,,http://commons.wikimedia.org/wiki/Special:FilePath/Chandrabhaga%20temples%20jhalawar%2C%20rajasthan1.jpg?width=640,,,,,,,Monument of National Importance,,Chandrabhaga Temples,,http://commons.wikimedia.org/wiki/Special:FilePath/Chandrabhaga%20temples%20jhalawar%2C%20rajasthan1.jpg?width=640,CC BY-SA 4.0,Chinumani,,N-RJ-71
Q97459442,Rajasthan,26.987956,75.855617,Laxmi Narayan Temple,,,,,,,,,,http://commons.wikimedia.org/wiki/Special:FilePath/90196-sri-laxmi-narayan-temple-amber%2001.jpg?width=640,,,,,,1520-01-01T00:00:00Z,Monument of National Importance,,Laxmi Narayan Temple,,http://commons.wikimedia.org/wiki/Special:FilePath/90196-sri-laxmi-narayan-temple-amber%2001.jpg?width=640,CC BY-SA 4.0,Logawi,,N-RJ-81
Q97459447,Rajasthan,26.916942,75.858476,Temple containing Fresco paintings,,,,,,,,,,http://commons.wikimedia.org/wiki/Special:FilePath/Galta%20Ji%28Hidden%20Gem%29.jpg?width=640,,,,,,,Monument of National Importance,,Galtaji temples,,http://commons.wikimedia.org/wiki/Special:FilePath/Galta%20Ji%28Hidden%20Gem%29.jpg?width=640,CC BY-SA 4.0,VAIRAGEE ABHILASH,,N-RJ-84
Q97459462,Rajasthan,25.094356,76.123272,Siva Temple and two unpublished Gupta Inscriptions,,,,,,,,,,http://commons.wikimedia.org/wiki/Special:FilePath/Charchoma%20Panchmukh%20Shivling.jpg?width=640,,,,,,,Monument of National Importance,,Siva Temple Charchoma,,http://commons.wikimedia.org/wiki/Special:FilePath/Charchoma%20Panchmukh%20Shivling.jpg?width=640,CC BY-SA 4.0,Sushmaahuja17,,N-RJ-95
Q97459464,Rajasthan,24.815608,75.986647,"Temple, Fort wall and Statues",,,,,,,,,,http://commons.wikimedia.org/wiki/Special:FilePath/Temple%20Remain%20of%20Darah%20village.jpg?width=640,,,,,,,Monument of National Importance,,Dara Mukundra Temple,,http://commons.wikimedia.org/wiki/Special:FilePath/Temple%20Remain%20of%20Darah%20village.jpg?width=640,,,,N-RJ-96
Q97459466,Rajasthan,25.144739,75.882622,Temple with Inscriptions,,,,,,,,,,http://commons.wikimedia.org/wiki/Special:FilePath/Shiv%20temple%20kansua%2C%20kota.jpg?width=640,,,,,,,Monument of National Importance,,Kanswa temple,,http://commons.wikimedia.org/wiki/Special:FilePath/Shiv%20temple%20kansua%2C%20kota.jpg?width=640,,,,N-RJ-97
Q97459619,Rajasthan,27.247292,76.351892,Neelkanth Shiva temple,,,,,,,,,,http://commons.wikimedia.org/wiki/Special:FilePath/Exterior%2C%20Neelkanth%20temple%2C%20Alwar%20district%2C%20Rajasthan%2C%20India.jpg?width=640,,,,,,,Monument of National Importance,,"Neelkanth temple, Alwar district",,http://commons.wikimedia.org/wiki/Special:FilePath/Exterior%2C%20Neelkanth%20temple%2C%20Alwar%20district%2C%20Rajasthan%2C%20India.jpg?width=640,CC BY-SA 4.0,Yann Forget,,N-RJ-142
Q97479636,Tamil Nadu,8.699638,77.571440,Bhaktavatsala Temple,,,,,,,,,,http://commons.wikimedia.org/wiki/Special:FilePath/Bhaktavatsala%20Temple%20-%207.JPG?width=640,,,,,,,Monument of National Importance,,"Bhaktavatsala Temple, Seramadevi",,http://commons.wikimedia.org/wiki/Special:FilePath/Bhaktavatsala%20Temple%20-%207.JPG?width=640,CC BY-SA 3.0,Prinzy555,,N-TN-T148
Q97479642,Tamil Nadu,12.842222,79.698611,Jvaraharesvara Temple,,,జురహరేశ్వర్ దేవాలయం (కాంచీపురం),,,,,,,http://commons.wikimedia.org/wiki/Special:FilePath/Archaeological%20Survey%20of%20India%20information%20about%20the%20temple1.JPG?width=640,,,,,,,Monument of National Importance,,Jvaraharesvara Temple,https://upload.wikimedia.org/wikipedia/commons/7/70/Surakeswarar-Temple-Kanchipuram-Tamil-Nadu-2.JPG,https://upload.wikimedia.org/wikipedia/commons/7/70/Surakeswarar-Temple-Kanchipuram-Tamil-Nadu-2.JPG,,,"https://en.wikipedia.org/wiki/Jurahareswarar_temple,_Kanchipuram",N-TN-C143
Q97479648,Tamil Nadu,12.617222,80.194167,Dolostva Mandapa,,,,,,,,,,http://commons.wikimedia.org/wiki/Special:FilePath/Dolotsava%20Mantapa.jpg?width=640,,,,,,,Monument of National Importance,,"Dolotsava Mantapa, Mamallapuram",,http://commons.wikimedia.org/wiki/Special:FilePath/Dolotsava%20Mantapa.jpg?width=640,CC BY-SA 4.0,Oleg Yunakov,,N-TN-C54; N-TN-C37
Q97479669,Tamil Nadu,12.915556,80.043333,Dharmeswarar Temple,,,,,,,,,,http://commons.wikimedia.org/wiki/Special:FilePath/N-TN-C64.jpg?width=640,,,,,,,Monument of National Importance,,Dharmeswarar Temple,,http://commons.wikimedia.org/wiki/Special:FilePath/N-TN-C64.jpg?width=640,CC BY-SA 3.0,Duraionly,,N-TN-C157
Q97479670,Tamil Nadu,12.837103,79.709816,Vaikunta Perumal Temple,,,,,,,,,,http://commons.wikimedia.org/wiki/Special:FilePath/Vaikunta%20Perumal%20temple%20Kanchipuram%20%2826%29.jpg?width=640,,,,,,,Monument of National Importance,,Vaikunta Perumal Temple,,http://commons.wikimedia.org/wiki/Special:FilePath/Vaikunta%20Perumal%20temple%20Kanchipuram%20%2826%29.jpg?width=640,,,,N-TN-C151
Q97480343,Tamil Nadu,10.367500,78.693611,Sarangadesvara (Also Known As Tiruvagnisvara) Temple,,,,,,,,,,http://commons.wikimedia.org/wiki/Special:FilePath/N-TN-C108%20Chittur%20Tiruvagnisvara%20Temple%20Pudukkottai.jpg?width=640,,,,,,,Monument of National Importance,,Sarangatheeswara Temple,,http://commons.wikimedia.org/wiki/Special:FilePath/N-TN-C108%20Chittur%20Tiruvagnisvara%20Temple%20Pudukkottai.jpg?width=640,CC BY-SA 4.0,R.K.Lakshmi,,N-TN-T43
Q97480357,Tamil Nadu,10.259791,78.681306,Balasubrahmanya Temple,,,,,,,,,,http://commons.wikimedia.org/wiki/Special:FilePath/N-TN-C116%20Kannanur%20Pudukkottai.jpg?width=640,,,,,,,Monument of National Importance,,"Balasubramanya Temple, Kannanur",,http://commons.wikimedia.org/wiki/Special:FilePath/N-TN-C116%20Kannanur%20Pudukkottai.jpg?width=640,CC BY-SA 4.0,R.K.Lakshmi,,N-TN-T52
Q97480359,Tamil Nadu,10.645833,78.887778,Siva Temple,,,,,,,,,,http://commons.wikimedia.org/wiki/Special:FilePath/%22A%20long%20sot%20of%20Sivan%20Temple%20of%20Kilayur%20%28Kaliyapatti%29%201%22.JPG?width=640,,,,,,,Monument of National Importance,,Siva Temple of Kilayur,,http://commons.wikimedia.org/wiki/Special:FilePath/%22A%20long%20sot%20of%20Sivan%20Temple%20of%20Kilayur%20%28Kaliyapatti%29%201%22.JPG?width=640,CC BY-SA 3.0,Thamizhpparithi Maari,,N-TN-T55
Q97480360,Tamil Nadu,10.437622,78.716649,Uttamadanisvara Temple,,,,,,,,,,http://commons.wikimedia.org/wiki/Special:FilePath/Uttamadanisvara%20Temple%202.jpg?width=640,,,,,,,Monument of National Importance,,Uthamathaneswarar temple,,http://commons.wikimedia.org/wiki/Special:FilePath/Uttamadanisvara%20Temple%202.jpg?width=640,,,,N-TN-T54
Q97480363,Tamil Nadu,10.571945,78.784167,Uttamanathaswamy Temple,,,,,,,,,,http://commons.wikimedia.org/wiki/Special:FilePath/%22Tower%20of%20Uttamanathaswamy%20Temple%22.JPG?width=640,,,,,,,Monument of National Importance,,Uttamanathaswamy Temple,,http://commons.wikimedia.org/wiki/Special:FilePath/%22Tower%20of%20Uttamanathaswamy%20Temple%22.JPG?width=640,CC BY-SA 3.0,Thamizhpparithi Maari,,N-TN-T56
Q97480364,Tamil Nadu,10.544445,78.512222,Muchukundesvara Temple And The Tank In Front Of It,,,,,,,,,,http://commons.wikimedia.org/wiki/Special:FilePath/N-TN-C119%20Muchukundesvara%20Temple-Kodumbalur.jpg?width=640,,,,,,,Monument of National Importance,,Muchukundesvara Temple,,http://commons.wikimedia.org/wiki/Special:FilePath/N-TN-C119%20Muchukundesvara%20Temple-Kodumbalur.jpg?width=640,CC BY-SA 4.0,R.K.Lakshmi,,N-TN-T57
Q97480369,Tamil Nadu,10.416667,78.658611,Amman Shrine (Akhilandeswari Temple),,,,,,,,,,http://commons.wikimedia.org/wiki/Special:FilePath/Amman%20Shrine%202012-09-16%2001-57-32.jpg?width=640,,,,,,,Monument of National Importance,,Amman Shrine,,http://commons.wikimedia.org/wiki/Special:FilePath/Amman%20Shrine%202012-09-16%2001-57-32.jpg?width=640,CC BY-SA 3.0,Mrprabhu23,,N-TN-T62
Q97480376,Tamil Nadu,10.416389,78.659445,Sikkanathaswamy Temple,,,,,,,,,,http://commons.wikimedia.org/wiki/Special:FilePath/Aesthetic%20Sikkanathaswamy%20Temple%20at%20Kudumianmalai.JPG?width=640,,,,,,,Monument of National Importance,,Sikkanathaswamy Temple,,http://commons.wikimedia.org/wiki/Special:FilePath/Aesthetic%20Sikkanathaswamy%20Temple%20at%20Kudumianmalai.JPG?width=640,CC BY-SA 3.0,Thamizhpparithi Maari,,N-TN-T65
Q97480379,Tamil Nadu,10.554722,78.782500,"Ruined Siva Temple, Kulathur",,,,,,,,,,http://commons.wikimedia.org/wiki/Special:FilePath/N-TN-C130%20Kulathur%20ruined%20Siva%20temple.jpg?width=640,Shiva,,,,,,Monument of National Importance,,Ruined Siva Temple Kulathur,,http://commons.wikimedia.org/wiki/Special:FilePath/N-TN-C130%20Kulathur%20ruined%20Siva%20temple.jpg?width=640,CC BY-SA 4.0,R.K.Lakshmi,,N-TN-T67
Q97480388,Tamil Nadu,10.335278,78.712500,Two Rock-Cut Siva Shrines Malakkoil,,,,,,,,,,http://commons.wikimedia.org/wiki/Special:FilePath/N-TN-C136%20Two%20rock%20cut%20shrine%20on%20the%20eastern%20and%20southern%20slopes%20of%20the%20hill%2CMalaiyakoil.jpg?width=640,Shiva,,,,,,Monument of National Importance,,Two Rock-Cut Siva Shrines Malakkoil,,http://commons.wikimedia.org/wiki/Special:FilePath/N-TN-C136%20Two%20rock%20cut%20shrine%20on%20the%20eastern%20and%20southern%20slopes%20of%20the%20hill%2CMalaiyakoil.jpg?width=640,CC BY-SA 4.0,R.K.Lakshmi,,N-TN-T72; N-TN-C136
Q97480409,Tamil Nadu,10.513056,78.767500,Amman Koil (Melaikadambar Koil And The Siva Temple To Its West),,,,,,,,,,http://commons.wikimedia.org/wiki/Special:FilePath/N-TN-C147%20View%20of%20Amman%2Cmelaikadmbar%2Csiva.jpg?width=640,,,,,,,Monument of National Importance,,Amman Koil (Melaikadambar Koil and the Siva Temple to its west),,http://commons.wikimedia.org/wiki/Special:FilePath/N-TN-C147%20View%20of%20Amman%2Cmelaikadmbar%2Csiva.jpg?width=640,CC BY-SA 4.0,R.K.Lakshmi,,N-TN-C147
Q97480418,Tamil Nadu,10.621111,78.710833,"Valarmadhiswarar Temple, Nirpalani",,,,,,,,,,http://commons.wikimedia.org/wiki/Special:FilePath/N-TN-C152%20Valarmadisvara%20Nirpalani.jpg?width=640,,,,,,,Monument of National Importance,,Valarmadhiswarar Temple Nirpalani,,http://commons.wikimedia.org/wiki/Special:FilePath/N-TN-C152%20Valarmadisvara%20Nirpalani.jpg?width=640,CC BY-SA 4.0,R.K.Lakshmi,,N-TN-C152; N-TN-T92
Q97480544,Tamil Nadu,10.437778,78.716667,Panangudi Siva Temple,,,,,,,,,,http://commons.wikimedia.org/wiki/Special:FilePath/N-TN-C153%20Panangudi%20Siva%20Temple%20Front%20View.jpg?width=640,Shiva,,,,,,Monument of National Importance,,Panangudi Siva Temple,,http://commons.wikimedia.org/wiki/Special:FilePath/N-TN-C153%20Panangudi%20Siva%20Temple%20Front%20View.jpg?width=640,CC BY-SA 4.0,R.K.Lakshmi,,N-TN-T93
Q97480546,Tamil Nadu,10.276667,78.538333,"Rajendracolisvaram Temple, Ponamaravathi",,,,,,,,,,http://commons.wikimedia.org/wiki/Special:FilePath/N-TN-C155%20Rajendracholisvara%20Ponamaravathi.jpg?width=640,,,,,,,Monument of National Importance,,Rajendracolisvaram Temple Ponamaravathi,,http://commons.wikimedia.org/wiki/Special:FilePath/N-TN-C155%20Rajendracholisvara%20Ponamaravathi.jpg?width=640,CC BY-SA 4.0,R.K.Lakshmi,,N-TN-T97; N-TN-C155
Q97480549,Tamil Nadu,10.333889,78.625833,"Pushpavaneswarar Temple, Poovalakudi",,,,,,,,,,http://commons.wikimedia.org/wiki/Special:FilePath/N-TN-C158%20Rockcut%20Shrine%20of%20Pushpavanesvarar%20Puvalakkudi.jpg?width=640,,,,,,,Monument of National Importance,,Rockcut Shrine of Pushpavanesvarar Puvalakkudi,,http://commons.wikimedia.org/wiki/Special:FilePath/N-TN-C158%20Rockcut%20Shrine%20of%20Pushpavanesvarar%20Puvalakkudi.jpg?width=640,CC BY-SA 4.0,R.K.Lakshmi,,N-TN-T102; N-TN-C158
Q97480555,Tamil Nadu,10.293333,78.633333,"Bhumisvara Temple, Sevalur",,,,,,,,,,http://commons.wikimedia.org/wiki/Special:FilePath/N-TN-C164%20Bhumisvara%20Temple%20Sevalur.jpg?width=640,,,,,,,Monument of National Importance,,Bhumisvara Temple Sevalur,,http://commons.wikimedia.org/wiki/Special:FilePath/N-TN-C164%20Bhumisvara%20Temple%20Sevalur.jpg?width=640,CC BY-SA 4.0,R.K.Lakshmi,,N-TN-T111; N-TN-C164
Q97480557,Tamil Nadu,10.455833,78.725833,Sittanavasal Rock-Cut Jain Temple,,,,,,,,,,http://commons.wikimedia.org/wiki/Special:FilePath/Sitannav%C3%A0sal%2002.jpg?width=640,,,,,,,Monument of National Importance,,Sittanavasal Cave temple,,http://commons.wikimedia.org/wiki/Special:FilePath/Sitannav%C3%A0sal%2002.jpg?width=640,,,,N-TN-T112
Q97480562,Tamil Nadu,10.369722,78.851111,Sundaresvara Temple With Sub-Shrines,,,,,,,,,,http://commons.wikimedia.org/wiki/Special:FilePath/N-TN-C171%20Thirukattalai%202.jpg?width=640,,,,,,,Monument of National Importance,,"Sundaresvara temple, Tirukkattalai",,http://commons.wikimedia.org/wiki/Special:FilePath/N-TN-C171%20Thirukattalai%202.jpg?width=640,CC BY-SA 4.0,R.K.Lakshmi,,N-TN-T122
Q97480563,Tamil Nadu,10.246900,78.751600,"Sathyagirisvarar Temple, Thirumayam",,திருமயம் சத்தியகிரீசுவரர் கோயில்,,,,,,,,http://commons.wikimedia.org/wiki/Special:FilePath/N-TN-C172%20Rock%20cut%20siva%20Sathyagirisvarar%20Tirumayam.jpg?width=640,,,,,,,Monument of National Importance,,Sathyagirisvarar Temple,https://upload.wikimedia.org/wikipedia/commons/9/90/N-TN-C172_Rock_cut_siva_Sathyagirisvarar_Tirumayam.jpg,https://upload.wikimedia.org/wikipedia/commons/9/90/N-TN-C172_Rock_cut_siva_Sathyagirisvarar_Tirumayam.jpg,CC BY-SA 4.0,R.K.Lakshmi,https://en.wikipedia.org/wiki/Sathyagirisvarar_Temple,N-TN-C172
Q97480567,Tamil Nadu,10.556389,78.847778,Cholisvaramudaiyar Temple,,,,,,,,,,http://commons.wikimedia.org/wiki/Special:FilePath/N-TN-C175%20Tiruppur%20Cholisvaramudaiyar.jpg?width=640,,,,,,,Monument of National Importance,,Choliswara Udayar temple Tiruppur,,http://commons.wikimedia.org/wiki/Special:FilePath/N-TN-C175%20Tiruppur%20Cholisvaramudaiyar.jpg?width=640,CC BY-SA 4.0,R.K.Lakshmi,,N-TN-T128
Q97481045,Tamil Nadu,10.643333,78.865556,Siva Temple,,,,,,,,,,http://commons.wikimedia.org/wiki/Special:FilePath/%22A%20beautiful%20Siva%20Temple%20Tower%22.JPG?width=640,Shiva,,,,,,Monument of National Importance,,Siva Temple of Visalur,,http://commons.wikimedia.org/wiki/Special:FilePath/%22A%20beautiful%20Siva%20Temple%20Tower%22.JPG?width=640,CC BY-SA 3.0,Thamizhpparithi Maari,,N-TN-T140
Q97481101,Tamil Nadu,11.249444,77.502917,"Jain temple, Mettupudur",,விஜயமங்கலம் சமணக்கோவில்,,,,,,,,http://commons.wikimedia.org/wiki/Special:FilePath/Jain%20temple%2C%20Mettupudur%20-%20Front.jpg?width=640,,,,,,,Monument of National Importance,,"Jain temple, Mettupudur, Erode",https://upload.wikimedia.org/wikipedia/commons/0/0c/Jain_temple%2C_Mettupudur_2.jpg,https://upload.wikimedia.org/wikipedia/commons/0/0c/Jain_temple%2C_Mettupudur_2.jpg,CC BY-SA 4.0,Vijayan.b,https://en.wikipedia.org/wiki/Vijayamangalam_Jain_temple,N-TN-C22
Q97481117,Tamil Nadu,10.332087,79.842475,Ramapada Mandapam,,,,,,,,,,http://commons.wikimedia.org/wiki/Special:FilePath/%E0%AE%95%E0%AF%8B%E0%AE%9F%E0%AE%BF%E0%AE%AF%E0%AE%95%E0%AF%8D%E0%AE%95%E0%AE%B0%E0%AF%88%20%E0%AE%B0%E0%AE%BE%E0%AE%AE%E0%AE%B0%E0%AF%8D%20%E0%AE%AA%E0%AE%BE%E0%AE%A4%E0%AE%AE%E0%AF%8D.JPG?width=640,,,,,,,Monument of National Importance,,Ramapada Mandapam Kodiakkadu,,http://commons.wikimedia.org/wiki/Special:FilePath/%E0%AE%95%E0%AF%8B%E0%AE%9F%E0%AE%BF%E0%AE%AF%E0%AE%95%E0%AF%8D%E0%AE%95%E0%AE%B0%E0%AF%88%20%E0%AE%B0%E0%AE%BE%E0%AE%AE%E0%AE%B0%E0%AF%8D%20%E0%AE%AA%E0%AE%BE%E0%AE%A4%E0%AE%AE%E0%AF%8D.JPG?width=640,,,,N-TN-T26
Q97481122,Tamil Nadu,11.222459,78.164573,Sri Ranganatha Swamy And Sri Narasimha Swamy Temple,,,,,,,,,,http://commons.wikimedia.org/wiki/Special:FilePath/Thayyar%20sannadhi.jpg?width=640,,,,,,,Monument of National Importance,,Sri Ranganatha Swamy And Sri Narasimha Swamy temples,,http://commons.wikimedia.org/wiki/Special:FilePath/Thayyar%20sannadhi.jpg?width=640,,,,N-TN-C178
Q97481215,Tamil Nadu,10.827776,78.696281,Rock Fort: Lower Cave,,,,,,,,,,http://commons.wikimedia.org/wiki/Special:FilePath/Rock%20fort%20lower%20cave%20temple.jpg?width=640,,,,,,,Monument of National Importance,,Rock Fort Lower Cave,,http://commons.wikimedia.org/wiki/Special:FilePath/Rock%20fort%20lower%20cave%20temple.jpg?width=640,,,,N-TN-C195-a
Q97481224,Tamil Nadu,10.828167,78.697083,Rock Fort: Upper Cave,,,,,,,,,,http://commons.wikimedia.org/wiki/Special:FilePath/UPPER%20CAVE%20%2C%20ROCKFORT%2C%20TRICHY.jpg?width=640,,,,,,,Monument of National Importance,,Rock Fort Upper Cave,,http://commons.wikimedia.org/wiki/Special:FilePath/UPPER%20CAVE%20%2C%20ROCKFORT%2C%20TRICHY.jpg?width=640,,,,N-TN-C195-e
Q97481235,Tamil Nadu,12.741667,79.665833,"Rock Cut Caves, Sculptures And Inscriptions.",,,,,,,,,,http://commons.wikimedia.org/wiki/Special:FilePath/Mamandur%20cave%20tempe.jpg?width=640,,,,,,,Monument of National Importance,,Mamandur rock-cut caves,,http://commons.wikimedia.org/wiki/Special:FilePath/Mamandur%20cave%20tempe.jpg?width=640,CC BY-SA 4.0,Balu 606902,,N-TN-C202
Q97481242,Tamil Nadu,12.434239,79.465591,Rock Cut Jain Temple,,,,,,,,,,http://commons.wikimedia.org/wiki/Special:FilePath/Seeyamangalam%20rock%20cut%20jain%20temple.JPG?width=640,,,,,,,Monument of National Importance,,Rock Cut Jain Temple,,http://commons.wikimedia.org/wiki/Special:FilePath/Seeyamangalam%20rock%20cut%20jain%20temple.JPG?width=640,,,,N-TN-C203
Q97481257,Tamil Nadu,13.090000,79.262500,Ranganatha Temple,,,,,,,,,,http://commons.wikimedia.org/wiki/Special:FilePath/Erukkampattu%20Ranganathar%20Temple-2.jpg?width=640,,,,,,,Monument of National Importance,,"Ranganatha Temple, Erukkampattu",,http://commons.wikimedia.org/wiki/Special:FilePath/Erukkampattu%20Ranganathar%20Temple-2.jpg?width=640,CC BY-SA 4.0,RameshM,,N-TN-C217
Q97481260,Tamil Nadu,12.989444,79.541667,Monolithic Rock Cut Temple,,,,,,,,,,http://commons.wikimedia.org/wiki/Special:FilePath/India%20Tamil%20Nadu%20Mahendravadi%20near%20Kanchipuram.JPG?width=640,,,,,,,Monument of National Importance,,Mahendravadi; Mahendravadi rock cut temple,,http://commons.wikimedia.org/wiki/Special:FilePath/India%20Tamil%20Nadu%20Mahendravadi%20near%20Kanchipuram.JPG?width=640,CC BY-SA 4.0,Glasreifen,,N-TN-C218
Q97481262,Tamil Nadu,13.063889,79.284444,Choleswara Temple,,,,,,,,,,http://commons.wikimedia.org/wiki/Special:FilePath/Siva%20temple%2C%20Melpadi%20%283%29.jpg?width=640,,,,,,,Monument of National Importance,,"Choleswara temple, Melpadi",,http://commons.wikimedia.org/wiki/Special:FilePath/Siva%20temple%2C%20Melpadi%20%283%29.jpg?width=640,,,,N-TN-C219
Q97481265,Tamil Nadu,13.065000,79.284167,Somanadheeswarar temple,,சோம நாதேஸ்வரர் கோவில்,,,,,,,,http://commons.wikimedia.org/wiki/Special:FilePath/Somanathaswamy%20temple%2C%20Melpadi%20%2813%29.jpg?width=640,,,,,,,Monument of National Importance,,"Somanadheeswarar temple, Melpadi",,http://commons.wikimedia.org/wiki/Special:FilePath/Somanathaswamy%20temple%2C%20Melpadi%20%2813%29.jpg?width=640,,,,N-TN-C220
Q97481271,Tamil Nadu,12.943056,79.649722,Konar Temple,,,,,,,,,,http://commons.wikimedia.org/wiki/Special:FilePath/N-TN-C%20216%20Konar%20Temple-Tirumalpur%20-Vellore.jpg?width=640,,,,,,,Monument of National Importance,,"Konar Temple, Thirumalpur",,http://commons.wikimedia.org/wiki/Special:FilePath/N-TN-C%20216%20Konar%20Temple-Tirumalpur%20-Vellore.jpg?width=640,CC BY-SA 4.0,R.K.Lakshmi,,N-TN-C223
Q97481273,Tamil Nadu,13.073889,79.259722,Vallimalai Murugan temple (Subramanya Temple),,வள்ளிமலை முருகன் கோயில்,,,,,,,,http://commons.wikimedia.org/wiki/Special:FilePath/Vallimalai%20murugan%20temple%20%285%29.jpg?width=640,,,,,,,Monument of National Importance,,Vallimalai Murugan temple,,http://commons.wikimedia.org/wiki/Special:FilePath/Vallimalai%20murugan%20temple%20%285%29.jpg?width=640,,,,N-TN-C225
Q97481284,Tamil Nadu,12.865556,79.279722,"Jain caves, Vilapakkam",,விளாப்பாக்கம் குடைவரை,,,,,,,,http://commons.wikimedia.org/wiki/Special:FilePath/N-TN-C222%20Rock%2Csculpture%2Ccaves%20at%20Vilapakkam.jpg?width=640,,,,,,,Monument of National Importance,,"Jain caves, Vilapakkam",,http://commons.wikimedia.org/wiki/Special:FilePath/N-TN-C222%20Rock%2Csculpture%2Ccaves%20at%20Vilapakkam.jpg?width=640,CC BY-SA 4.0,R.K.Lakshmi,,N-TN-C229
Q97481286,Tamil Nadu,12.119167,79.478333,"Brahmapureeswarar Temple, Brahmadesam",,,,,,,,,,http://commons.wikimedia.org/wiki/Special:FilePath/Brammadesam%200326.JPG?width=640,,,,,,,Monument of National Importance,,"Brahmapureeswarar Temple, Brahmadesam",,http://commons.wikimedia.org/wiki/Special:FilePath/Brammadesam%200326.JPG?width=640,CC BY-SA 3.0,Raamanp,,N-TN-C230
Q97481288,Tamil Nadu,12.118119,79.481360,Patalisvara Temple,,,,,,,,,,http://commons.wikimedia.org/wiki/Special:FilePath/N-TN-C%20224%20Patalisvara%20Temple-%20Brahmadesam.jpg?width=640,,,,,,,Monument of National Importance,,"Padaleeswarar Temple, Brahmadesam",,http://commons.wikimedia.org/wiki/Special:FilePath/N-TN-C%20224%20Patalisvara%20Temple-%20Brahmadesam.jpg?width=640,CC BY-SA 4.0,R.K.Lakshmi,,N-TN-C231
Q97481290,Tamil Nadu,12.167688,79.468259,Rock Cut Pallava Temple,,,,,,,,,,http://commons.wikimedia.org/wiki/Special:FilePath/7th%20century%20Thalavanur%20rock%20cut%20Shatrumalleswaram%20temple%2C%20Tamil%20Nadu%20entrance%202.jpg?width=640,,,rock-cut architecture,,,,Monument of National Importance,,"Rock Cut Pallava Temple, Dhalavanur",,http://commons.wikimedia.org/wiki/Special:FilePath/7th%20century%20Thalavanur%20rock%20cut%20Shatrumalleswaram%20temple%2C%20Tamil%20Nadu%20entrance%202.jpg?width=640,CC BY-SA 4.0,Ms Sarah Welch,,N-TN-C232
Q97481294,Tamil Nadu,12.124444,79.492222,Alagiya Narasimha Perumal Temple,,,,,,,,,,http://commons.wikimedia.org/wiki/Special:FilePath/Ennayiram%20temple1.JPG?width=640,,,,,,,Monument of National Importance,,Azhagiya Narasimha Perumal Temple,,http://commons.wikimedia.org/wiki/Special:FilePath/Ennayiram%20temple1.JPG?width=640,CC0,Tnexplore (talk) (Uploads),,N-TN-C233
Q97481323,Tamil Nadu,12.234722,79.403611,Pattabhirama Temple And 12 Pillared Mandapa,,,,,,,,,,http://commons.wikimedia.org/wiki/Special:FilePath/Pattabhirama%20Temple%2012%20Pillared%20Mandapam.jpg?width=640,,,,,,,Monument of National Importance,,"Pattabhirama Temple And 12 Pillared Mandapa, Narasingarayanan",,http://commons.wikimedia.org/wiki/Special:FilePath/Pattabhirama%20Temple%2012%20Pillared%20Mandapam.jpg?width=640,,,,N-TN-C244
Q97598379,Kerala,9.957778,76.504722,"Ooramana temple and monastery, Memury",,,,,,,,,,http://commons.wikimedia.org/wiki/Special:FilePath/010052022%20Ooramana%20Hindu%20temple%20and%20monastery%2C%20Memury%20Kerala%20005.jpg?width=640,,,,,,,State Protected Monument,,"Ooramana Hindu temple and monastery, Memury Kerala",,http://commons.wikimedia.org/wiki/Special:FilePath/010052022%20Ooramana%20Hindu%20temple%20and%20monastery%2C%20Memury%20Kerala%20005.jpg?width=640,CC0,Ms Sarah Welch,,S-KL-11
Q97598404,Kerala,,,Pundarikapuram Temple,,,,,പുണ്ടാരികപുരം ക്ഷേത്രം,,,,,http://commons.wikimedia.org/wiki/Special:FilePath/Pundareekapuram%20Temple.jpg?width=640,,,,,,,State Protected Monument,,,,http://commons.wikimedia.org/wiki/Special:FilePath/Pundareekapuram%20Temple.jpg?width=640,,,,S-KL-31
Q97598570,Kerala,,,Mahadeva temple,,,,,,,,,,http://commons.wikimedia.org/wiki/Special:FilePath/Thrissur%20vatakkunnatha%20temple.JPG?width=640,,,,,,,State Protected Monument,,,,http://commons.wikimedia.org/wiki/Special:FilePath/Thrissur%20vatakkunnatha%20temple.JPG?width=640,,,,S-KL-97
Q97613934,Tamil Nadu,11.163889,77.311389,Muruganathasvami Temple,,,,,,,,,,http://commons.wikimedia.org/wiki/Special:FilePath/Muruganathasvami%20Temple%20gopuras%2011.jpg?width=640,,,,,,,Monument of National Importance,,"Muruganathaswami Temple, Avinashi",,http://commons.wikimedia.org/wiki/Special:FilePath/Muruganathasvami%20Temple%20gopuras%2011.jpg?width=640,CC BY-SA 3.0,Darwinacitizen,,N-TN-T161
Q97705434,Uttar Pradesh,25.284721,79.866548,Khakra Math Temple,,,,,,,,,,http://commons.wikimedia.org/wiki/Special:FilePath/Khakra%20Math%20Temple.jpg?width=640,,,,,,,Monument of National Importance,,Khakra Math Temple,,http://commons.wikimedia.org/wiki/Special:FilePath/Khakra%20Math%20Temple.jpg?width=640,CC BY-SA 4.0,Imsaransh12,,N-UP-L331
Q97705436,Uttar Pradesh,25.355820,80.000692,Makarbai Temple,,,,,,,,,,http://commons.wikimedia.org/wiki/Special:FilePath/Makarbai%20Temple.JPG?width=640,,,,,,,Monument of National Importance,,Makarbai Temple,,http://commons.wikimedia.org/wiki/Special:FilePath/Makarbai%20Temple.JPG?width=640,CC BY-SA 3.0,Manojkuverma,,N-UP-L333
Q97705493,Uttar Pradesh,26.193855,80.246816,Behta Bujurg temple,,,,,,,,,,http://commons.wikimedia.org/wiki/Special:FilePath/Jagannath%20temple%20%28Rain%20Forecast%20%29.jpg?width=640,,,,,,,Monument of National Importance,,Behta Bujurg temple,,http://commons.wikimedia.org/wiki/Special:FilePath/Jagannath%20temple%20%28Rain%20Forecast%20%29.jpg?width=640,CC BY-SA 4.0,Amarjitchaudhary,,N-UP-L152
Q97705494,Uttar Pradesh,26.209801,80.275537,Bhitargaon Temple,,,,,,,,,,http://commons.wikimedia.org/wiki/Special:FilePath/Gupt%20kalin%20mandir%20bhitargaon.jpg?width=640,,,,,,,Monument of National Importance,,Bhitargaon Temple,,http://commons.wikimedia.org/wiki/Special:FilePath/Gupt%20kalin%20mandir%20bhitargaon.jpg?width=640,CC BY-SA 4.0,Amarjitchaudhary,,N-UP-L153
Q97705585,Uttar Pradesh,26.883355,80.774346,Bridge over the Beta river and temple attached to it,,,,,,,,,,http://commons.wikimedia.org/wiki/Special:FilePath/Beta%20river%20bridge%20and%20Lord%20Shiv%20Temple%2C%20Kakori%2C%20Lucknow.jpg?width=640,,,,,,,Monument of National Importance,,Behta Bridge and Shiva Temple,,http://commons.wikimedia.org/wiki/Special:FilePath/Beta%20river%20bridge%20and%20Lord%20Shiv%20Temple%2C%20Kakori%2C%20Lucknow.jpg?width=640,CC BY-SA 4.0,Aounaqvi,,N-UP-L315
Q97705650,Uttar Pradesh,24.426814,78.389800,Larger Surang,,,,,,,,,,http://commons.wikimedia.org/wiki/Special:FilePath/General%20View%20of%20Larger%20Surang.jpg?width=640,,,,,,,Monument of National Importance,,Larger Surang,,http://commons.wikimedia.org/wiki/Special:FilePath/General%20View%20of%20Larger%20Surang.jpg?width=640,CC BY-SA 4.0,Itsmalay~commonswiki,,N-UP-L221
Q97705660,Uttar Pradesh,24.524072,78.262265,"Kuraiya Bir Temple, Kuchdon",,,,,,,,,,http://commons.wikimedia.org/wiki/Special:FilePath/0101422%20Kuraiya%20Bir%20temple%2C%20Kuchdon%2C%20Uttar%20Pradesh%2005.jpg?width=640,,,,,,,Monument of National Importance,,"Kuraiya Bir temple, Kuchdon",,http://commons.wikimedia.org/wiki/Special:FilePath/0101422%20Kuraiya%20Bir%20temple%2C%20Kuchdon%2C%20Uttar%20Pradesh%2005.jpg?width=640,CC0,Ms Sarah Welch,,N-UP-L231
Q97816101,Uttar Pradesh,27.581428,77.699544,Govind Dev Temple,,,,,,,,,,http://commons.wikimedia.org/wiki/Special:FilePath/Temple%20GovindaDev.JPG?width=640,,,,,,,Monument of National Importance,,Govind Dev Temple,,http://commons.wikimedia.org/wiki/Special:FilePath/Temple%20GovindaDev.JPG?width=640,,,,N-UP-A195
Q97888486,Uttarakhand,,,Jageshwar Temple,,,,,,,,,,http://commons.wikimedia.org/wiki/Special:FilePath/Jageshwar%20temple%20%286133248823%29.jpg?width=640,,,,,,,Monument of National Importance,,Jageshwar Temple,,http://commons.wikimedia.org/wiki/Special:FilePath/Jageshwar%20temple%20%286133248823%29.jpg?width=640,CC BY 2.0,"Varun Shiv Kapur from New Delhi, India",,N-UT-12
Q97888917,Uttarakhand,29.637510,79.854160,Mrityunjaya Temple,,,,,,,,,,http://commons.wikimedia.org/wiki/Special:FilePath/Mahamrityunjaya%20temple%20front%20facade%20%286133259805%29.jpg?width=640,,,,,,,Monument of National Importance,,Mrityunjaya Temple,,http://commons.wikimedia.org/wiki/Special:FilePath/Mahamrityunjaya%20temple%20front%20facade%20%286133259805%29.jpg?width=640,CC BY 2.0,"Varun Shiv Kapur from New Delhi, India",,N-UT-14
Q97923250,Uttarakhand,29.906667,79.610861,"Tallihat group of temples and Katyuri mound, Uttarakhand",,,,,,,,,,http://commons.wikimedia.org/wiki/Special:FilePath/Lakshmi%20Narayan%20Temple%20Side%20View.jpg?width=640,,,,,,,Monument of National Importance,,Three temples of the Indo-Aryan shikara type,,http://commons.wikimedia.org/wiki/Special:FilePath/Lakshmi%20Narayan%20Temple%20Side%20View.jpg?width=640,CC BY-SA 4.0,Ajay Singh Rana,,N-UT-20
Q97923259,Uttarakhand,30.519361,79.318361,Rudranath Temple,,,,,,,,,,http://commons.wikimedia.org/wiki/Special:FilePath/Entrance%20to%20the%20Rudranath%20temple%2C%20Panch%20Kedar%20Uttarakhand.jpg?width=640,,,,,,,Monument of National Importance,,Rudranath Temple,,http://commons.wikimedia.org/wiki/Special:FilePath/Entrance%20to%20the%20Rudranath%20temple%2C%20Panch%20Kedar%20Uttarakhand.jpg?width=640,CC BY-SA 2.0,rolling on,,N-UT-27
Q97923306,Uttarakhand,29.407673,79.222467,Old temple sacred to Sita,,,,,,,,,,http://commons.wikimedia.org/wiki/Special:FilePath/Sitavani%20temple%2C%20Jim%20Corbet%20National%20Park%2C%20Ramnagar%2C%20Uttarakhand.jpg?width=640,,,,,,,Monument of National Importance,,"Old temple sacred to Sita, Sitabani",,http://commons.wikimedia.org/wiki/Special:FilePath/Sitavani%20temple%2C%20Jim%20Corbet%20National%20Park%2C%20Ramnagar%2C%20Uttarakhand.jpg?width=640,,,,N-UT-40
Q97945641,Madhya Pradesh,,,Flat roofed temples below the hill,,,,,,,,,,http://commons.wikimedia.org/wiki/Special:FilePath/Flat%20roofed%20Jain%20temple%2C%20Kundalpur.jpg?width=640,,,,,,,Monument of National Importance,,Flat roofed temples below the hill,,http://commons.wikimedia.org/wiki/Special:FilePath/Flat%20roofed%20Jain%20temple%2C%20Kundalpur.jpg?width=640,CC BY-SA 3.0,Atishay,,N-MP-50
Q97946268,Madhya Pradesh,22.671406,81.758139,Karan Temple,,,,,,,,,,http://commons.wikimedia.org/wiki/Special:FilePath/Karna%20Mandir%2C%20Group%20of%20Ancient%20Temples%2C%20Amarkantak.%20-%20panoramio%20%282%29.jpg?width=640,,,,,,,Monument of National Importance,,Karna temple,,http://commons.wikimedia.org/wiki/Special:FilePath/Karna%20Mandir%2C%20Group%20of%20Ancient%20Temples%2C%20Amarkantak.%20-%20panoramio%20%282%29.jpg?width=640,CC BY 3.0,Kailash Mohankar,,N-MP-251
Q97946271,Madhya Pradesh,22.671451,81.758747,Siva Temple,,,,,,,,,,http://commons.wikimedia.org/wiki/Special:FilePath/Shiva%20Temple%20Complex.JPG?width=640,,,,,,,Monument of National Importance,,"Shiva temples, Amarkantak",,http://commons.wikimedia.org/wiki/Special:FilePath/Shiva%20Temple%20Complex.JPG?width=640,,,,N-MP-252
Q97946274,Madhya Pradesh,22.671863,81.758579,Pataleswara Temple,,,,,,,,,,http://commons.wikimedia.org/wiki/Special:FilePath/0010422%20Pataleswar%20Temple%2C%20Group%20of%20Ancient%20Temples%20%28Kalachuri%20Group%29%2C%20Amarkantak%2C%20Madhya%20Pradesh%2001.jpg?width=640,,,,,,,Monument of National Importance,,"Pataleshwar Mahadev Temple, Amarkantak",,http://commons.wikimedia.org/wiki/Special:FilePath/0010422%20Pataleswar%20Temple%2C%20Group%20of%20Ancient%20Temples%20%28Kalachuri%20Group%29%2C%20Amarkantak%2C%20Madhya%20Pradesh%2001.jpg?width=640,CC0,Ms Sarah Welch,,N-MP-253
Q97946280,Madhya Pradesh,23.320467,81.358860,"Virateshwar temple, Sohagpur",,,,,,,,,,http://commons.wikimedia.org/wiki/Special:FilePath/0101022%20Virateshwar%20temple%2C%20Sohagpur%2C%20Madhya%20Pradesh%20003.jpg?width=640,,,,,,,Monument of National Importance,,Virateshwar temple,https://upload.wikimedia.org/wikipedia/commons/6/68/Virath_Temple_N-MP-255_Shahdol_MP_Kamlashanker_Vishvakarma.jpg,https://upload.wikimedia.org/wikipedia/commons/6/68/Virath_Temple_N-MP-255_Shahdol_MP_Kamlashanker_Vishvakarma.jpg,,,https://en.wikipedia.org/wiki/Virateshwar_temple,N-MP-255
Q97946301,Madhya Pradesh,23.918338,78.222529,Gadarmal temple,,,,,,,,,,http://commons.wikimedia.org/wiki/Special:FilePath/Gadarmal%20Temple%20Badoh.jpg?width=640,,,,,,,Monument of National Importance,,Gadarmal temple,,http://commons.wikimedia.org/wiki/Special:FilePath/Gadarmal%20Temple%20Badoh.jpg?width=640,CC BY-SA 4.0,Itsmalay~commonswiki,,N-MP-276
Q97946306,Madhya Pradesh,23.666389,78.111472,Athakamba Temple,,,,,,,,,,http://commons.wikimedia.org/wiki/Special:FilePath/0112521%20Athkhamba%20temple%2C%20Gyaraspur%2C%20Madhya%20Pradesh%20002.jpg?width=640,,,,,,,Monument of National Importance,,Athakamba Temple,,http://commons.wikimedia.org/wiki/Special:FilePath/0112521%20Athkhamba%20temple%2C%20Gyaraspur%2C%20Madhya%20Pradesh%20002.jpg?width=640,CC0,Ms Sarah Welch,,N-MP-279
Q97946308,Madhya Pradesh,23.662600,78.111719,"Bajramath Temple, Gyaraspur",,,,,,,,,,http://commons.wikimedia.org/wiki/Special:FilePath/Bajramath%20Temple%20Gyaraspur.jpg?width=640,,,,,,,Monument of National Importance,,Bajramath Temple,https://upload.wikimedia.org/wikipedia/commons/5/5f/Bajramath_Temple_Gyaraspur.jpg,https://upload.wikimedia.org/wikipedia/commons/5/5f/Bajramath_Temple_Gyaraspur.jpg,CC BY-SA 4.0,Itsmalay~commonswiki,https://en.wikipedia.org/wiki/Bajramath_Temple,N-MP-280
Q97946312,Madhya Pradesh,23.666904,78.115796,Hindola torana and Chaukhamba,,,,,,,,,,http://commons.wikimedia.org/wiki/Special:FilePath/Hindola%20Torana%20Gyaraspur.jpg?width=640,,,,,,,Monument of National Importance,,Hindola Torana,,http://commons.wikimedia.org/wiki/Special:FilePath/Hindola%20Torana%20Gyaraspur.jpg?width=640,CC BY-SA 4.0,Itsmalay~commonswiki,,N-MP-281
Q97946318,Madhya Pradesh,23.658863,78.113668,Maladevi Temple,,,,,,,,,,http://commons.wikimedia.org/wiki/Special:FilePath/MalaDevi%20Temple%20Gyaraspur%20N-MP-283%20%285%29.jpg?width=640,,,,,,,Monument of National Importance,,"Maladevi Temple, Gyaraspur",https://upload.wikimedia.org/wikipedia/commons/c/c3/Maladevi_Temple_Gyaraspur_facade.jpg,https://upload.wikimedia.org/wikipedia/commons/c/c3/Maladevi_Temple_Gyaraspur_facade.jpg,CC BY-SA 4.0,Itsmalay~commonswiki,https://en.wikipedia.org/wiki/Maladevi_Temple,N-MP-283
Q97946329,Madhya Pradesh,23.900833,78.057222,Udayaswara or Hilkanthanswara Mahadeva Temple,,,,,,,,,,http://commons.wikimedia.org/wiki/Special:FilePath/Local%20folk%20at%20Udayeshwara%20Temple%20Udayapur.jpg?width=640,,,,,,,Monument of National Importance,,Udayeshvara temple,,http://commons.wikimedia.org/wiki/Special:FilePath/Local%20folk%20at%20Udayeshwara%20Temple%20Udayapur.jpg?width=640,CC BY-SA 4.0,Itsmalay~commonswiki,,N-MP-289
Q97946657,Madhya Pradesh,22.326732,75.389976,Neelkantha (Nilkantheswar),,,,,,,,,,http://commons.wikimedia.org/wiki/Special:FilePath/Neelkantheshwar%20mahadev.jpg?width=640,Shiva,,,,,,Monument of National Importance,,,https://upload.wikimedia.org/wikipedia/commons/5/52/Neelkantheshwar_mahadev.jpg,https://upload.wikimedia.org/wikipedia/commons/5/52/Neelkantheshwar_mahadev.jpg,,,https://en.wikipedia.org/wiki/Nilkanth_temple_(Mandu),N-MP-99
Q97946694,Madhya Pradesh,26.029374,78.115037,Mahadeva temple,,,,,,,,,,http://commons.wikimedia.org/wiki/Special:FilePath/Amrol%2C%20Ramesvara-Mahdeva-Tempel%20%281999%29.jpg?width=640,,,,,,,Monument of National Importance,,"Mahadeva temple, Amrol",,http://commons.wikimedia.org/wiki/Special:FilePath/Amrol%2C%20Ramesvara-Mahdeva-Tempel%20%281999%29.jpg?width=640,Public domain,Arnold Betten,,N-MP-141
Q97946792,Madhya Pradesh,26.431361,78.201723,Garhi Padavali Temple,,,,,,,,,,http://commons.wikimedia.org/wiki/Special:FilePath/Gadhi%20Padawali%20pic%206.jpg?width=640,,,,,,,Monument of National Importance,,Garhi Padavali Temple,,http://commons.wikimedia.org/wiki/Special:FilePath/Gadhi%20Padawali%20pic%206.jpg?width=640,CC BY-SA 4.0,Monument hunter,,N-MP-181
Q97946795,Madhya Pradesh,26.338250,78.258694,Naresar Temples Complex,,,,,,,,,,http://commons.wikimedia.org/wiki/Special:FilePath/8th%20century%20Naresar%20temples%2C%20Madhya%20Pradesh%2005.jpg?width=640,,,,,,,Monument of National Importance,,Nareshwar Temple Complex,,http://commons.wikimedia.org/wiki/Special:FilePath/8th%20century%20Naresar%20temples%2C%20Madhya%20Pradesh%2005.jpg?width=640,CC0,Ms Sarah Welch,,N-MP-184
Q97946837,Madhya Pradesh,22.242265,76.150612,"Mamleshwara temple, Omkaleshwar",,,,,,,,,,http://commons.wikimedia.org/wiki/Special:FilePath/Mamleshwar%20Temple%2002.jpg?width=640,,,,,,,Monument of National Importance,,"Mamleshwar Temple, Omkareshwar",,http://commons.wikimedia.org/wiki/Special:FilePath/Mamleshwar%20Temple%2002.jpg?width=640,CC BY-SA 3.0,Bernard Gagnon,,N-MP-204
Q97946858,Madhya Pradesh,25.033989,77.955962,Large Siva Temple,,,,,,,,,,http://commons.wikimedia.org/wiki/Special:FilePath/Sindhiya%20Chatri.jpg?width=640,,,,,,,Monument of National Importance,,Large Siva Temple,,http://commons.wikimedia.org/wiki/Special:FilePath/Sindhiya%20Chatri.jpg?width=640,,,,N-MP-256
Q98801543,Maharashtra,18.508776,73.831880,St. Crispin's Home,,,,,,,,,,http://commons.wikimedia.org/wiki/Special:FilePath/St.%20Crispin%27s%20Church%20building%2C%20Pune.jpg?width=640,,,,,,,State Protected Monument; PMC Heritage Grade I,,St. Crispin's Home,,http://commons.wikimedia.org/wiki/Special:FilePath/St.%20Crispin%27s%20Church%20building%2C%20Pune.jpg?width=640,,,,S-MH-210
Q98871067,Gujarat,23.105667,70.028667,Bhadeshwar Temple,,,,,,,,,,http://commons.wikimedia.org/wiki/Special:FilePath/10th-century%20Bhandeshwar%20Mahadev%20temple%20complex%2C%20Anjar%20Kutchchh%20Gujarat%20125.jpg?width=640,,,,,,,State Protected Monument,,"Bhadeshvar Temple, Anjar",,http://commons.wikimedia.org/wiki/Special:FilePath/10th-century%20Bhandeshwar%20Mahadev%20temple%20complex%2C%20Anjar%20Kutchchh%20Gujarat%20125.jpg?width=640,CC0,Ms Sarah Welch,,S-GJ-45
Q98871072,Gujarat,23.257320,69.383632,Puareshwar Temple,,,,,,,,,,http://commons.wikimedia.org/wiki/Special:FilePath/Ruins%20of%20Punvareshwar%20Mahadev%20temple%20at%20Manjal%2C%20Kutch%2C%20Gujarat.jpg?width=640,,,,,,,State Protected Monument,,Puareshwar Temple,,http://commons.wikimedia.org/wiki/Special:FilePath/Ruins%20of%20Punvareshwar%20Mahadev%20temple%20at%20Manjal%2C%20Kutch%2C%20Gujarat.jpg?width=640,,,,S-GJ-49
Q98871193,Gujarat,22.288056,69.039722,Kalika Mata Temple,,,,,,,,,,http://commons.wikimedia.org/wiki/Special:FilePath/KALIKA%20MATA%20TEMPLE%201.JPG?width=640,,,,,,,State Protected Monument,,"Kalika Mata Temple, Dhrasan Vel",,http://commons.wikimedia.org/wiki/Special:FilePath/KALIKA%20MATA%20TEMPLE%201.JPG?width=640,CC BY-SA 4.0,DASHRATH,,S-GJ-83
Q98871204,Gujarat,21.879722,69.751389,Son Kansari,,,,,,,,,,http://commons.wikimedia.org/wiki/Special:FilePath/General%20view%20of%20ruined%20temples%20at%20Sonkansari%20pond%2C%20Ghumli%2C%20Saurashtra.jpg?width=640,,,,,,,State Protected Monument,,Son Kansari,,http://commons.wikimedia.org/wiki/Special:FilePath/General%20view%20of%20ruined%20temples%20at%20Sonkansari%20pond%2C%20Ghumli%2C%20Saurashtra.jpg?width=640,Public domain,"Burgess, James",,S-GJ-91
Q98871354,Gujarat,20.961389,70.612778,"Sun temple, Bhimdeval Prachi",,,,,,,,,,http://commons.wikimedia.org/wiki/Special:FilePath/9th-century%20Sun%20Temple%2C%20Bhimdeval%20Prachi%20Gujarat%20037.jpg?width=640,,,,,,,State Protected Monument,,"Surya Temple, Bhimdeval",,http://commons.wikimedia.org/wiki/Special:FilePath/9th-century%20Sun%20Temple%2C%20Bhimdeval%20Prachi%20Gujarat%20037.jpg?width=640,CC0,Ms Sarah Welch,,S-GJ-140
Q98871359,Gujarat,21.578611,69.675556,Surya Mandir No.1,,,,,,,,,,http://commons.wikimedia.org/wiki/Special:FilePath/Gorakhnath%20temple%20%28Odadar-porabandar%29.jpg?width=640,,,,,,,State Protected Monument,,,,http://commons.wikimedia.org/wiki/Special:FilePath/Gorakhnath%20temple%20%28Odadar-porabandar%29.jpg?width=640,CC BY-SA 3.0,Ashok modhvadia,,S-GJ-143
Q98871362,Gujarat,21.682222,69.535000,"Khimeshwar Mahadev Temple, Kuchhadi Porbandar",,,,,,,,,,http://commons.wikimedia.org/wiki/Special:FilePath/7th-century%20Khimeshwar%20Mahadev%20Temple%2C%20Kuchadi%20Porbandar%20Gujarat%20056.jpg?width=640,,,,,,,State Protected Monument,,"Khimeshwar Mahadev Temples, Kuchhadi Porbandar",,http://commons.wikimedia.org/wiki/Special:FilePath/7th-century%20Khimeshwar%20Mahadev%20Temple%2C%20Kuchadi%20Porbandar%20Gujarat%20056.jpg?width=640,CC0,Ms Sarah Welch,,S-GJ-145
Q98871367,Gujarat,21.728611,69.663611,Surya Mandir and Sapta Matrika Mandir,,,,,,,,,,http://commons.wikimedia.org/wiki/Special:FilePath/8th-century%20Surya%20temple%2C%20Boricha%20Gujarat%20010.jpg?width=640,,,,,,,State Protected Monument,,,,http://commons.wikimedia.org/wiki/Special:FilePath/8th-century%20Surya%20temple%2C%20Boricha%20Gujarat%20010.jpg?width=640,CC0,Ms Sarah Welch,,S-GJ-150
Q98871384,Gujarat,21.780000,69.786945,Bileshwar Mahadev Temple,,,,,,,,,,http://commons.wikimedia.org/wiki/Special:FilePath/7th-century%20Bilnath%20Mahadev%20Temple%2C%20Bileshwar%20Porbandar%20Gujarat%20055.jpg?width=640,,,,,,,State Protected Monument,,"Bilnath Mahadev Temple, Bileshwar",,http://commons.wikimedia.org/wiki/Special:FilePath/7th-century%20Bilnath%20Mahadev%20Temple%2C%20Bileshwar%20Porbandar%20Gujarat%20055.jpg?width=640,CC0,Ms Sarah Welch,,S-GJ-163
Q98871514,Gujarat,20.886111,70.411111,"Surya Mandir, Somnath",,,,,,,,,,http://commons.wikimedia.org/wiki/Special:FilePath/Adi%20Shankara%20with%20Kamnath%20Mahadeva%20and%20Surya%20temples%20near%20Somnath%20Gujarat%20India.jpg?width=640,,,,,,,State Protected Monument,,"Surya Mandir, Somnath",,http://commons.wikimedia.org/wiki/Special:FilePath/Adi%20Shankara%20with%20Kamnath%20Mahadeva%20and%20Surya%20temples%20near%20Somnath%20Gujarat%20India.jpg?width=640,CC BY-SA 4.0,TeshTesh,,S-GJ-196
Q98871651,Gujarat,23.321389,73.582500,Ancient Temple (Ghummatvalu Mandir),,,,,,,,,,http://commons.wikimedia.org/wiki/Special:FilePath/Restored%20Hindu%20Shrine%20at%20Kaleshwari%2C%20Gujarat%2C%20India.jpg?width=640,,,,,,,State Protected Monument,,Ghummatvalu Mandir,,http://commons.wikimedia.org/wiki/Special:FilePath/Restored%20Hindu%20Shrine%20at%20Kaleshwari%2C%20Gujarat%2C%20India.jpg?width=640,,,,S-GJ-237
Q98871655,Gujarat,23.321389,73.583055,Shikar Madhi,,,,,,,,,,http://commons.wikimedia.org/wiki/Special:FilePath/Shikari%20Madhi.jpg?width=640,,,,,,,State Protected Monument,,Shikar Madhi,,http://commons.wikimedia.org/wiki/Special:FilePath/Shikari%20Madhi.jpg?width=640,,,,S-GJ-240
Q98871657,Gujarat,23.321389,73.582500,Temple with stone  Inscription (Kaleshwari Mata Temple),,,,,,,,,,http://commons.wikimedia.org/wiki/Special:FilePath/Kaleshwari%20Mata%20Temple.jpg?width=640,,,,,,,State Protected Monument,,Kaleshwari Mata Temple,,http://commons.wikimedia.org/wiki/Special:FilePath/Kaleshwari%20Mata%20Temple.jpg?width=640,CC BY-SA 4.0,Gazal world,,S-GJ-241
Q98871814,Gujarat,21.764445,70.374445,Temples,,,,,,,,,,http://commons.wikimedia.org/wiki/Special:FilePath/Murali%20manohar%20temple%20supedi.jpg?width=640,,,,,,,State Protected Monument,,Murali Manohar Temple,,http://commons.wikimedia.org/wiki/Special:FilePath/Murali%20manohar%20temple%20supedi.jpg?width=640,CC BY-SA 4.0,Rahul sakariya,,S-GJ-304
Q98871826,Gujarat,22.303333,73.188333,Surya Narayan Temple,,,,,,,,,,http://commons.wikimedia.org/wiki/Special:FilePath/SURYA%20NARAYAN%20TEMPLE.jpg?width=640,,,,,,,State Protected Monument,,"Surya Narayan Temple, Vadodara",,http://commons.wikimedia.org/wiki/Special:FilePath/SURYA%20NARAYAN%20TEMPLE.jpg?width=640,,,,S-GJ-313
Q98872074,Gujarat,21.368417,69.880805,"Bhansara Group of Temples, Balej",,,,,,,,,,http://commons.wikimedia.org/wiki/Special:FilePath/6th%20to%207th%20century%20Bhanasara%20Group%20of%20Temples%2C%20Balej%20Gujarat%20218.jpg?width=640,,,,,,,State Protected Monument,,"Bhansara Group of Temples, Balej",,http://commons.wikimedia.org/wiki/Special:FilePath/6th%20to%207th%20century%20Bhanasara%20Group%20of%20Temples%2C%20Balej%20Gujarat%20218.jpg?width=640,CC0,Ms Sarah Welch,,S-GJ-155
Q98872138,Gujarat,21.256111,69.956111,Ancient Temple,,,,,,,,,,http://commons.wikimedia.org/wiki/Special:FilePath/Madhavrai%20tempale.jpg?width=640,,,,,,,State Protected Monument,,,,http://commons.wikimedia.org/wiki/Special:FilePath/Madhavrai%20tempale.jpg?width=640,CC BY-SA 4.0,Jaykishan Solanki,,S-GJ-156
Q98915098,Uttar Pradesh,27.882276,80.747355,Medhak Shiva Temple,,,,,,,,,,http://commons.wikimedia.org/wiki/Special:FilePath/Medhak%20shiv%20temple.jpg?width=640,Shiva,,,,,,State Protected Monument,,Frog Temple,,http://commons.wikimedia.org/wiki/Special:FilePath/Medhak%20shiv%20temple.jpg?width=640,CC BY-SA 4.0,Atul kumar verma,,S-UP-40
Q98928207,Madhya Pradesh,,,Digambar Jain Temple,,,,,,,,,,http://commons.wikimedia.org/wiki/Special:FilePath/Digambar%20Jain%20Temple%20Sagar.jpg?width=640,,,,,,,State Protected Monument,,"Jain temples, Sagar",,http://commons.wikimedia.org/wiki/Special:FilePath/Digambar%20Jain%20Temple%20Sagar.jpg?width=640,CC BY-SA 4.0,Vijay Tiwari09,,S-MP-207
Q98928401,Madhya Pradesh,,,Purana Mandir,,,,,,,,,,http://commons.wikimedia.org/wiki/Special:FilePath/Purana%20Mandir.jpg?width=640,,,,,,,State Protected Monument,,,,http://commons.wikimedia.org/wiki/Special:FilePath/Purana%20Mandir.jpg?width=640,,,,S-MP-278
Q98928422,Madhya Pradesh,27.673720,85.325100,Vishwanath Temple,,,,,,,,,,http://commons.wikimedia.org/wiki/Special:FilePath/Vishwnath%20temple%20umaria%20madhya%20pradesh.JPG?width=640,,,,,,,State Protected Monument,,,,http://commons.wikimedia.org/wiki/Special:FilePath/Vishwnath%20temple%20umaria%20madhya%20pradesh.JPG?width=640,,,,S-MP-311
